ID,Name,Type 1,Type 2,Abilities,HiddenAbility,Generation,Hp,Attack,Defense,SpecialAttack,SpecialDefense,Speed,TotalStats,Weight,Height,GenderProbM,Category,CatchRate,EggCycles,EggGroup,LevelingRate,BaseFriendship,IsLegendary,IsMythical,IsUltraBeast,HasMega,EvoStage,TotalEvoStages,PreevoName,DamageFromNormal,DamageFromFighting,DamageFromFlying,DamageFromPoison,DamageFromGround,DamageFromRock,DamageFromBug,DamageFromGhost,DamageFromSteel,DamageFromFire,DamageFromWater,DamageFromGrass,DamageFromElectric,DamageFromPsychic,DamageFromIce,DamageFromDragon,DamageFromDark,DamageFromFairy
1.0,Bulbasaur,Grass,Poison,['Overgrow'],['Chlorophyll'],I,45.0,49.0,49.0,65.0,65.0,45.0,318.0,6.9,0.7,0.875,Seed Pokémon,45.0,20.0,['Monster' 'Grass'],"Medium Slow
",70.0,0.0,0.0,0.0,0.0,1.0,3.0,No Preevolution,1.0,0.5,2.0,1.0,1.0,1.0,1.0,1.0,1.0,2.0,0.5,0.25,0.5,2.0,2.0,1.0,1.0,0.5
2.0,Ivysaur,Grass,Poison,['Overgrow'],['Chlorophyll'],I,60.0,62.0,63.0,80.0,80.0,60.0,405.0,13.0,1.0,0.875,Seed Pokémon,45.0,20.0,['Monster' 'Grass'],"Medium Slow
",70.0,0.0,0.0,0.0,0.0,2.0,3.0,Bulbasaur,1.0,0.5,2.0,1.0,1.0,1.0,1.0,1.0,1.0,2.0,0.5,0.25,0.5,2.0,2.0,1.0,1.0,0.5
3.0,Venusaur,Grass,Poison,['Overgrow'],['Chlorophyll'],I,80.0,82.0,83.0,100.0,100.0,80.0,625.0,100.0,2.0,0.875,Seed Pokémon,45.0,20.0,['Monster' 'Grass'],"Medium Slow
",70.0,0.0,0.0,0.0,1.0,3.0,3.0,Ivysaur,1.0,0.5,2.0,1.0,1.0,1.0,1.0,1.0,1.0,2.0,0.5,0.25,0.5,2.0,2.0,1.0,1.0,0.5
4.0,Mega Venusaur,Grass,Poison,,,,,,,,,,,,,,,,,,,,,,,,,,,,,,,,,,,,,,,,,,,,
5.0,Charmander,Fire,,['Blaze'],['Solar Power'],I,39.0,52.0,43.0,60.0,50.0,65.0,309.0,8.5,0.6,0.875,Lizard Pokémon,45.0,20.0,['Monster' 'Dragon'],"Medium Slow
",70.0,0.0,0.0,0.0,0.0,1.0,3.0,No Preevolution,1.0,1.0,1.0,1.0,2.0,2.0,0.5,1.0,0.5,0.5,2.0,0.5,1.0,1.0,0.5,1.0,1.0,0.5
6.0,Charmeleon,Fire,,['Blaze'],['Solar Power'],I,58.0,64.0,58.0,80.0,65.0,80.0,405.0,19.0,1.1,0.875,Flame Pokémon,45.0,20.0,['Monster' 'Dragon'],"Medium Slow
",70.0,0.0,0.0,0.0,0.0,2.0,3.0,Charmander,1.0,1.0,1.0,1.0,2.0,2.0,0.5,1.0,0.5,0.5,2.0,0.5,1.0,1.0,0.5,1.0,1.0,0.5
7.0,Charizard,Fire,Flying,['Blaze'],['Solar Power'],I,78.0,84.0,78.0,109.0,85.0,100.0,634.0,90.5,1.7,0.875,Flame Pokémon,45.0,20.0,['Monster' 'Dragon'],"Medium Slow
",70.0,0.0,0.0,0.0,1.0,3.0,3.0,Charmeleon,1.0,0.5,1.0,1.0,0.0,4.0,0.25,1.0,0.5,0.5,2.0,0.25,2.0,1.0,1.0,1.0,1.0,0.5
8.0,Mega Charizard X,Fire,Dragon,,,,,,,,,,,,,,,,,,,,,,,,,,,,,,,,,,,,,,,,,,,,
9.0,Mega Charizard Y,Fire,Flying,,,,,,,,,,,,,,,,,,,,,,,,,,,,,,,,,,,,,,,,,,,,
10.0,Squirtle,Water,,['Torrent'],['Rain Dish'],I,44.0,48.0,65.0,50.0,64.0,43.0,314.0,9.0,0.5,0.875,Tiny Turtle Pokémon,45.0,20.0,['Monster' 'Water 1'],"Medium Slow
",70.0,0.0,0.0,0.0,0.0,1.0,3.0,No Preevolution,1.0,1.0,1.0,1.0,1.0,1.0,1.0,1.0,0.5,0.5,0.5,2.0,2.0,1.0,0.5,1.0,1.0,1.0
11.0,Wartortle,Water,,['Torrent'],['Rain Dish'],I,59.0,63.0,80.0,65.0,80.0,58.0,405.0,22.5,1.0,0.875,Turtle Pokémon,45.0,20.0,['Monster' 'Water 1'],"Medium Slow
",70.0,0.0,0.0,0.0,0.0,2.0,3.0,Squirtle,1.0,1.0,1.0,1.0,1.0,1.0,1.0,1.0,0.5,0.5,0.5,2.0,2.0,1.0,0.5,1.0,1.0,1.0
12.0,Blastoise,Water,,['Torrent'],['Rain Dish'],I,79.0,83.0,100.0,85.0,105.0,78.0,630.0,85.5,1.6,0.875,Shellfish Pokémon,45.0,20.0,['Monster' 'Water 1'],"Medium Slow
",70.0,0.0,0.0,0.0,1.0,3.0,3.0,Wartortle,1.0,1.0,1.0,1.0,1.0,1.0,1.0,1.0,0.5,0.5,0.5,2.0,2.0,1.0,0.5,1.0,1.0,1.0
13.0,Mega Blastoise,Water,,,,,,,,,,,,,,,,,,,,,,,,,,,,,,,,,,,,,,,,,,,,,
14.0,Caterpie,Bug,,['Shield Dust'],['Run Away'],I,45.0,30.0,35.0,20.0,20.0,45.0,195.0,2.9,0.3,0.5,Worm Pokémon,255.0,15.0,['Bug'],"Medium Fast
",70.0,0.0,0.0,0.0,0.0,1.0,3.0,No Preevolution,1.0,0.5,2.0,1.0,0.5,2.0,1.0,1.0,1.0,2.0,1.0,0.5,1.0,1.0,1.0,1.0,1.0,1.0
15.0,Metapod,Bug,,['Shed Skin'],[],I,50.0,20.0,55.0,25.0,25.0,30.0,205.0,9.9,0.7,0.5,Cocoon Pokémon,120.0,15.0,['Bug'],"Medium Fast
",70.0,0.0,0.0,0.0,0.0,2.0,3.0,Caterpie,1.0,0.5,2.0,1.0,0.5,2.0,1.0,1.0,1.0,2.0,1.0,0.5,1.0,1.0,1.0,1.0,1.0,1.0
16.0,Butterfree,Bug,Flying,['Compound Eyes'],['Tinted Lens'],I,60.0,45.0,50.0,90.0,80.0,70.0,395.0,32.0,1.1,0.5,Butterfly Pokémon,45.0,15.0,['Bug'],"Medium Fast
",70.0,0.0,0.0,0.0,0.0,3.0,3.0,Metapod,1.0,0.25,2.0,1.0,0.0,4.0,0.5,1.0,1.0,2.0,1.0,0.25,2.0,1.0,2.0,1.0,1.0,1.0
17.0,Weedle,Bug,Poison,['Shield Dust'],['Run Away'],I,40.0,35.0,30.0,20.0,20.0,50.0,195.0,3.2,0.3,0.5,Hairy Bug Pokémon,255.0,15.0,['Bug'],"Medium Fast
",70.0,0.0,0.0,0.0,0.0,1.0,3.0,No Preevolution,1.0,0.25,2.0,0.5,1.0,2.0,0.5,1.0,1.0,2.0,1.0,0.25,1.0,2.0,1.0,1.0,1.0,0.5
18.0,Kakuna,Bug,Poison,['Shed Skin'],[],I,45.0,25.0,50.0,25.0,25.0,35.0,205.0,10.0,0.6,0.5,Cocoon Pokémon,120.0,15.0,['Bug'],"Medium Fast
",70.0,0.0,0.0,0.0,0.0,2.0,3.0,Weedle,1.0,0.25,2.0,0.5,1.0,2.0,0.5,1.0,1.0,2.0,1.0,0.25,1.0,2.0,1.0,1.0,1.0,0.5
19.0,Beedrill,Bug,Poison,['Swarm'],['Sniper'],I,65.0,90.0,40.0,45.0,80.0,75.0,495.0,29.5,1.0,0.5,Poison Bee Pokémon,45.0,15.0,['Bug'],"Medium Fast
",70.0,0.0,0.0,0.0,1.0,3.0,3.0,Kakuna,1.0,0.25,2.0,0.5,1.0,2.0,0.5,1.0,1.0,2.0,1.0,0.25,1.0,2.0,1.0,1.0,1.0,0.5
20.0,Mega Beedrill,Bug,Poison,,,,,,,,,,,,,,,,,,,,,,,,,,,,,,,,,,,,,,,,,,,,
21.0,Pidgey,Normal,Flying,"['Keen Eye', 'Tangled Feet']",['Big Pecks'],I,40.0,45.0,40.0,35.0,35.0,56.0,251.0,1.8,0.3,0.5,Tiny Bird Pokémon,255.0,15.0,['Flying'],"Medium Slow
",70.0,0.0,0.0,0.0,0.0,1.0,3.0,No Preevolution,1.0,1.0,1.0,1.0,0.0,2.0,0.5,0.0,1.0,1.0,1.0,0.5,2.0,1.0,2.0,1.0,1.0,1.0
22.0,Pidgeotto,Normal,Flying,"['Keen Eye', 'Tangled Feet']",['Big Pecks'],I,63.0,60.0,55.0,50.0,50.0,71.0,349.0,30.0,1.1,0.5,Bird Pokémon,120.0,15.0,['Flying'],"Medium Slow
",70.0,0.0,0.0,0.0,0.0,2.0,3.0,Pidgey,1.0,1.0,1.0,1.0,0.0,2.0,0.5,0.0,1.0,1.0,1.0,0.5,2.0,1.0,2.0,1.0,1.0,1.0
23.0,Pidgeot,Normal,Flying,"['Keen Eye', 'Tangled Feet']",['Big Pecks'],I,83.0,80.0,75.0,70.0,70.0,101.0,579.0,39.5,1.5,0.5,Bird Pokémon,45.0,15.0,['Flying'],"Medium Slow
",70.0,0.0,0.0,0.0,1.0,3.0,3.0,Pidgeotto,1.0,1.0,1.0,1.0,0.0,2.0,0.5,0.0,1.0,1.0,1.0,0.5,2.0,1.0,2.0,1.0,1.0,1.0
24.0,Mega Pidgeot,Normal,Flying,,,,,,,,,,,,,,,,,,,,,,,,,,,,,,,,,,,,,,,,,,,,
25.0,Rattata,Normal,,"['Run Away', 'Guts']",['Hustle'],I,30.0,56.0,35.0,25.0,35.0,72.0,253.0,3.5,0.3,0.5,Mouse Pokémon,255.0,15.0,['Field'],"Medium Fast
",70.0,0.0,0.0,0.0,0.0,1.0,2.0,No Preevolution,1.0,2.0,1.0,1.0,1.0,1.0,1.0,0.0,1.0,1.0,1.0,1.0,1.0,1.0,1.0,1.0,1.0,1.0
26.0,Raticate,Normal,,"['Run Away', 'Guts']",['Hustle'],I,55.0,81.0,60.0,50.0,70.0,97.0,413.0,18.5,0.7,0.5,Mouse Pokémon,127.0,15.0,['Field'],"Medium Fast
",70.0,0.0,0.0,0.0,0.0,2.0,2.0,Rattata,1.0,2.0,1.0,1.0,1.0,1.0,1.0,0.0,1.0,1.0,1.0,1.0,1.0,1.0,1.0,1.0,1.0,1.0
27.0,Spearow,Normal,Flying,['Keen Eye'],['Sniper'],I,40.0,60.0,30.0,31.0,31.0,70.0,262.0,2.0,0.3,0.5,Tiny Bird Pokémon,255.0,15.0,['Flying'],"Medium Fast
",70.0,0.0,0.0,0.0,0.0,1.0,2.0,No Preevolution,1.0,1.0,1.0,1.0,0.0,2.0,0.5,0.0,1.0,1.0,1.0,0.5,2.0,1.0,2.0,1.0,1.0,1.0
28.0,Fearow,Normal,Flying,['Keen Eye'],['Sniper'],I,65.0,90.0,65.0,61.0,61.0,100.0,442.0,38.0,1.2,0.5,Beak Pokémon,90.0,15.0,['Flying'],"Medium Fast
",70.0,0.0,0.0,0.0,0.0,2.0,2.0,Spearow,1.0,1.0,1.0,1.0,0.0,2.0,0.5,0.0,1.0,1.0,1.0,0.5,2.0,1.0,2.0,1.0,1.0,1.0
29.0,Ekans,Poison,,"['Intimidate', 'Shed Skin']",['Unnerve'],I,35.0,60.0,44.0,40.0,54.0,55.0,288.0,6.9,2.0,0.5,Snake Pokémon,255.0,20.0,['Field' 'Dragon'],"Medium Fast
",70.0,0.0,0.0,0.0,0.0,1.0,2.0,No Preevolution,1.0,0.5,1.0,0.5,2.0,1.0,0.5,1.0,1.0,1.0,1.0,0.5,1.0,2.0,1.0,1.0,1.0,0.5
30.0,Arbok,Poison,,"['Intimidate', 'Shed Skin']",['Unnerve'],I,60.0,95.0,69.0,65.0,79.0,80.0,448.0,65.0,3.5,0.5,Cobra Pokémon,90.0,20.0,['Field' 'Dragon'],"Medium Fast
",70.0,0.0,0.0,0.0,0.0,2.0,2.0,Ekans,1.0,0.5,1.0,0.5,2.0,1.0,0.5,1.0,1.0,1.0,1.0,0.5,1.0,2.0,1.0,1.0,1.0,0.5
31.0,Pikachu,Electric,,['Static'],['Lightning Rod'],I,35.0,55.0,40.0,50.0,50.0,90.0,430.0,6.0,0.4,0.5,Mouse Pokémon,190.0,10.0,['Field' 'Fairy'],"Medium Fast
",70.0,0.0,0.0,0.0,0.0,2.0,3.0,Pichu,1.0,1.0,0.5,1.0,2.0,1.0,1.0,1.0,0.5,1.0,1.0,1.0,0.5,1.0,1.0,1.0,1.0,1.0
32.0,Raichu,Electric,,['Static'],['Lightning Rod'],I,60.0,90.0,55.0,90.0,80.0,110.0,485.0,30.0,0.8,0.5,Mouse Pokémon,75.0,10.0,['Field' 'Fairy'],"Medium Fast
",70.0,0.0,0.0,0.0,0.0,3.0,3.0,Pikachu,1.0,1.0,0.5,1.0,2.0,1.0,1.0,1.0,0.5,1.0,1.0,1.0,0.5,1.0,1.0,1.0,1.0,1.0
33.0,Sandshrew,Ground,,['Sand Veil'],['Sand Rush'],I,50.0,75.0,85.0,20.0,30.0,40.0,300.0,12.0,0.6,0.5,Mouse Pokémon,255.0,20.0,['Field'],"Medium Fast
",70.0,0.0,0.0,0.0,0.0,1.0,2.0,No Preevolution,1.0,1.0,1.0,0.5,1.0,0.5,1.0,1.0,1.0,1.0,2.0,2.0,0.0,1.0,2.0,1.0,1.0,1.0
34.0,Sandslash,Ground,,['Sand Veil'],['Sand Rush'],I,75.0,100.0,110.0,45.0,55.0,65.0,450.0,29.5,1.0,0.5,Mouse Pokémon,90.0,20.0,['Field'],"Medium Fast
",70.0,0.0,0.0,0.0,0.0,2.0,2.0,Sandshrew,1.0,1.0,1.0,0.5,1.0,0.5,1.0,1.0,1.0,1.0,2.0,2.0,0.0,1.0,2.0,1.0,1.0,1.0
35.0,Nidoran♀,Poison,,"['Poison Point', 'Rivalry']",['Hustle'],I,55.0,47.0,52.0,40.0,40.0,41.0,275.0,7.0,0.4,0.0,Poison Pin Pokémon,235.0,20.0,['Monster' 'Field'],"Medium Slow
",70.0,0.0,0.0,0.0,0.0,1.0,3.0,No Preevolution,1.0,0.5,1.0,0.5,2.0,1.0,0.5,1.0,1.0,1.0,1.0,0.5,1.0,2.0,1.0,1.0,1.0,0.5
36.0,Nidorina,Poison,,"['Poison Point', 'Rivalry']",['Hustle'],I,70.0,62.0,67.0,55.0,55.0,56.0,365.0,20.0,0.8,0.0,Poison Pin Pokémon,120.0,20.0,-,"Medium Slow
",70.0,0.0,0.0,0.0,0.0,2.0,3.0,Nidoran♀,1.0,0.5,1.0,0.5,2.0,1.0,0.5,1.0,1.0,1.0,1.0,0.5,1.0,2.0,1.0,1.0,1.0,0.5
37.0,Nidoqueen,Poison,Ground,"['Poison Point', 'Rivalry']",['Sheer Force'],I,90.0,92.0,87.0,75.0,85.0,76.0,505.0,60.0,1.3,0.0,Drill Pokémon,45.0,20.0,-,"Medium Slow
",70.0,0.0,0.0,0.0,0.0,3.0,3.0,Nidorina,1.0,0.5,1.0,0.25,2.0,0.5,0.5,1.0,1.0,1.0,2.0,1.0,0.0,2.0,2.0,1.0,1.0,0.5
38.0,Nidoran♂,Poison,,"['Poison Point', 'Rivalry']",['Hustle'],I,46.0,57.0,40.0,40.0,40.0,50.0,273.0,9.0,0.5,1.0,Poison Pin Pokémon,235.0,20.0,['Monster' 'Field'],"Medium Slow
",70.0,0.0,0.0,0.0,0.0,1.0,3.0,No Preevolution,1.0,0.5,1.0,0.5,2.0,1.0,0.5,1.0,1.0,1.0,1.0,0.5,1.0,2.0,1.0,1.0,1.0,0.5
39.0,Nidorino,Poison,,"['Poison Point', 'Rivalry']",['Hustle'],I,61.0,72.0,57.0,55.0,55.0,65.0,365.0,19.5,0.9,1.0,Poison Pin Pokémon,120.0,20.0,['Monster' 'Field'],"Medium Slow
",70.0,0.0,0.0,0.0,0.0,2.0,3.0,Nidoran♂,1.0,0.5,1.0,0.5,2.0,1.0,0.5,1.0,1.0,1.0,1.0,0.5,1.0,2.0,1.0,1.0,1.0,0.5
40.0,Nidoking,Poison,Ground,"['Poison Point', 'Rivalry']",['Sheer Force'],I,81.0,102.0,77.0,85.0,75.0,85.0,505.0,62.0,1.4,1.0,Drill Pokémon,45.0,20.0,['Monster' 'Field'],"Medium Slow
",70.0,0.0,0.0,0.0,0.0,3.0,3.0,Nidorino,1.0,0.5,1.0,0.25,2.0,0.5,0.5,1.0,1.0,1.0,2.0,1.0,0.0,2.0,2.0,1.0,1.0,0.5
41.0,Clefairy,Fairy,,"['Cute Charm', 'Magic Guard']",['Friend Guard'],I,70.0,45.0,48.0,60.0,65.0,35.0,323.0,7.5,0.6,0.25,Fairy Pokémon,150.0,10.0,['Fairy'],"Fast
",140.0,0.0,0.0,0.0,0.0,2.0,3.0,Cleffa,1.0,0.5,1.0,2.0,1.0,1.0,0.5,1.0,2.0,1.0,1.0,1.0,1.0,1.0,1.0,0.0,0.5,1.0
42.0,Clefable,Fairy,,"['Cute Charm', 'Magic Guard']",['Unaware'],I,95.0,70.0,73.0,95.0,90.0,60.0,483.0,40.0,1.3,0.25,Fairy Pokémon,25.0,10.0,['Fairy'],"Fast
",140.0,0.0,0.0,0.0,0.0,3.0,3.0,Clefairy,1.0,0.5,1.0,2.0,1.0,1.0,0.5,1.0,2.0,1.0,1.0,1.0,1.0,1.0,1.0,0.0,0.5,1.0
43.0,Vulpix,Fire,,['Flash Fire'],['Drought'],I,38.0,41.0,40.0,50.0,65.0,65.0,299.0,9.9,0.6,0.25,Fox Pokémon,190.0,20.0,['Field'],"Medium Fast
",70.0,0.0,0.0,0.0,0.0,1.0,2.0,No Preevolution,1.0,1.0,1.0,1.0,2.0,2.0,0.5,1.0,0.5,0.5,2.0,0.5,1.0,1.0,0.5,1.0,1.0,0.5
44.0,Ninetales,Fire,,['Flash Fire'],['Drought'],I,73.0,76.0,75.0,81.0,100.0,100.0,505.0,19.9,1.1,0.25,Fox Pokémon,75.0,20.0,['Field'],"Medium Fast
",70.0,0.0,0.0,0.0,0.0,2.0,2.0,Vulpix,1.0,1.0,1.0,1.0,2.0,2.0,0.5,1.0,0.5,0.5,2.0,0.5,1.0,1.0,0.5,1.0,1.0,0.5
45.0,Jigglypuff,Normal,Fairy,"['Cute Charm', 'Competitive']",['Friend Guard'],I,115.0,45.0,20.0,45.0,25.0,20.0,270.0,5.5,0.5,0.25,Balloon Pokémon,170.0,10.0,['Fairy'],"Fast
",70.0,0.0,0.0,0.0,0.0,2.0,3.0,Igglybuff,1.0,1.0,1.0,2.0,1.0,1.0,0.5,0.0,2.0,1.0,1.0,1.0,1.0,1.0,1.0,0.0,0.5,1.0
46.0,Wigglytuff,Normal,Fairy,"['Cute Charm', 'Competitive']",['Frisk'],I,140.0,70.0,45.0,85.0,50.0,45.0,435.0,12.0,1.0,0.25,Balloon Pokémon,50.0,10.0,['Fairy'],"Fast
",70.0,0.0,0.0,0.0,0.0,3.0,3.0,Jigglypuff,1.0,1.0,1.0,2.0,1.0,1.0,0.5,0.0,2.0,1.0,1.0,1.0,1.0,1.0,1.0,0.0,0.5,1.0
47.0,Zubat,Poison,Flying,['Inner Focus'],['Infiltrator'],I,40.0,45.0,35.0,30.0,40.0,55.0,245.0,7.5,0.8,0.5,Bat Pokémon,255.0,15.0,['Flying'],"Medium Fast
",70.0,0.0,0.0,0.0,0.0,1.0,3.0,No Preevolution,1.0,0.25,1.0,0.5,0.0,2.0,0.25,1.0,1.0,1.0,1.0,0.25,2.0,2.0,2.0,1.0,1.0,0.5
48.0,Golbat,Poison,Flying,['Inner Focus'],['Infiltrator'],I,75.0,80.0,70.0,65.0,75.0,90.0,455.0,55.0,1.6,0.5,Bat Pokémon,90.0,15.0,['Flying'],"Medium Fast
",70.0,0.0,0.0,0.0,0.0,2.0,3.0,Zubat,1.0,0.25,1.0,0.5,0.0,2.0,0.25,1.0,1.0,1.0,1.0,0.25,2.0,2.0,2.0,1.0,1.0,0.5
49.0,Oddish,Grass,Poison,['Chlorophyll'],['Run Away'],I,45.0,50.0,55.0,75.0,65.0,30.0,320.0,5.4,0.5,0.5,Weed Pokémon,255.0,20.0,['Grass'],"Medium Slow
",70.0,0.0,0.0,0.0,0.0,1.0,3.0,No Preevolution,1.0,0.5,2.0,1.0,1.0,1.0,1.0,1.0,1.0,2.0,0.5,0.25,0.5,2.0,2.0,1.0,1.0,0.5
50.0,Gloom,Grass,Poison,['Chlorophyll'],['Stench'],I,60.0,65.0,70.0,85.0,75.0,40.0,395.0,8.6,0.8,0.5,Weed Pokémon,120.0,20.0,['Grass'],"Medium Slow
",70.0,0.0,0.0,0.0,0.0,2.0,3.0,Oddish,1.0,0.5,2.0,1.0,1.0,1.0,1.0,1.0,1.0,2.0,0.5,0.25,0.5,2.0,2.0,1.0,1.0,0.5
51.0,Vileplume,Grass,Poison,['Chlorophyll'],['Effect Spore'],I,75.0,80.0,85.0,110.0,90.0,50.0,490.0,18.6,1.2,0.5,Flower Pokémon,45.0,20.0,['Grass'],"Medium Slow
",70.0,0.0,0.0,0.0,0.0,3.0,3.0,Gloom,1.0,0.5,2.0,1.0,1.0,1.0,1.0,1.0,1.0,2.0,0.5,0.25,0.5,2.0,2.0,1.0,1.0,0.5
52.0,Paras,Bug,Grass,"['Effect Spore', 'Dry Skin']",['Damp'],I,35.0,70.0,55.0,45.0,55.0,25.0,285.0,5.4,0.3,0.5,Mushroom Pokémon,190.0,20.0,['Bug' 'Grass'],"Medium Fast
",70.0,0.0,0.0,0.0,0.0,1.0,2.0,No Preevolution,1.0,0.5,4.0,2.0,0.25,2.0,2.0,1.0,1.0,4.0,0.5,0.25,0.5,1.0,2.0,1.0,1.0,1.0
53.0,Parasect,Bug,Grass,"['Effect Spore', 'Dry Skin']",['Damp'],I,60.0,95.0,80.0,60.0,80.0,30.0,405.0,29.5,1.0,0.5,Mushroom Pokémon,75.0,20.0,['Bug' 'Grass'],"Medium Fast
",70.0,0.0,0.0,0.0,0.0,2.0,2.0,Paras,1.0,0.5,4.0,2.0,0.25,2.0,2.0,1.0,1.0,4.0,0.5,0.25,0.5,1.0,2.0,1.0,1.0,1.0
54.0,Venonat,Bug,Poison,"['Compound Eyes', 'Tinted Lens']",['Run Away'],I,60.0,55.0,50.0,40.0,55.0,45.0,305.0,30.0,1.0,0.5,Insect Pokémon,190.0,20.0,['Bug'],"Medium Fast
",70.0,0.0,0.0,0.0,0.0,1.0,2.0,No Preevolution,1.0,0.25,2.0,0.5,1.0,2.0,0.5,1.0,1.0,2.0,1.0,0.25,1.0,2.0,1.0,1.0,1.0,0.5
55.0,Venomoth,Bug,Poison,"['Shield Dust', 'Tinted Lens']",['Wonder Skin'],I,70.0,65.0,60.0,90.0,75.0,90.0,450.0,12.5,1.5,0.5,Poison Moth Pokémon,75.0,20.0,['Bug'],"Medium Fast
",70.0,0.0,0.0,0.0,0.0,2.0,2.0,Venonat,1.0,0.25,2.0,0.5,1.0,2.0,0.5,1.0,1.0,2.0,1.0,0.25,1.0,2.0,1.0,1.0,1.0,0.5
56.0,Diglett,Ground,,"['Sand Veil', 'Arena Trap']",['Sand Force'],I,10.0,55.0,25.0,35.0,45.0,95.0,265.0,0.8,0.2,0.5,Mole Pokémon,255.0,20.0,['Field'],"Medium Fast
",70.0,0.0,0.0,0.0,0.0,1.0,2.0,No Preevolution,1.0,1.0,1.0,0.5,1.0,0.5,1.0,1.0,1.0,1.0,2.0,2.0,0.0,1.0,2.0,1.0,1.0,1.0
57.0,Dugtrio,Ground,,"['Sand Veil', 'Arena Trap']",['Sand Force'],I,35.0,100.0,50.0,50.0,70.0,120.0,425.0,33.3,0.7,0.5,Mole Pokémon,50.0,20.0,['Field'],"Medium Fast
",70.0,0.0,0.0,0.0,0.0,2.0,2.0,Diglett,1.0,1.0,1.0,0.5,1.0,0.5,1.0,1.0,1.0,1.0,2.0,2.0,0.0,1.0,2.0,1.0,1.0,1.0
58.0,Meowth,Normal,,"['Pickup', 'Technician']",['Unnerve'],I,40.0,45.0,35.0,40.0,40.0,90.0,290.0,4.2,0.4,0.5,Scratch Cat Pokémon,255.0,20.0,['Field'],"Medium Fast
",70.0,0.0,0.0,0.0,0.0,1.0,2.0,No Preevolution,1.0,2.0,1.0,1.0,1.0,1.0,1.0,0.0,1.0,1.0,1.0,1.0,1.0,1.0,1.0,1.0,1.0,1.0
59.0,Persian,Normal,,"['Limber', 'Technician']",['Unnerve'],I,65.0,70.0,60.0,65.0,65.0,115.0,440.0,32.0,1.0,0.5,Classy Cat Pokémon,90.0,20.0,['Field'],"Medium Fast
",70.0,0.0,0.0,0.0,0.0,2.0,2.0,Meowth,1.0,2.0,1.0,1.0,1.0,1.0,1.0,0.0,1.0,1.0,1.0,1.0,1.0,1.0,1.0,1.0,1.0,1.0
60.0,Psyduck,Water,,"['Damp', 'Cloud Nine']",['Swift Swim'],I,50.0,52.0,48.0,65.0,50.0,55.0,320.0,19.6,0.8,0.5,Duck Pokémon,190.0,20.0,['Water 1' 'Field'],"Medium Fast
",70.0,0.0,0.0,0.0,0.0,1.0,2.0,No Preevolution,1.0,1.0,1.0,1.0,1.0,1.0,1.0,1.0,0.5,0.5,0.5,2.0,2.0,1.0,0.5,1.0,1.0,1.0
61.0,Golduck,Water,,"['Damp', 'Cloud Nine']",['Swift Swim'],I,80.0,82.0,78.0,95.0,80.0,85.0,500.0,76.6,1.7,0.5,Duck Pokémon,75.0,20.0,['Water 1' 'Field'],"Medium Fast
",70.0,0.0,0.0,0.0,0.0,2.0,2.0,Psyduck,1.0,1.0,1.0,1.0,1.0,1.0,1.0,1.0,0.5,0.5,0.5,2.0,2.0,1.0,0.5,1.0,1.0,1.0
62.0,Mankey,Fighting,,"['Vital Spirit', 'Anger Point']",['Defiant'],I,40.0,80.0,35.0,35.0,45.0,70.0,305.0,28.0,0.5,0.5,Pig Monkey Pokémon,190.0,20.0,['Field'],"Medium Fast
",70.0,0.0,0.0,0.0,0.0,1.0,3.0,No Preevolution,1.0,1.0,2.0,1.0,1.0,0.5,0.5,1.0,1.0,1.0,1.0,1.0,1.0,2.0,1.0,1.0,0.5,2.0
63.0,Primeape,Fighting,,"['Vital Spirit', 'Anger Point']",['Defiant'],I,65.0,105.0,60.0,60.0,70.0,95.0,455.0,32.0,1.0,0.5,Pig Monkey Pokémon,75.0,20.0,['Field'],"Medium Fast
",70.0,0.0,0.0,0.0,0.0,2.0,3.0,Mankey,1.0,1.0,2.0,1.0,1.0,0.5,0.5,1.0,1.0,1.0,1.0,1.0,1.0,2.0,1.0,1.0,0.5,2.0
64.0,Growlithe,Fire,,"['Intimidate', 'Flash Fire']",['Justified'],I,55.0,70.0,45.0,70.0,50.0,60.0,350.0,19.0,0.7,0.75,Puppy Pokémon,190.0,20.0,['Field'],"Slow
",70.0,0.0,0.0,0.0,0.0,1.0,2.0,No Preevolution,1.0,1.0,1.0,1.0,2.0,2.0,0.5,1.0,0.5,0.5,2.0,0.5,1.0,1.0,0.5,1.0,1.0,0.5
65.0,Arcanine,Fire,,"['Intimidate', 'Flash Fire']",['Justified'],I,90.0,110.0,80.0,100.0,80.0,95.0,555.0,155.0,1.9,0.75,Legendary Pokémon,75.0,20.0,['Field'],"Slow
",70.0,0.0,0.0,0.0,0.0,2.0,2.0,Growlithe,1.0,1.0,1.0,1.0,2.0,2.0,0.5,1.0,0.5,0.5,2.0,0.5,1.0,1.0,0.5,1.0,1.0,0.5
66.0,Poliwag,Water,,"['Water Absorb', 'Damp']",['Swift Swim'],I,40.0,50.0,40.0,40.0,40.0,90.0,300.0,12.4,0.6,0.5,Tadpole Pokémon,255.0,20.0,['Water 1'],"Medium Slow
",70.0,0.0,0.0,0.0,0.0,1.0,3.0,No Preevolution,1.0,1.0,1.0,1.0,1.0,1.0,1.0,1.0,0.5,0.5,0.5,2.0,2.0,1.0,0.5,1.0,1.0,1.0
67.0,Poliwhirl,Water,,"['Water Absorb', 'Damp']",['Swift Swim'],I,65.0,65.0,65.0,50.0,50.0,90.0,385.0,20.0,1.0,0.5,Tadpole Pokémon,120.0,20.0,['Water 1'],"Medium Slow
",70.0,0.0,0.0,0.0,0.0,2.0,3.0,Poliwag,1.0,1.0,1.0,1.0,1.0,1.0,1.0,1.0,0.5,0.5,0.5,2.0,2.0,1.0,0.5,1.0,1.0,1.0
68.0,Poliwrath,Water,Fighting,"['Water Absorb', 'Damp']",['Swift Swim'],I,90.0,95.0,95.0,70.0,90.0,70.0,510.0,54.0,1.3,0.5,Tadpole Pokémon,45.0,20.0,['Water 1'],"Medium Slow
",70.0,0.0,0.0,0.0,0.0,3.0,3.0,Poliwhirl,1.0,1.0,2.0,1.0,1.0,0.5,0.5,1.0,0.5,0.5,0.5,2.0,2.0,2.0,0.5,1.0,0.5,2.0
69.0,Abra,Psychic,,"['Synchronize', 'Inner Focus']",['Magic Guard'],I,25.0,20.0,15.0,105.0,55.0,90.0,310.0,19.5,0.9,0.75,Psi Pokémon,200.0,20.0,['Human-Like'],"Medium Slow
",70.0,0.0,0.0,0.0,0.0,1.0,3.0,No Preevolution,1.0,0.5,1.0,1.0,1.0,1.0,2.0,2.0,1.0,1.0,1.0,1.0,1.0,0.5,1.0,1.0,2.0,1.0
70.0,Kadabra,Psychic,,"['Synchronize', 'Inner Focus']",['Magic Guard'],I,40.0,35.0,30.0,120.0,70.0,105.0,400.0,56.5,1.3,0.75,Psi Pokémon,100.0,20.0,['Human-Like'],"Medium Slow
",70.0,0.0,0.0,0.0,0.0,2.0,3.0,Abra,1.0,0.5,1.0,1.0,1.0,1.0,2.0,2.0,1.0,1.0,1.0,1.0,1.0,0.5,1.0,1.0,2.0,1.0
71.0,Alakazam,Psychic,,"['Synchronize', 'Inner Focus']",['Magic Guard'],I,55.0,50.0,45.0,135.0,95.0,120.0,600.0,48.0,1.5,0.75,Psi Pokémon,50.0,20.0,['Human-Like'],"Medium Slow
",70.0,0.0,0.0,0.0,1.0,3.0,3.0,Kadabra,1.0,0.5,1.0,1.0,1.0,1.0,2.0,2.0,1.0,1.0,1.0,1.0,1.0,0.5,1.0,1.0,2.0,1.0
72.0,Mega Alakazam,Psychic,,,,,,,,,,,,,,,,,,,,,,,,,,,,,,,,,,,,,,,,,,,,,
73.0,Machop,Fighting,,"['Guts', 'No Guard']",['Steadfast'],I,70.0,80.0,50.0,35.0,35.0,35.0,305.0,19.5,0.8,0.75,Superpower Pokémon,180.0,20.0,['Human-Like'],"Medium Slow
",70.0,0.0,0.0,0.0,0.0,1.0,3.0,No Preevolution,1.0,1.0,2.0,1.0,1.0,0.5,0.5,1.0,1.0,1.0,1.0,1.0,1.0,2.0,1.0,1.0,0.5,2.0
74.0,Machoke,Fighting,,"['Guts', 'No Guard']",['Steadfast'],I,80.0,100.0,70.0,50.0,60.0,45.0,405.0,70.5,1.5,0.75,Superpower Pokémon,90.0,20.0,['Human-Like'],"Medium Slow
",70.0,0.0,0.0,0.0,0.0,2.0,3.0,Machop,1.0,1.0,2.0,1.0,1.0,0.5,0.5,1.0,1.0,1.0,1.0,1.0,1.0,2.0,1.0,1.0,0.5,2.0
75.0,Machamp,Fighting,,"['Guts', 'No Guard']",['Steadfast'],I,90.0,130.0,80.0,65.0,85.0,55.0,505.0,130.0,1.6,0.75,Superpower Pokémon,45.0,20.0,['Human-Like'],"Medium Slow
",70.0,0.0,0.0,0.0,0.0,3.0,3.0,Machoke,1.0,1.0,2.0,1.0,1.0,0.5,0.5,1.0,1.0,1.0,1.0,1.0,1.0,2.0,1.0,1.0,0.5,2.0
76.0,Bellsprout,Grass,Poison,['Chlorophyll'],['Gluttony'],I,50.0,75.0,35.0,70.0,30.0,40.0,300.0,4.0,0.7,0.5,Flower Pokémon,255.0,20.0,['Grass'],"Medium Slow
",70.0,0.0,0.0,0.0,0.0,1.0,3.0,No Preevolution,1.0,0.5,2.0,1.0,1.0,1.0,1.0,1.0,1.0,2.0,0.5,0.25,0.5,2.0,2.0,1.0,1.0,0.5
77.0,Weepinbell,Grass,Poison,['Chlorophyll'],['Gluttony'],I,65.0,90.0,50.0,85.0,45.0,55.0,390.0,6.4,1.0,0.5,Flycatcher Pokémon,120.0,20.0,['Grass'],"Medium Slow
",70.0,0.0,0.0,0.0,0.0,2.0,3.0,Bellsprout,1.0,0.5,2.0,1.0,1.0,1.0,1.0,1.0,1.0,2.0,0.5,0.25,0.5,2.0,2.0,1.0,1.0,0.5
78.0,Victreebel,Grass,Poison,['Chlorophyll'],['Gluttony'],I,80.0,105.0,65.0,100.0,70.0,70.0,490.0,15.5,1.7,0.5,Flycatcher Pokémon,45.0,20.0,['Grass'],"Medium Slow
",70.0,0.0,0.0,0.0,0.0,3.0,3.0,Weepinbell,1.0,0.5,2.0,1.0,1.0,1.0,1.0,1.0,1.0,2.0,0.5,0.25,0.5,2.0,2.0,1.0,1.0,0.5
79.0,Tentacool,Water,Poison,"['Clear Body', 'Liquid Ooze']",['Rain Dish'],I,40.0,40.0,35.0,50.0,100.0,70.0,335.0,45.5,0.9,0.5,Jellyfish Pokémon,190.0,20.0,['Water 3'],"Slow
",70.0,0.0,0.0,0.0,0.0,1.0,2.0,No Preevolution,1.0,0.5,1.0,0.5,2.0,1.0,0.5,1.0,0.5,0.5,0.5,1.0,2.0,2.0,0.5,1.0,1.0,0.5
80.0,Tentacruel,Water,Poison,"['Clear Body', 'Liquid Ooze']",['Rain Dish'],I,80.0,70.0,65.0,80.0,120.0,100.0,515.0,55.0,1.6,0.5,Jellyfish Pokémon,60.0,20.0,['Water 3'],"Slow
",70.0,0.0,0.0,0.0,0.0,2.0,2.0,Tentacool,1.0,0.5,1.0,0.5,2.0,1.0,0.5,1.0,0.5,0.5,0.5,1.0,2.0,2.0,0.5,1.0,1.0,0.5
81.0,Geodude,Rock,Ground,"['Rock Head', 'Sturdy']",['Sand Veil'],I,40.0,80.0,100.0,30.0,30.0,20.0,300.0,20.0,0.4,0.5,Rock Pokémon,255.0,15.0,['Mineral'],"Medium Slow
",70.0,0.0,0.0,0.0,0.0,1.0,3.0,No Preevolution,0.5,2.0,0.5,0.25,2.0,0.5,1.0,1.0,2.0,0.5,4.0,4.0,0.0,1.0,2.0,1.0,1.0,1.0
82.0,Graveler,Rock,Ground,"['Rock Head', 'Sturdy']",['Sand Veil'],I,55.0,95.0,115.0,45.0,45.0,35.0,390.0,105.0,1.0,0.5,Rock Pokémon,120.0,15.0,['Mineral'],"Medium Slow
",70.0,0.0,0.0,0.0,0.0,2.0,3.0,Geodude,0.5,2.0,0.5,0.25,2.0,0.5,1.0,1.0,2.0,0.5,4.0,4.0,0.0,1.0,2.0,1.0,1.0,1.0
83.0,Golem,Rock,Ground,"['Rock Head', 'Sturdy']",['Sand Veil'],I,80.0,120.0,130.0,55.0,65.0,45.0,495.0,300.0,1.4,0.5,Megaton Pokémon,45.0,15.0,['Mineral'],"Medium Slow
",70.0,0.0,0.0,0.0,0.0,3.0,3.0,Graveler,0.5,2.0,0.5,0.25,2.0,0.5,1.0,1.0,2.0,0.5,4.0,4.0,0.0,1.0,2.0,1.0,1.0,1.0
84.0,Ponyta,Fire,,"['Run Away', 'Flash Fire']",['Flame Body'],I,50.0,85.0,55.0,65.0,65.0,90.0,410.0,30.0,1.0,0.5,Fire Horse Pokémon,190.0,20.0,['Field'],"Medium Fast
",70.0,0.0,0.0,0.0,0.0,1.0,2.0,No Preevolution,1.0,1.0,1.0,1.0,2.0,2.0,0.5,1.0,0.5,0.5,2.0,0.5,1.0,1.0,0.5,1.0,1.0,0.5
85.0,Rapidash,Fire,,"['Run Away', 'Flash Fire']",['Flame Body'],I,65.0,100.0,70.0,80.0,80.0,105.0,500.0,95.0,1.7,0.5,Fire Horse Pokémon,60.0,20.0,['Field'],"Medium Fast
",70.0,0.0,0.0,0.0,0.0,2.0,2.0,Ponyta,1.0,1.0,1.0,1.0,2.0,2.0,0.5,1.0,0.5,0.5,2.0,0.5,1.0,1.0,0.5,1.0,1.0,0.5
86.0,Slowpoke,Water,Psychic,"['Oblivious', 'Own Tempo']",['Regenerator'],I,90.0,65.0,65.0,40.0,40.0,15.0,315.0,36.0,1.2,0.5,Dopey Pokémon,190.0,20.0,['Monster' 'Water 1'],"Medium Fast
",70.0,0.0,0.0,0.0,0.0,1.0,2.0,No Preevolution,1.0,0.5,1.0,1.0,1.0,1.0,2.0,2.0,0.5,0.5,0.5,2.0,2.0,0.5,0.5,1.0,2.0,1.0
87.0,Slowbro,Water,Psychic,"['Oblivious', 'Own Tempo']",['Regenerator'],I,95.0,75.0,110.0,100.0,80.0,30.0,490.0,78.5,1.6,0.5,Hermit Crab Pokémon,75.0,20.0,['Monster' 'Water 1'],"Medium Fast
",70.0,0.0,0.0,0.0,1.0,2.0,2.0,Slowpoke,1.0,0.5,1.0,1.0,1.0,1.0,2.0,2.0,0.5,0.5,0.5,2.0,2.0,0.5,0.5,1.0,2.0,1.0
88.0,Mega Slowbro,Water,Psychic,,,,,,,,,,,,,,,,,,,,,,,,,,,,,,,,,,,,,,,,,,,,
89.0,Magnemite,Electric,Steel,"['Magnet Pull', 'Sturdy']",['Analytic'],I,25.0,35.0,70.0,95.0,55.0,45.0,325.0,6.0,0.3,-,Magnet Pokémon,190.0,20.0,['Mineral'],"Medium Fast
",70.0,0.0,0.0,0.0,0.0,1.0,3.0,No Preevolution,0.5,2.0,0.25,0.0,4.0,0.5,0.5,1.0,0.25,2.0,1.0,0.5,0.5,0.5,0.5,0.5,1.0,0.5
90.0,Magneton,Electric,Steel,"['Magnet Pull', 'Sturdy']",['Analytic'],I,50.0,60.0,95.0,120.0,70.0,70.0,465.0,60.0,1.0,-,Magnet Pokémon,60.0,20.0,['Mineral'],"Medium Fast
",70.0,0.0,0.0,0.0,0.0,2.0,3.0,Magnemite,0.5,2.0,0.25,0.0,4.0,0.5,0.5,1.0,0.25,2.0,1.0,0.5,0.5,0.5,0.5,0.5,1.0,0.5
91.0,Farfetch'd,Normal,Flying,"['Keen Eye', 'Inner Focus']",['Defiant'],I,52.0,90.0,55.0,58.0,62.0,60.0,377.0,15.0,0.8,0.5,Wild Duck Pokémon,45.0,20.0,['Flying' 'Field'],"Medium Fast
",70.0,0.0,0.0,0.0,0.0,1.0,2.0,No Preevolution,1.0,1.0,1.0,1.0,0.0,2.0,0.5,0.0,1.0,1.0,1.0,0.5,2.0,1.0,2.0,1.0,1.0,1.0
92.0,Doduo,Normal,Flying,"['Run Away', 'Early Bird']",['Tangled Feet'],I,35.0,85.0,45.0,35.0,35.0,75.0,310.0,39.2,1.4,0.5,Twin Bird Pokémon,190.0,20.0,['Flying'],"Medium Fast
",70.0,0.0,0.0,0.0,0.0,1.0,2.0,No Preevolution,1.0,1.0,1.0,1.0,0.0,2.0,0.5,0.0,1.0,1.0,1.0,0.5,2.0,1.0,2.0,1.0,1.0,1.0
93.0,Dodrio,Normal,Flying,"['Run Away', 'Early Bird']",['Tangled Feet'],I,60.0,110.0,70.0,60.0,60.0,110.0,470.0,85.2,1.8,0.5,Triple Bird Pokémon,45.0,20.0,['Flying'],"Medium Fast
",70.0,0.0,0.0,0.0,0.0,2.0,2.0,Doduo,1.0,1.0,1.0,1.0,0.0,2.0,0.5,0.0,1.0,1.0,1.0,0.5,2.0,1.0,2.0,1.0,1.0,1.0
94.0,Seel,Water,,"['Thick Fat', 'Hydration']",['Ice Body'],I,65.0,45.0,55.0,45.0,70.0,45.0,325.0,90.0,1.1,0.5,Sea Lion Pokémon,190.0,20.0,['Water 1' 'Field'],"Medium Fast
",70.0,0.0,0.0,0.0,0.0,1.0,2.0,No Preevolution,1.0,1.0,1.0,1.0,1.0,1.0,1.0,1.0,0.5,0.5,0.5,2.0,2.0,1.0,0.5,1.0,1.0,1.0
95.0,Dewgong,Water,Ice,"['Thick Fat', 'Hydration']",['Ice Body'],I,90.0,70.0,80.0,70.0,95.0,70.0,475.0,120.0,1.7,0.5,Sea Lion Pokémon,75.0,20.0,['Water 1' 'Field'],"Medium Fast
",70.0,0.0,0.0,0.0,0.0,2.0,2.0,Seel,1.0,2.0,1.0,1.0,1.0,2.0,1.0,1.0,1.0,1.0,0.5,2.0,2.0,1.0,0.25,1.0,1.0,1.0
96.0,Grimer,Poison,,"['Stench', 'Sticky Hold']",['Poison Touch'],I,80.0,80.0,50.0,40.0,50.0,25.0,325.0,30.0,0.9,0.5,Sludge Pokémon,190.0,20.0,['Amorphous'],"Medium Fast
",70.0,0.0,0.0,0.0,0.0,1.0,2.0,No Preevolution,1.0,0.5,1.0,0.5,2.0,1.0,0.5,1.0,1.0,1.0,1.0,0.5,1.0,2.0,1.0,1.0,1.0,0.5
97.0,Muk,Poison,,"['Stench', 'Sticky Hold']",['Poison Touch'],I,105.0,105.0,75.0,65.0,100.0,50.0,500.0,30.0,1.2,0.5,Sludge Pokémon,75.0,20.0,['Amorphous'],"Medium Fast
",70.0,0.0,0.0,0.0,0.0,2.0,2.0,Grimer,1.0,0.5,1.0,0.5,2.0,1.0,0.5,1.0,1.0,1.0,1.0,0.5,1.0,2.0,1.0,1.0,1.0,0.5
98.0,Shellder,Water,,"['Shell Armor', 'Skill Link']",['Overcoat'],I,30.0,65.0,100.0,45.0,25.0,40.0,305.0,4.0,0.3,0.5,Bivalve Pokémon,190.0,20.0,['Water 3'],"Slow
",70.0,0.0,0.0,0.0,0.0,1.0,2.0,No Preevolution,1.0,1.0,1.0,1.0,1.0,1.0,1.0,1.0,0.5,0.5,0.5,2.0,2.0,1.0,0.5,1.0,1.0,1.0
99.0,Cloyster,Water,Ice,"['Shell Armor', 'Skill Link']",['Overcoat'],I,50.0,95.0,180.0,85.0,45.0,70.0,525.0,132.5,1.5,0.5,Bivalve Pokémon,60.0,20.0,['Water 3'],"Slow
",70.0,0.0,0.0,0.0,0.0,2.0,2.0,Shellder,1.0,2.0,1.0,1.0,1.0,2.0,1.0,1.0,1.0,1.0,0.5,2.0,2.0,1.0,0.25,1.0,1.0,1.0
100.0,Gastly,Ghost,Poison,['Levitate'],[],I,30.0,35.0,30.0,100.0,35.0,80.0,310.0,0.1,1.3,0.5,Gas Pokémon,190.0,20.0,['Amorphous'],"Medium Slow
",70.0,0.0,0.0,0.0,0.0,1.0,3.0,No Preevolution,0.0,0.0,1.0,0.25,2.0,1.0,0.25,2.0,1.0,1.0,1.0,0.5,1.0,2.0,1.0,1.0,2.0,0.5
101.0,Haunter,Ghost,Poison,['Levitate'],[],I,45.0,50.0,45.0,115.0,55.0,95.0,405.0,0.1,1.6,0.5,Gas Pokémon,90.0,20.0,['Amorphous'],"Medium Slow
",70.0,0.0,0.0,0.0,0.0,2.0,3.0,Gastly,0.0,0.0,1.0,0.25,2.0,1.0,0.25,2.0,1.0,1.0,1.0,0.5,1.0,2.0,1.0,1.0,2.0,0.5
102.0,Gengar,Ghost,Poison,['Cursed Body'],[],I,60.0,65.0,60.0,130.0,75.0,110.0,600.0,40.5,1.5,0.5,Shadow Pokémon,45.0,20.0,['Amorphous'],"Medium Slow
",70.0,0.0,0.0,0.0,1.0,3.0,3.0,Haunter,0.0,0.0,1.0,0.25,2.0,1.0,0.25,2.0,1.0,1.0,1.0,0.5,1.0,2.0,1.0,1.0,2.0,0.5
103.0,Mega Gengar,Ghost,Poison,,,,,,,,,,,,,,,,,,,,,,,,,,,,,,,,,,,,,,,,,,,,
104.0,Onix,Rock,Ground,"['Rock Head', 'Sturdy']",['Weak Armor'],I,35.0,45.0,160.0,30.0,45.0,70.0,385.0,210.0,8.8,0.5,Rock Snake Pokémon,45.0,25.0,['Mineral'],"Medium Fast
",70.0,0.0,0.0,0.0,0.0,1.0,2.0,No Preevolution,0.5,2.0,0.5,0.25,2.0,0.5,1.0,1.0,2.0,0.5,4.0,4.0,0.0,1.0,2.0,1.0,1.0,1.0
105.0,Drowzee,Psychic,,"['Insomnia', 'Forewarn']",['Inner Focus'],I,60.0,48.0,45.0,43.0,90.0,42.0,328.0,32.4,1.0,0.5,Hypnosis Pokémon,190.0,20.0,['Human-Like'],"Medium Fast
",70.0,0.0,0.0,0.0,0.0,1.0,2.0,No Preevolution,1.0,0.5,1.0,1.0,1.0,1.0,2.0,2.0,1.0,1.0,1.0,1.0,1.0,0.5,1.0,1.0,2.0,1.0
106.0,Hypno,Psychic,,"['Insomnia', 'Forewarn']",['Inner Focus'],I,85.0,73.0,70.0,73.0,115.0,67.0,483.0,75.6,1.6,0.5,Hypnosis Pokémon,75.0,20.0,['Human-Like'],"Medium Fast
",70.0,0.0,0.0,0.0,0.0,2.0,2.0,Drowzee,1.0,0.5,1.0,1.0,1.0,1.0,2.0,2.0,1.0,1.0,1.0,1.0,1.0,0.5,1.0,1.0,2.0,1.0
107.0,Krabby,Water,,"['Hyper Cutter', 'Shell Armor']",['Sheer Force'],I,30.0,105.0,90.0,25.0,25.0,50.0,325.0,6.5,0.4,0.5,River Crab Pokémon,225.0,20.0,['Water 3'],"Medium Fast
",70.0,0.0,0.0,0.0,0.0,1.0,2.0,No Preevolution,1.0,1.0,1.0,1.0,1.0,1.0,1.0,1.0,0.5,0.5,0.5,2.0,2.0,1.0,0.5,1.0,1.0,1.0
108.0,Kingler,Water,,"['Hyper Cutter', 'Shell Armor']",['Sheer Force'],I,55.0,130.0,115.0,50.0,50.0,75.0,475.0,60.0,1.3,0.5,Pincer Pokémon,60.0,20.0,['Water 3'],"Medium Fast
",70.0,0.0,0.0,0.0,0.0,2.0,2.0,Krabby,1.0,1.0,1.0,1.0,1.0,1.0,1.0,1.0,0.5,0.5,0.5,2.0,2.0,1.0,0.5,1.0,1.0,1.0
109.0,Voltorb,Electric,,"['Soundproof', 'Static']",['Aftermath'],I,40.0,30.0,50.0,55.0,55.0,100.0,330.0,10.4,0.5,-,Ball Pokémon,190.0,20.0,['Mineral'],"Medium Fast
",70.0,0.0,0.0,0.0,0.0,1.0,2.0,No Preevolution,1.0,1.0,0.5,1.0,2.0,1.0,1.0,1.0,0.5,1.0,1.0,1.0,0.5,1.0,1.0,1.0,1.0,1.0
110.0,Electrode,Electric,,"['Soundproof', 'Static']",['Aftermath'],I,60.0,50.0,70.0,80.0,80.0,150.0,490.0,66.6,1.2,-,Ball Pokémon,60.0,20.0,['Mineral'],"Medium Fast
",70.0,0.0,0.0,0.0,0.0,2.0,2.0,Voltorb,1.0,1.0,0.5,1.0,2.0,1.0,1.0,1.0,0.5,1.0,1.0,1.0,0.5,1.0,1.0,1.0,1.0,1.0
111.0,Exeggcute,Grass,Psychic,['Chlorophyll'],['Harvest'],I,60.0,40.0,80.0,60.0,45.0,40.0,325.0,2.5,0.4,0.5,Egg Pokémon,90.0,20.0,['Grass'],"Slow
",70.0,0.0,0.0,0.0,0.0,1.0,2.0,No Preevolution,1.0,0.5,2.0,2.0,0.5,1.0,4.0,2.0,1.0,2.0,0.5,0.5,0.5,0.5,2.0,1.0,2.0,1.0
112.0,Exeggutor,Grass,Psychic,['Chlorophyll'],['Harvest'],I,95.0,95.0,85.0,125.0,75.0,55.0,530.0,120.0,2.0,0.5,Coconut Pokémon,45.0,20.0,['Grass'],"Slow
",70.0,0.0,0.0,0.0,0.0,2.0,2.0,Exeggcute,1.0,0.5,2.0,2.0,0.5,1.0,4.0,2.0,1.0,2.0,0.5,0.5,0.5,0.5,2.0,1.0,2.0,1.0
113.0,Cubone,Ground,,"['Rock Head', 'Lightning Rod']",['Battle Armor'],I,50.0,50.0,95.0,40.0,50.0,35.0,320.0,6.5,0.4,0.5,Lonely Pokémon,190.0,20.0,['Monster'],"Medium Fast
",70.0,0.0,0.0,0.0,0.0,1.0,2.0,No Preevolution,1.0,1.0,1.0,0.5,1.0,0.5,1.0,1.0,1.0,1.0,2.0,2.0,0.0,1.0,2.0,1.0,1.0,1.0
114.0,Marowak,Ground,,"['Rock Head', 'Lightning Rod']",['Battle Armor'],I,60.0,80.0,110.0,50.0,80.0,45.0,425.0,45.0,1.0,0.5,Bone Keeper Pokémon,75.0,20.0,['Monster'],"Medium Fast
",70.0,0.0,0.0,0.0,0.0,2.0,2.0,Cubone,1.0,1.0,1.0,0.5,1.0,0.5,1.0,1.0,1.0,1.0,2.0,2.0,0.0,1.0,2.0,1.0,1.0,1.0
115.0,Hitmonlee,Fighting,,"['Limber', 'Reckless']",['Unburden'],I,50.0,120.0,53.0,35.0,110.0,87.0,455.0,49.8,1.5,1.0,Kicking Pokémon,45.0,25.0,['Human-Like'],"Medium Fast
",70.0,0.0,0.0,0.0,0.0,2.0,2.0,Tyrogue,1.0,1.0,2.0,1.0,1.0,0.5,0.5,1.0,1.0,1.0,1.0,1.0,1.0,2.0,1.0,1.0,0.5,2.0
116.0,Hitmonchan,Fighting,,"['Keen Eye', 'Iron Fist']",['Inner Focus'],I,50.0,105.0,79.0,35.0,110.0,76.0,455.0,50.2,1.4,1.0,Punching Pokémon,45.0,25.0,['Human-Like'],"Medium Fast
",70.0,0.0,0.0,0.0,0.0,2.0,2.0,Tyrogue,1.0,1.0,2.0,1.0,1.0,0.5,0.5,1.0,1.0,1.0,1.0,1.0,1.0,2.0,1.0,1.0,0.5,2.0
117.0,Lickitung,Normal,,"['Own Tempo', 'Oblivious']",['Cloud Nine'],I,90.0,55.0,75.0,60.0,75.0,30.0,385.0,65.5,1.2,0.5,Licking Pokémon,45.0,20.0,['Monster'],"Medium Fast
",70.0,0.0,0.0,0.0,0.0,1.0,2.0,No Preevolution,1.0,2.0,1.0,1.0,1.0,1.0,1.0,0.0,1.0,1.0,1.0,1.0,1.0,1.0,1.0,1.0,1.0,1.0
118.0,Koffing,Poison,,"['Levitate', 'Neutralizing Gas']",['Stench'],I,40.0,65.0,95.0,60.0,45.0,35.0,340.0,1.0,0.6,0.5,Poison Gas Pokémon,190.0,20.0,['Amorphous'],"Medium Fast
",70.0,0.0,0.0,0.0,0.0,1.0,2.0,No Preevolution,1.0,0.5,1.0,0.5,2.0,1.0,0.5,1.0,1.0,1.0,1.0,0.5,1.0,2.0,1.0,1.0,1.0,0.5
119.0,Weezing,Poison,,"['Levitate', 'Neutralizing Gas']",['Stench'],I,65.0,90.0,120.0,85.0,70.0,60.0,490.0,9.5,1.2,0.5,Poison Gas Pokémon,60.0,20.0,['Amorphous'],"Medium Fast
",70.0,0.0,0.0,0.0,0.0,2.0,2.0,Koffing,1.0,0.5,1.0,0.5,2.0,1.0,0.5,1.0,1.0,1.0,1.0,0.5,1.0,2.0,1.0,1.0,1.0,0.5
120.0,Rhyhorn,Ground,Rock,"['Lightning Rod', 'Rock Head']",['Reckless'],I,80.0,85.0,95.0,30.0,30.0,25.0,345.0,115.0,1.0,0.5,Spikes Pokémon,120.0,20.0,['Monster' 'Field'],"Slow
",70.0,0.0,0.0,0.0,0.0,1.0,3.0,No Preevolution,0.5,2.0,0.5,0.25,2.0,0.5,1.0,1.0,2.0,0.5,4.0,4.0,0.0,1.0,2.0,1.0,1.0,1.0
121.0,Rhydon,Ground,Rock,"['Lightning Rod', 'Rock Head']",['Reckless'],I,105.0,130.0,120.0,45.0,45.0,40.0,485.0,120.0,1.9,0.5,Drill Pokémon,60.0,20.0,['Monster' 'Field'],"Slow
",70.0,0.0,0.0,0.0,0.0,2.0,3.0,Rhyhorn,0.5,2.0,0.5,0.25,2.0,0.5,1.0,1.0,2.0,0.5,4.0,4.0,0.0,1.0,2.0,1.0,1.0,1.0
122.0,Chansey,Normal,,"['Natural Cure', 'Serene Grace']",['Healer'],I,250.0,5.0,5.0,35.0,105.0,50.0,450.0,34.6,1.1,0.0,Egg Pokémon,30.0,40.0,['Fairy'],"Fast
",140.0,0.0,0.0,0.0,0.0,2.0,3.0,Happiny,1.0,2.0,1.0,1.0,1.0,1.0,1.0,0.0,1.0,1.0,1.0,1.0,1.0,1.0,1.0,1.0,1.0,1.0
123.0,Tangela,Grass,,"['Chlorophyll', 'Leaf Guard']",['Regenerator'],I,65.0,55.0,115.0,100.0,40.0,60.0,435.0,35.0,1.0,0.5,Vine Pokémon,45.0,20.0,['Grass'],"Medium Fast
",70.0,0.0,0.0,0.0,0.0,1.0,2.0,No Preevolution,1.0,1.0,2.0,2.0,0.5,1.0,2.0,1.0,1.0,2.0,0.5,0.5,0.5,1.0,2.0,1.0,1.0,1.0
124.0,Kangaskhan,Normal,,"['Early Bird', 'Scrappy']",['Inner Focus'],I,105.0,95.0,80.0,40.0,80.0,90.0,590.0,80.0,2.2,0.0,Parent Pokémon,45.0,20.0,['Monster'],"Medium Fast
",70.0,0.0,0.0,0.0,1.0,1.0,1.0,No Preevolution,1.0,2.0,1.0,1.0,1.0,1.0,1.0,0.0,1.0,1.0,1.0,1.0,1.0,1.0,1.0,1.0,1.0,1.0
125.0,Mega Kangaskhan,Normal,,,,,,,,,,,,,,,,,,,,,,,,,,,,,,,,,,,,,,,,,,,,,
126.0,Horsea,Water,,"['Swift Swim', 'Sniper']",['Damp'],I,30.0,40.0,70.0,70.0,25.0,60.0,295.0,8.0,0.4,0.5,Dragon Pokémon,225.0,20.0,['Water 1' 'Dragon'],"Medium Fast
",70.0,0.0,0.0,0.0,0.0,1.0,3.0,No Preevolution,1.0,1.0,1.0,1.0,1.0,1.0,1.0,1.0,0.5,0.5,0.5,2.0,2.0,1.0,0.5,1.0,1.0,1.0
127.0,Seadra,Water,,"['Poison Point', 'Sniper']",['Damp'],I,55.0,65.0,95.0,95.0,45.0,85.0,440.0,25.0,1.2,0.5,Dragon Pokémon,75.0,20.0,['Water 1' 'Dragon'],"Medium Fast
",70.0,0.0,0.0,0.0,0.0,2.0,3.0,Horsea,1.0,1.0,1.0,1.0,1.0,1.0,1.0,1.0,0.5,0.5,0.5,2.0,2.0,1.0,0.5,1.0,1.0,1.0
128.0,Goldeen,Water,,"['Swift Swim', 'Water Veil']",['Lightning Rod'],I,45.0,67.0,60.0,35.0,50.0,63.0,320.0,15.0,0.6,0.5,Goldfish Pokémon,225.0,20.0,['Water 2'],"Medium Fast
",70.0,0.0,0.0,0.0,0.0,1.0,2.0,No Preevolution,1.0,1.0,1.0,1.0,1.0,1.0,1.0,1.0,0.5,0.5,0.5,2.0,2.0,1.0,0.5,1.0,1.0,1.0
129.0,Seaking,Water,,"['Swift Swim', 'Water Veil']",['Lightning Rod'],I,80.0,92.0,65.0,65.0,80.0,68.0,450.0,39.0,1.3,0.5,Goldfish Pokémon,60.0,20.0,['Water 2'],"Medium Fast
",70.0,0.0,0.0,0.0,0.0,2.0,2.0,Goldeen,1.0,1.0,1.0,1.0,1.0,1.0,1.0,1.0,0.5,0.5,0.5,2.0,2.0,1.0,0.5,1.0,1.0,1.0
130.0,Staryu,Water,,"['Illuminate', 'Natural Cure']",['Analytic'],I,30.0,45.0,55.0,70.0,55.0,85.0,340.0,34.5,0.8,-,Star Shape Pokémon,225.0,20.0,['Water 3'],"Slow
",70.0,0.0,0.0,0.0,0.0,1.0,2.0,No Preevolution,1.0,1.0,1.0,1.0,1.0,1.0,1.0,1.0,0.5,0.5,0.5,2.0,2.0,1.0,0.5,1.0,1.0,1.0
131.0,Starmie,Water,Psychic,"['Illuminate', 'Natural Cure']",['Analytic'],I,60.0,75.0,85.0,100.0,85.0,115.0,520.0,80.0,1.1,-,Mysterious Pokémon,60.0,20.0,['Water 3'],"Slow
",70.0,0.0,0.0,0.0,0.0,2.0,2.0,Staryu,1.0,0.5,1.0,1.0,1.0,1.0,2.0,2.0,0.5,0.5,0.5,2.0,2.0,0.5,0.5,1.0,2.0,1.0
132.0,Mr. Mime,Psychic,Fairy,"['Soundproof', 'Filter']",['Technician'],I,40.0,45.0,65.0,100.0,120.0,90.0,460.0,54.5,1.3,0.5,Barrier Pokémon,45.0,25.0,['Human-Like'],"Medium Fast
",70.0,0.0,0.0,0.0,0.0,2.0,2.0,Mime Jr.,1.0,0.25,1.0,2.0,1.0,1.0,1.0,2.0,2.0,1.0,1.0,1.0,1.0,0.5,1.0,0.0,1.0,1.0
133.0,Scyther,Bug,Flying,"['Swarm', 'Technician']",['Steadfast'],I,70.0,110.0,80.0,55.0,80.0,105.0,500.0,56.0,1.5,0.5,Mantis Pokémon,45.0,25.0,['Bug'],"Medium Fast
",70.0,0.0,0.0,0.0,0.0,1.0,2.0,No Preevolution,1.0,0.25,2.0,1.0,0.0,4.0,0.5,1.0,1.0,2.0,1.0,0.25,2.0,1.0,2.0,1.0,1.0,1.0
134.0,Jynx,Ice,Psychic,"['Oblivious', 'Forewarn']",['Dry Skin'],I,65.0,50.0,35.0,115.0,95.0,95.0,455.0,40.6,1.4,0.0,Human Shape Pokémon,45.0,25.0,['Human-Like'],"Medium Fast
",70.0,0.0,0.0,0.0,0.0,2.0,2.0,Smoochum,1.0,1.0,1.0,1.0,1.0,2.0,2.0,2.0,2.0,2.0,1.0,1.0,1.0,0.5,0.5,1.0,2.0,1.0
135.0,Electabuzz,Electric,,['Static'],['Vital Spirit'],I,65.0,83.0,57.0,95.0,85.0,105.0,490.0,30.0,1.1,0.75,Electric Pokémon,45.0,25.0,['Human-Like'],"Medium Fast
",70.0,0.0,0.0,0.0,0.0,2.0,3.0,Elekid,1.0,1.0,0.5,1.0,2.0,1.0,1.0,1.0,0.5,1.0,1.0,1.0,0.5,1.0,1.0,1.0,1.0,1.0
136.0,Magmar,Fire,,['Flame Body'],['Vital Spirit'],I,65.0,95.0,57.0,100.0,85.0,93.0,495.0,44.5,1.3,0.75,Spitfire Pokémon,45.0,25.0,['Human-Like'],"Medium Fast
",70.0,0.0,0.0,0.0,0.0,2.0,3.0,Magby,1.0,1.0,1.0,1.0,2.0,2.0,0.5,1.0,0.5,0.5,2.0,0.5,1.0,1.0,0.5,1.0,1.0,0.5
137.0,Pinsir,Bug,,"['Hyper Cutter', 'Mold Breaker']",['Moxie'],I,65.0,125.0,100.0,55.0,70.0,85.0,600.0,55.0,1.5,0.5,Stag Beetle Pokémon,45.0,25.0,['Bug'],"Slow
",70.0,0.0,0.0,0.0,1.0,1.0,1.0,No Preevolution,1.0,0.5,2.0,1.0,0.5,2.0,1.0,1.0,1.0,2.0,1.0,0.5,1.0,1.0,1.0,1.0,1.0,1.0
138.0,Mega Pinsir,Bug,Flying,,,,,,,,,,,,,,,,,,,,,,,,,,,,,,,,,,,,,,,,,,,,
139.0,Tauros,Normal,,"['Intimidate', 'Anger Point']",['Sheer Force'],I,75.0,100.0,95.0,40.0,70.0,110.0,490.0,88.4,1.4,1.0,Wild Bull Pokémon,45.0,20.0,['Field'],"Slow
",70.0,0.0,0.0,0.0,0.0,1.0,1.0,No Preevolution,1.0,2.0,1.0,1.0,1.0,1.0,1.0,0.0,1.0,1.0,1.0,1.0,1.0,1.0,1.0,1.0,1.0,1.0
140.0,Magikarp,Water,,['Swift Swim'],['Rattled'],I,20.0,10.0,55.0,15.0,20.0,80.0,200.0,10.0,0.9,0.5,Fish Pokémon,255.0,5.0,['Water 2' 'Dragon'],"Slow
",70.0,0.0,0.0,0.0,0.0,1.0,2.0,No Preevolution,1.0,1.0,1.0,1.0,1.0,1.0,1.0,1.0,0.5,0.5,0.5,2.0,2.0,1.0,0.5,1.0,1.0,1.0
141.0,Gyarados,Water,Flying,['Intimidate'],['Moxie'],I,95.0,125.0,79.0,60.0,100.0,81.0,640.0,235.0,6.5,0.5,Atrocious Pokémon,45.0,5.0,['Water 2' 'Dragon'],"Slow
",70.0,0.0,0.0,0.0,1.0,2.0,2.0,Magikarp,1.0,0.5,1.0,1.0,0.0,2.0,0.5,1.0,0.5,0.5,0.5,1.0,4.0,1.0,1.0,1.0,1.0,1.0
142.0,Mega Gyarados,Water,Dark,,,,,,,,,,,,,,,,,,,,,,,,,,,,,,,,,,,,,,,,,,,,
143.0,Lapras,Water,Ice,"['Water Absorb', 'Shell Armor']",['Hydration'],I,130.0,85.0,80.0,85.0,95.0,60.0,535.0,220.0,2.5,0.5,Transport Pokémon,45.0,40.0,['Monster' 'Water 1'],"Slow
",70.0,0.0,0.0,0.0,0.0,1.0,1.0,No Preevolution,1.0,2.0,1.0,1.0,1.0,2.0,1.0,1.0,1.0,1.0,0.5,2.0,2.0,1.0,0.25,1.0,1.0,1.0
144.0,Ditto,Normal,,['Limber'],['Imposter'],I,48.0,48.0,48.0,48.0,48.0,48.0,288.0,4.0,0.3,-,Transform Pokémon,35.0,20.0,['Ditto'],"Medium Fast
",70.0,0.0,0.0,0.0,0.0,1.0,1.0,No Preevolution,1.0,2.0,1.0,1.0,1.0,1.0,1.0,0.0,1.0,1.0,1.0,1.0,1.0,1.0,1.0,1.0,1.0,1.0
145.0,Eevee,Normal,,"['Run Away', 'Adaptability']",['Anticipation'],I,55.0,55.0,50.0,45.0,65.0,55.0,435.0,6.5,0.3,0.875,Evolution Pokémon,45.0,35.0,['Field'],"Medium Fast
",70.0,0.0,0.0,0.0,0.0,1.0,1.0,No Preevolution,1.0,2.0,1.0,1.0,1.0,1.0,1.0,0.0,1.0,1.0,1.0,1.0,1.0,1.0,1.0,1.0,1.0,1.0
146.0,Vaporeon,Water,,['Water Absorb'],['Hydration'],I,130.0,65.0,60.0,110.0,95.0,65.0,525.0,29.0,1.0,0.875,Bubble Jet Pokémon,45.0,35.0,['Field'],"Medium Fast
",70.0,0.0,0.0,0.0,0.0,2.0,2.0,Eevee,1.0,1.0,1.0,1.0,1.0,1.0,1.0,1.0,0.5,0.5,0.5,2.0,2.0,1.0,0.5,1.0,1.0,1.0
147.0,Jolteon,Electric,,['Volt Absorb'],['Quick Feet'],I,65.0,65.0,60.0,110.0,95.0,130.0,525.0,24.5,0.8,0.875,Lightning Pokémon,45.0,35.0,['Field'],"Medium Fast
",70.0,0.0,0.0,0.0,0.0,2.0,2.0,Eevee,1.0,1.0,0.5,1.0,2.0,1.0,1.0,1.0,0.5,1.0,1.0,1.0,0.5,1.0,1.0,1.0,1.0,1.0
148.0,Flareon,Fire,,['Flash Fire'],['Guts'],I,65.0,130.0,60.0,95.0,110.0,65.0,525.0,25.0,0.9,0.875,Flame Pokémon,45.0,35.0,['Field'],"Medium Fast
",70.0,0.0,0.0,0.0,0.0,2.0,2.0,Eevee,1.0,1.0,1.0,1.0,2.0,2.0,0.5,1.0,0.5,0.5,2.0,0.5,1.0,1.0,0.5,1.0,1.0,0.5
149.0,Porygon,Normal,,"['Trace', 'Download']",['Analytic'],I,65.0,60.0,70.0,85.0,75.0,40.0,395.0,36.5,0.8,-,Virtual Pokémon,45.0,20.0,['Mineral'],"Medium Fast
",70.0,0.0,0.0,0.0,0.0,1.0,3.0,No Preevolution,1.0,2.0,1.0,1.0,1.0,1.0,1.0,0.0,1.0,1.0,1.0,1.0,1.0,1.0,1.0,1.0,1.0,1.0
150.0,Omanyte,Rock,Water,"['Swift Swim', 'Shell Armor']",['Weak Armor'],I,35.0,40.0,100.0,90.0,55.0,35.0,355.0,7.5,0.4,0.875,Spiral Pokémon,45.0,30.0,['Water 1' 'Water 3'],"Medium Fast
",70.0,0.0,0.0,0.0,0.0,1.0,2.0,No Preevolution,0.5,2.0,0.5,0.5,2.0,1.0,1.0,1.0,1.0,0.25,1.0,4.0,2.0,1.0,0.5,1.0,1.0,1.0
151.0,Omastar,Rock,Water,"['Swift Swim', 'Shell Armor']",['Weak Armor'],I,70.0,60.0,125.0,115.0,70.0,55.0,495.0,35.0,1.0,0.875,Spiral Pokémon,45.0,30.0,['Water 1' 'Water 3'],"Medium Fast
",70.0,0.0,0.0,0.0,0.0,2.0,2.0,Omanyte,0.5,2.0,0.5,0.5,2.0,1.0,1.0,1.0,1.0,0.25,1.0,4.0,2.0,1.0,0.5,1.0,1.0,1.0
152.0,Kabuto,Rock,Water,"['Swift Swim', 'Battle Armor']",['Weak Armor'],I,30.0,80.0,90.0,55.0,45.0,55.0,355.0,11.5,0.5,0.875,Shellfish Pokémon,45.0,30.0,['Water 1' 'Water 3'],"Medium Fast
",70.0,0.0,0.0,0.0,0.0,1.0,2.0,No Preevolution,0.5,2.0,0.5,0.5,2.0,1.0,1.0,1.0,1.0,0.25,1.0,4.0,2.0,1.0,0.5,1.0,1.0,1.0
153.0,Kabutops,Rock,Water,"['Swift Swim', 'Battle Armor']",['Weak Armor'],I,60.0,115.0,105.0,65.0,70.0,80.0,495.0,40.5,1.3,0.875,Shellfish Pokémon,45.0,30.0,['Water 1' 'Water 3'],"Medium Fast
",70.0,0.0,0.0,0.0,0.0,2.0,2.0,Kabuto,0.5,2.0,0.5,0.5,2.0,1.0,1.0,1.0,1.0,0.25,1.0,4.0,2.0,1.0,0.5,1.0,1.0,1.0
154.0,Aerodactyl,Rock,Flying,"['Rock Head', 'Pressure']",['Unnerve'],I,80.0,105.0,65.0,60.0,75.0,130.0,615.0,59.0,1.8,0.875,Fossil Pokémon,45.0,35.0,['Flying' 'Dragon'],"Slow
",70.0,0.0,0.0,0.0,1.0,1.0,1.0,No Preevolution,0.5,1.0,0.5,0.5,0.0,2.0,0.5,1.0,2.0,0.5,2.0,1.0,2.0,1.0,2.0,1.0,1.0,1.0
155.0,Mega Aerodactyl,Rock,Flying,,,,,,,,,,,,,,,,,,,,,,,,,,,,,,,,,,,,,,,,,,,,
156.0,Snorlax,Normal,,"['Immunity', 'Thick Fat']",['Gluttony'],I,160.0,110.0,65.0,65.0,110.0,30.0,540.0,460.0,2.1,0.875,Sleeping Pokémon,25.0,40.0,['Monster'],"Slow
",70.0,0.0,0.0,0.0,0.0,2.0,2.0,Munchlax,1.0,2.0,1.0,1.0,1.0,1.0,1.0,0.0,1.0,1.0,1.0,1.0,1.0,1.0,1.0,1.0,1.0,1.0
157.0,Articuno,Ice,Flying,['Pressure'],['Snow Cloak'],I,90.0,85.0,100.0,95.0,125.0,85.0,580.0,55.4,1.7,-,Freeze Pokémon,3.0,80.0,-,"Slow
",35.0,1.0,0.0,0.0,0.0,1.0,1.0,No Preevolution,1.0,1.0,1.0,1.0,0.0,4.0,0.5,1.0,2.0,2.0,1.0,0.5,2.0,1.0,1.0,1.0,1.0,1.0
158.0,Zapdos,Electric,Flying,['Pressure'],['Static'],I,90.0,90.0,85.0,125.0,90.0,100.0,580.0,52.6,1.6,-,Electric Pokémon,3.0,80.0,-,"Slow
",35.0,1.0,0.0,0.0,0.0,1.0,1.0,No Preevolution,1.0,0.5,0.5,1.0,0.0,2.0,0.5,1.0,0.5,1.0,1.0,0.5,1.0,1.0,2.0,1.0,1.0,1.0
159.0,Moltres,Fire,Flying,['Pressure'],['Flame Body'],I,90.0,100.0,90.0,125.0,85.0,90.0,580.0,60.0,2.0,-,Flame Pokémon,3.0,80.0,-,"Slow
",35.0,1.0,0.0,0.0,0.0,1.0,1.0,No Preevolution,1.0,0.5,1.0,1.0,0.0,4.0,0.25,1.0,0.5,0.5,2.0,0.25,2.0,1.0,1.0,1.0,1.0,0.5
160.0,Dratini,Dragon,,['Shed Skin'],['Marvel Scale'],I,41.0,64.0,45.0,50.0,50.0,50.0,300.0,3.3,1.8,0.5,Dragon Pokémon,45.0,40.0,['Water 1' 'Dragon'],"Slow
",35.0,0.0,0.0,0.0,0.0,1.0,3.0,No Preevolution,1.0,1.0,1.0,1.0,1.0,1.0,1.0,1.0,1.0,0.5,0.5,0.5,0.5,1.0,2.0,2.0,1.0,2.0
161.0,Dragonair,Dragon,,['Shed Skin'],['Marvel Scale'],I,61.0,84.0,65.0,70.0,70.0,70.0,420.0,16.5,4.0,0.5,Dragon Pokémon,45.0,40.0,['Water 1' 'Dragon'],"Slow
",35.0,0.0,0.0,0.0,0.0,2.0,3.0,Dratini,1.0,1.0,1.0,1.0,1.0,1.0,1.0,1.0,1.0,0.5,0.5,0.5,0.5,1.0,2.0,2.0,1.0,2.0
162.0,Dragonite,Dragon,Flying,['Inner Focus'],['Multiscale'],I,91.0,134.0,95.0,100.0,100.0,80.0,600.0,210.0,2.2,0.5,Dragon Pokémon,45.0,40.0,['Water 1' 'Dragon'],"Slow
",35.0,0.0,0.0,0.0,0.0,3.0,3.0,Dragonair,1.0,0.5,1.0,1.0,0.0,2.0,0.5,1.0,1.0,0.5,0.5,0.25,1.0,1.0,4.0,2.0,1.0,2.0
163.0,Mewtwo,Psychic,,['Pressure'],['Unnerve'],I,106.0,110.0,90.0,154.0,90.0,130.0,780.0,122.0,2.0,-,Genetic Pokémon,3.0,120.0,-,"Slow
",0.0,1.0,0.0,0.0,1.0,1.0,1.0,No Preevolution,1.0,0.5,1.0,1.0,1.0,1.0,2.0,2.0,1.0,1.0,1.0,1.0,1.0,0.5,1.0,1.0,2.0,1.0
164.0,Mega Mewtwo X,Psychic,Fighting,,,,,,,,,,,,,,,,,,,,,,,,,,,,,,,,,,,,,,,,,,,,
165.0,Mega Mewtwo Y,Psychic,,,,,,,,,,,,,,,,,,,,,,,,,,,,,,,,,,,,,,,,,,,,,
166.0,Mew,Psychic,,['Synchronize'],[],I,100.0,100.0,100.0,100.0,100.0,100.0,600.0,4.0,0.4,-,New Species Pokémon,45.0,120.0,-,"Medium Slow
",100.0,0.0,1.0,0.0,0.0,1.0,1.0,No Preevolution,1.0,0.5,1.0,1.0,1.0,1.0,2.0,2.0,1.0,1.0,1.0,1.0,1.0,0.5,1.0,1.0,2.0,1.0
167.0,Chikorita,Grass,,['Overgrow'],['Leaf Guard'],II,45.0,49.0,65.0,49.0,65.0,45.0,318.0,6.4,0.9,0.875,Leaf Pokémon,45.0,20.0,['Monster' 'Grass'],"Medium Slow
",70.0,0.0,0.0,0.0,0.0,1.0,3.0,No Preevolution,1.0,1.0,2.0,2.0,0.5,1.0,2.0,1.0,1.0,2.0,0.5,0.5,0.5,1.0,2.0,1.0,1.0,1.0
168.0,Bayleef,Grass,,['Overgrow'],['Leaf Guard'],II,60.0,62.0,80.0,63.0,80.0,60.0,405.0,15.8,1.2,0.875,Leaf Pokémon,45.0,20.0,['Monster' 'Grass'],"Medium Slow
",70.0,0.0,0.0,0.0,0.0,2.0,3.0,Chikorita,1.0,1.0,2.0,2.0,0.5,1.0,2.0,1.0,1.0,2.0,0.5,0.5,0.5,1.0,2.0,1.0,1.0,1.0
169.0,Meganium,Grass,,['Overgrow'],['Leaf Guard'],II,80.0,82.0,100.0,83.0,100.0,80.0,525.0,100.5,1.8,0.875,Herb Pokémon,45.0,20.0,['Monster' 'Grass'],"Medium Slow
",70.0,0.0,0.0,0.0,0.0,3.0,3.0,Bayleef,1.0,1.0,2.0,2.0,0.5,1.0,2.0,1.0,1.0,2.0,0.5,0.5,0.5,1.0,2.0,1.0,1.0,1.0
170.0,Cyndaquil,Fire,,['Blaze'],['Flash Fire'],II,39.0,52.0,43.0,60.0,50.0,65.0,309.0,7.9,0.5,0.875,Fire Mouse Pokémon,45.0,20.0,['Field'],"Medium Slow
",70.0,0.0,0.0,0.0,0.0,1.0,3.0,No Preevolution,1.0,1.0,1.0,1.0,2.0,2.0,0.5,1.0,0.5,0.5,2.0,0.5,1.0,1.0,0.5,1.0,1.0,0.5
171.0,Quilava,Fire,,['Blaze'],['Flash Fire'],II,58.0,64.0,58.0,80.0,65.0,80.0,405.0,19.0,0.9,0.875,Volcano Pokémon,45.0,20.0,['Field'],"Medium Slow
",70.0,0.0,0.0,0.0,0.0,2.0,3.0,Cyndaquil,1.0,1.0,1.0,1.0,2.0,2.0,0.5,1.0,0.5,0.5,2.0,0.5,1.0,1.0,0.5,1.0,1.0,0.5
172.0,Typhlosion,Fire,,['Blaze'],['Flash Fire'],II,78.0,84.0,78.0,109.0,85.0,100.0,534.0,79.5,1.7,0.875,Volcano Pokémon,45.0,20.0,['Field'],"Medium Slow
",70.0,0.0,0.0,0.0,0.0,3.0,3.0,Quilava,1.0,1.0,1.0,1.0,2.0,2.0,0.5,1.0,0.5,0.5,2.0,0.5,1.0,1.0,0.5,1.0,1.0,0.5
173.0,Totodile,Water,,['Torrent'],['Sheer Force'],II,50.0,65.0,64.0,44.0,48.0,43.0,314.0,9.5,0.6,0.875,Big Jaw Pokémon,45.0,20.0,['Monster' 'Water 1'],"Medium Slow
",70.0,0.0,0.0,0.0,0.0,1.0,3.0,No Preevolution,1.0,1.0,1.0,1.0,1.0,1.0,1.0,1.0,0.5,0.5,0.5,2.0,2.0,1.0,0.5,1.0,1.0,1.0
174.0,Croconaw,Water,,['Torrent'],['Sheer Force'],II,65.0,80.0,80.0,59.0,63.0,58.0,405.0,25.0,1.1,0.875,Big Jaw Pokémon,45.0,20.0,['Monster' 'Water 1'],"Medium Slow
",70.0,0.0,0.0,0.0,0.0,2.0,3.0,Totodile,1.0,1.0,1.0,1.0,1.0,1.0,1.0,1.0,0.5,0.5,0.5,2.0,2.0,1.0,0.5,1.0,1.0,1.0
175.0,Feraligatr,Water,,['Torrent'],['Sheer Force'],II,85.0,105.0,100.0,79.0,83.0,78.0,530.0,88.8,2.3,0.875,Big Jaw Pokémon,45.0,20.0,['Monster' 'Water 1'],"Medium Slow
",70.0,0.0,0.0,0.0,0.0,3.0,3.0,Croconaw,1.0,1.0,1.0,1.0,1.0,1.0,1.0,1.0,0.5,0.5,0.5,2.0,2.0,1.0,0.5,1.0,1.0,1.0
176.0,Sentret,Normal,,"['Run Away', 'Keen Eye']",['Frisk'],II,35.0,46.0,34.0,35.0,45.0,20.0,215.0,6.0,0.8,0.5,Scout Pokémon,255.0,15.0,['Field'],"Medium Fast
",70.0,0.0,0.0,0.0,0.0,1.0,2.0,No Preevolution,1.0,2.0,1.0,1.0,1.0,1.0,1.0,0.0,1.0,1.0,1.0,1.0,1.0,1.0,1.0,1.0,1.0,1.0
177.0,Furret,Normal,,"['Run Away', 'Keen Eye']",['Frisk'],II,85.0,76.0,64.0,45.0,55.0,90.0,415.0,32.5,1.8,0.5,Long Body Pokémon,90.0,15.0,['Field'],"Medium Fast
",70.0,0.0,0.0,0.0,0.0,2.0,2.0,Sentret,1.0,2.0,1.0,1.0,1.0,1.0,1.0,0.0,1.0,1.0,1.0,1.0,1.0,1.0,1.0,1.0,1.0,1.0
178.0,Hoothoot,Normal,Flying,"['Insomnia', 'Keen Eye']",['Tinted Lens'],II,60.0,30.0,30.0,36.0,56.0,50.0,262.0,21.2,0.7,0.5,Owl Pokémon,255.0,15.0,['Flying'],"Medium Fast
",70.0,0.0,0.0,0.0,0.0,1.0,2.0,No Preevolution,1.0,1.0,1.0,1.0,0.0,2.0,0.5,0.0,1.0,1.0,1.0,0.5,2.0,1.0,2.0,1.0,1.0,1.0
179.0,Noctowl,Normal,Flying,"['Insomnia', 'Keen Eye']",['Tinted Lens'],II,100.0,50.0,50.0,86.0,96.0,70.0,452.0,40.8,1.6,0.5,Owl Pokémon,90.0,15.0,['Flying'],"Medium Fast
",70.0,0.0,0.0,0.0,0.0,2.0,2.0,Hoothoot,1.0,1.0,1.0,1.0,0.0,2.0,0.5,0.0,1.0,1.0,1.0,0.5,2.0,1.0,2.0,1.0,1.0,1.0
180.0,Ledyba,Bug,Flying,"['Swarm', 'Early Bird']",['Rattled'],II,40.0,20.0,30.0,40.0,80.0,55.0,265.0,10.8,1.0,0.5,Five Star Pokémon,255.0,15.0,['Bug'],"Fast
",70.0,0.0,0.0,0.0,0.0,1.0,2.0,No Preevolution,1.0,0.25,2.0,1.0,0.0,4.0,0.5,1.0,1.0,2.0,1.0,0.25,2.0,1.0,2.0,1.0,1.0,1.0
181.0,Ledian,Bug,Flying,"['Swarm', 'Early Bird']",['Iron Fist'],II,55.0,35.0,50.0,55.0,110.0,85.0,390.0,35.6,1.4,0.5,Five Star Pokémon,90.0,15.0,['Bug'],"Fast
",70.0,0.0,0.0,0.0,0.0,2.0,2.0,Ledyba,1.0,0.25,2.0,1.0,0.0,4.0,0.5,1.0,1.0,2.0,1.0,0.25,2.0,1.0,2.0,1.0,1.0,1.0
182.0,Spinarak,Bug,Poison,"['Swarm', 'Insomnia']",['Sniper'],II,40.0,60.0,40.0,40.0,40.0,30.0,250.0,8.5,0.5,0.5,String Spit Pokémon,255.0,15.0,['Bug'],"Fast
",70.0,0.0,0.0,0.0,0.0,1.0,2.0,No Preevolution,1.0,0.25,2.0,0.5,1.0,2.0,0.5,1.0,1.0,2.0,1.0,0.25,1.0,2.0,1.0,1.0,1.0,0.5
183.0,Ariados,Bug,Poison,"['Swarm', 'Insomnia']",['Sniper'],II,70.0,90.0,70.0,60.0,70.0,40.0,400.0,33.5,1.1,0.5,Long Leg Pokémon,90.0,15.0,['Bug'],"Fast
",70.0,0.0,0.0,0.0,0.0,2.0,2.0,Spinarak,1.0,0.25,2.0,0.5,1.0,2.0,0.5,1.0,1.0,2.0,1.0,0.25,1.0,2.0,1.0,1.0,1.0,0.5
184.0,Crobat,Poison,Flying,['Inner Focus'],['Infiltrator'],II,85.0,90.0,80.0,70.0,80.0,130.0,535.0,75.0,1.8,0.5,Bat Pokémon,90.0,15.0,['Flying'],"Medium Fast
",70.0,0.0,0.0,0.0,0.0,3.0,3.0,Golbat,1.0,0.25,1.0,0.5,0.0,2.0,0.25,1.0,1.0,1.0,1.0,0.25,2.0,2.0,2.0,1.0,1.0,0.5
185.0,Chinchou,Water,Electric,"['Volt Absorb', 'Illuminate']",['Water Absorb'],II,75.0,38.0,38.0,56.0,56.0,67.0,330.0,12.0,0.5,0.5,Angler Pokémon,190.0,20.0,['Water 2'],"Slow
",70.0,0.0,0.0,0.0,0.0,1.0,2.0,No Preevolution,1.0,1.0,0.5,1.0,2.0,1.0,1.0,1.0,0.25,0.5,0.5,2.0,1.0,1.0,0.5,1.0,1.0,1.0
186.0,Lanturn,Water,Electric,"['Volt Absorb', 'Illuminate']",['Water Absorb'],II,125.0,58.0,58.0,76.0,76.0,67.0,460.0,22.5,1.2,0.5,Light Pokémon,75.0,20.0,['Water 2'],"Slow
",70.0,0.0,0.0,0.0,0.0,2.0,2.0,Chinchou,1.0,1.0,0.5,1.0,2.0,1.0,1.0,1.0,0.25,0.5,0.5,2.0,1.0,1.0,0.5,1.0,1.0,1.0
187.0,Pichu,Electric,,['Static'],['Lightning Rod'],II,20.0,40.0,15.0,35.0,35.0,60.0,205.0,2.0,0.3,0.5,Tiny Mouse Pokémon,190.0,10.0,-,"Medium Fast
",70.0,0.0,0.0,0.0,0.0,1.0,3.0,No Preevolution,1.0,1.0,0.5,1.0,2.0,1.0,1.0,1.0,0.5,1.0,1.0,1.0,0.5,1.0,1.0,1.0,1.0,1.0
188.0,Cleffa,Fairy,,"['Cute Charm', 'Magic Guard']",['Friend Guard'],II,50.0,25.0,28.0,45.0,55.0,15.0,218.0,3.0,0.3,0.25,Star Shape Pokémon,150.0,10.0,-,"Fast
",140.0,0.0,0.0,0.0,0.0,1.0,3.0,No Preevolution,1.0,0.5,1.0,2.0,1.0,1.0,0.5,1.0,2.0,1.0,1.0,1.0,1.0,1.0,1.0,0.0,0.5,1.0
189.0,Igglybuff,Normal,Fairy,"['Cute Charm', 'Competitive']",['Friend Guard'],II,90.0,30.0,15.0,40.0,20.0,15.0,210.0,1.0,0.3,0.25,Balloon Pokémon,170.0,10.0,-,"Fast
",70.0,0.0,0.0,0.0,0.0,1.0,3.0,No Preevolution,1.0,1.0,1.0,2.0,1.0,1.0,0.5,0.0,2.0,1.0,1.0,1.0,1.0,1.0,1.0,0.0,0.5,1.0
190.0,Togepi,Fairy,,"['Hustle', 'Serene Grace']",['Super Luck'],II,35.0,20.0,65.0,40.0,65.0,20.0,245.0,1.5,0.3,0.875,Spike Ball Pokémon,190.0,10.0,-,"Fast
",70.0,0.0,0.0,0.0,0.0,1.0,3.0,No Preevolution,1.0,0.5,1.0,2.0,1.0,1.0,0.5,1.0,2.0,1.0,1.0,1.0,1.0,1.0,1.0,0.0,0.5,1.0
191.0,Togetic,Fairy,Flying,"['Hustle', 'Serene Grace']",['Super Luck'],II,55.0,40.0,85.0,80.0,105.0,40.0,405.0,3.2,0.6,0.875,Happiness Pokémon,75.0,10.0,['Flying' 'Fairy'],"Fast
",70.0,0.0,0.0,0.0,0.0,2.0,3.0,Togepi,1.0,0.25,1.0,2.0,0.0,2.0,0.25,1.0,2.0,1.0,1.0,0.5,2.0,1.0,2.0,0.0,0.5,1.0
192.0,Natu,Psychic,Flying,"['Synchronize', 'Early Bird']",['Magic Bounce'],II,40.0,50.0,45.0,70.0,45.0,70.0,320.0,2.0,0.2,0.5,Tiny Bird Pokémon,190.0,20.0,['Flying'],"Medium Fast
",70.0,0.0,0.0,0.0,0.0,1.0,2.0,No Preevolution,1.0,0.25,1.0,1.0,0.0,2.0,1.0,2.0,1.0,1.0,1.0,0.5,2.0,0.5,2.0,1.0,2.0,1.0
193.0,Xatu,Psychic,Flying,"['Synchronize', 'Early Bird']",['Magic Bounce'],II,65.0,75.0,70.0,95.0,70.0,95.0,470.0,15.0,1.5,0.5,Mystic Pokémon,75.0,20.0,['Flying'],"Medium Fast
",70.0,0.0,0.0,0.0,0.0,2.0,2.0,Natu,1.0,0.25,1.0,1.0,0.0,2.0,1.0,2.0,1.0,1.0,1.0,0.5,2.0,0.5,2.0,1.0,2.0,1.0
194.0,Mareep,Electric,,['Static'],['Plus'],II,55.0,40.0,40.0,65.0,45.0,35.0,280.0,7.8,0.6,0.5,Wool Pokémon,235.0,20.0,['Monster' 'Field'],"Medium Slow
",70.0,0.0,0.0,0.0,0.0,1.0,3.0,No Preevolution,1.0,1.0,0.5,1.0,2.0,1.0,1.0,1.0,0.5,1.0,1.0,1.0,0.5,1.0,1.0,1.0,1.0,1.0
195.0,Flaaffy,Electric,,['Static'],['Plus'],II,70.0,55.0,55.0,80.0,60.0,45.0,365.0,13.3,0.8,0.5,Wool Pokémon,120.0,20.0,['Monster' 'Field'],"Medium Slow
",70.0,0.0,0.0,0.0,0.0,2.0,3.0,Mareep,1.0,1.0,0.5,1.0,2.0,1.0,1.0,1.0,0.5,1.0,1.0,1.0,0.5,1.0,1.0,1.0,1.0,1.0
196.0,Ampharos,Electric,,['Static'],['Plus'],II,90.0,75.0,85.0,115.0,90.0,55.0,610.0,61.5,1.4,0.5,Light Pokémon,45.0,20.0,['Monster' 'Field'],"Medium Slow
",70.0,0.0,0.0,0.0,1.0,3.0,3.0,Flaaffy,1.0,1.0,0.5,1.0,2.0,1.0,1.0,1.0,0.5,1.0,1.0,1.0,0.5,1.0,1.0,1.0,1.0,1.0
197.0,Mega Ampharos,Electric,Dragon,,,,,,,,,,,,,,,,,,,,,,,,,,,,,,,,,,,,,,,,,,,,
198.0,Bellossom,Grass,,['Chlorophyll'],['Healer'],II,75.0,80.0,95.0,90.0,100.0,50.0,490.0,5.8,0.4,0.5,Flower Pokémon,45.0,20.0,['Grass'],"Medium Slow
",70.0,0.0,0.0,0.0,0.0,3.0,3.0,Gloom,1.0,1.0,2.0,2.0,0.5,1.0,2.0,1.0,1.0,2.0,0.5,0.5,0.5,1.0,2.0,1.0,1.0,1.0
199.0,Marill,Water,Fairy,"['Thick Fat', 'Huge Power']",['Sap Sipper'],II,70.0,20.0,50.0,20.0,50.0,40.0,250.0,8.5,0.4,0.5,Aqua Mouse Pokémon,190.0,10.0,['Water 1' 'Fairy'],"Fast
",70.0,0.0,0.0,0.0,0.0,2.0,3.0,Azurill,1.0,0.5,1.0,2.0,1.0,1.0,0.5,1.0,1.0,0.5,0.5,2.0,2.0,1.0,0.5,0.0,0.5,1.0
200.0,Azumarill,Water,Fairy,"['Thick Fat', 'Huge Power']",['Sap Sipper'],II,100.0,50.0,80.0,60.0,80.0,50.0,420.0,28.5,0.8,0.5,Aqua Rabbit Pokémon,75.0,10.0,['Water 1' 'Fairy'],"Fast
",70.0,0.0,0.0,0.0,0.0,3.0,3.0,Marill,1.0,0.5,1.0,2.0,1.0,1.0,0.5,1.0,1.0,0.5,0.5,2.0,2.0,1.0,0.5,0.0,0.5,1.0
201.0,Sudowoodo,Rock,,"['Sturdy', 'Rock Head']",['Rattled'],II,70.0,100.0,115.0,30.0,65.0,30.0,410.0,38.0,1.2,0.5,Imitation Pokémon,65.0,20.0,['Mineral'],"Medium Fast
",70.0,0.0,0.0,0.0,0.0,2.0,2.0,Bonsly,0.5,2.0,0.5,0.5,2.0,1.0,1.0,1.0,2.0,0.5,2.0,2.0,1.0,1.0,1.0,1.0,1.0,1.0
202.0,Politoed,Water,,"['Water Absorb', 'Damp']",['Drizzle'],II,90.0,75.0,75.0,90.0,100.0,70.0,500.0,33.9,1.1,0.5,Frog Pokémon,45.0,20.0,['Water 1'],"Medium Slow
",70.0,0.0,0.0,0.0,0.0,3.0,3.0,Poliwhirl,1.0,1.0,1.0,1.0,1.0,1.0,1.0,1.0,0.5,0.5,0.5,2.0,2.0,1.0,0.5,1.0,1.0,1.0
203.0,Hoppip,Grass,Flying,"['Chlorophyll', 'Leaf Guard']",['Infiltrator'],II,35.0,35.0,40.0,35.0,55.0,50.0,250.0,0.5,0.4,0.5,Cottonweed Pokémon,255.0,20.0,['Fairy' 'Grass'],"Medium Slow
",70.0,0.0,0.0,0.0,0.0,1.0,3.0,No Preevolution,1.0,0.5,2.0,2.0,0.0,2.0,1.0,1.0,1.0,2.0,0.5,0.25,1.0,1.0,4.0,1.0,1.0,1.0
204.0,Skiploom,Grass,Flying,"['Chlorophyll', 'Leaf Guard']",['Infiltrator'],II,55.0,45.0,50.0,45.0,65.0,80.0,340.0,1.0,0.6,0.5,Cottonweed Pokémon,120.0,20.0,['Fairy' 'Grass'],"Medium Slow
",70.0,0.0,0.0,0.0,0.0,2.0,3.0,Hoppip,1.0,0.5,2.0,2.0,0.0,2.0,1.0,1.0,1.0,2.0,0.5,0.25,1.0,1.0,4.0,1.0,1.0,1.0
205.0,Jumpluff,Grass,Flying,"['Chlorophyll', 'Leaf Guard']",['Infiltrator'],II,75.0,55.0,70.0,55.0,95.0,110.0,460.0,3.0,0.8,0.5,Cottonweed Pokémon,45.0,20.0,['Fairy' 'Grass'],"Medium Slow
",70.0,0.0,0.0,0.0,0.0,3.0,3.0,Skiploom,1.0,0.5,2.0,2.0,0.0,2.0,1.0,1.0,1.0,2.0,0.5,0.25,1.0,1.0,4.0,1.0,1.0,1.0
206.0,Aipom,Normal,,"['Run Away', 'Pickup']",['Skill Link'],II,55.0,70.0,55.0,40.0,55.0,85.0,360.0,11.5,0.8,0.5,Long Tail Pokémon,45.0,20.0,['Field'],"Fast
",70.0,0.0,0.0,0.0,0.0,1.0,2.0,No Preevolution,1.0,2.0,1.0,1.0,1.0,1.0,1.0,0.0,1.0,1.0,1.0,1.0,1.0,1.0,1.0,1.0,1.0,1.0
207.0,Sunkern,Grass,,"['Chlorophyll', 'Solar Power']",['Early Bird'],II,30.0,30.0,30.0,30.0,30.0,30.0,180.0,1.8,0.3,0.5,Seed Pokémon,235.0,20.0,['Grass'],"Medium Slow
",70.0,0.0,0.0,0.0,0.0,1.0,2.0,No Preevolution,1.0,1.0,2.0,2.0,0.5,1.0,2.0,1.0,1.0,2.0,0.5,0.5,0.5,1.0,2.0,1.0,1.0,1.0
208.0,Sunflora,Grass,,"['Chlorophyll', 'Solar Power']",['Early Bird'],II,75.0,75.0,55.0,105.0,85.0,30.0,425.0,8.5,0.8,0.5,Sun Pokémon,120.0,20.0,['Grass'],"Medium Slow
",70.0,0.0,0.0,0.0,0.0,2.0,2.0,Sunkern,1.0,1.0,2.0,2.0,0.5,1.0,2.0,1.0,1.0,2.0,0.5,0.5,0.5,1.0,2.0,1.0,1.0,1.0
209.0,Yanma,Bug,Flying,"['Speed Boost', 'Compound Eyes']",['Frisk'],II,65.0,65.0,45.0,75.0,45.0,95.0,390.0,38.0,1.2,0.5,Clear Wing Pokémon,75.0,20.0,['Bug'],"Medium Fast
",70.0,0.0,0.0,0.0,0.0,1.0,2.0,No Preevolution,1.0,0.25,2.0,1.0,0.0,4.0,0.5,1.0,1.0,2.0,1.0,0.25,2.0,1.0,2.0,1.0,1.0,1.0
210.0,Wooper,Water,Ground,"['Damp', 'Water Absorb']",['Unaware'],II,55.0,45.0,45.0,25.0,25.0,15.0,210.0,8.5,0.4,0.5,Water Fish Pokémon,255.0,20.0,['Water 1' 'Field'],"Medium Fast
",70.0,0.0,0.0,0.0,0.0,1.0,2.0,No Preevolution,1.0,1.0,1.0,0.5,1.0,0.5,1.0,1.0,0.5,0.5,1.0,4.0,0.0,1.0,1.0,1.0,1.0,1.0
211.0,Quagsire,Water,Ground,"['Damp', 'Water Absorb']",['Unaware'],II,95.0,85.0,85.0,65.0,65.0,35.0,430.0,75.0,1.4,0.5,Water Fish Pokémon,90.0,20.0,['Water 1' 'Field'],"Medium Fast
",70.0,0.0,0.0,0.0,0.0,2.0,2.0,Wooper,1.0,1.0,1.0,0.5,1.0,0.5,1.0,1.0,0.5,0.5,1.0,4.0,0.0,1.0,1.0,1.0,1.0,1.0
212.0,Espeon,Psychic,,['Synchronize'],['Magic Bounce'],II,65.0,65.0,60.0,130.0,95.0,110.0,525.0,26.5,0.9,0.875,Sun Pokémon,45.0,35.0,['Field'],"Medium Fast
",70.0,0.0,0.0,0.0,0.0,2.0,2.0,Eevee,1.0,0.5,1.0,1.0,1.0,1.0,2.0,2.0,1.0,1.0,1.0,1.0,1.0,0.5,1.0,1.0,2.0,1.0
213.0,Umbreon,Dark,,['Synchronize'],['Inner Focus'],II,95.0,65.0,110.0,60.0,130.0,65.0,525.0,27.0,1.0,0.875,Moonlight Pokémon,45.0,35.0,['Field'],"Medium Fast
",35.0,0.0,0.0,0.0,0.0,2.0,2.0,Eevee,1.0,2.0,1.0,1.0,1.0,1.0,2.0,0.5,1.0,1.0,1.0,1.0,1.0,0.0,1.0,1.0,0.5,2.0
214.0,Murkrow,Dark,Flying,"['Insomnia', 'Super Luck']",['Prankster'],II,60.0,85.0,42.0,85.0,42.0,91.0,405.0,2.1,0.5,0.5,Darkness Pokémon,30.0,20.0,['Flying'],"Medium Slow
",35.0,0.0,0.0,0.0,0.0,1.0,2.0,No Preevolution,1.0,1.0,1.0,1.0,0.0,2.0,1.0,0.5,1.0,1.0,1.0,0.5,2.0,0.0,2.0,1.0,0.5,2.0
215.0,Slowking,Water,Psychic,"['Oblivious', 'Own Tempo']",['Regenerator'],II,95.0,75.0,80.0,100.0,110.0,30.0,490.0,79.5,2.0,0.5,Royal Pokémon,70.0,20.0,['Monster' 'Water 1'],"Medium Fast
",70.0,0.0,0.0,0.0,0.0,2.0,2.0,Slowpoke,1.0,0.5,1.0,1.0,1.0,1.0,2.0,2.0,0.5,0.5,0.5,2.0,2.0,0.5,0.5,1.0,2.0,1.0
216.0,Misdreavus,Ghost,,['Levitate'],[],II,60.0,60.0,60.0,85.0,85.0,85.0,435.0,1.0,0.7,0.5,Screech Pokémon,45.0,25.0,['Amorphous'],"Fast
",35.0,0.0,0.0,0.0,0.0,1.0,2.0,No Preevolution,0.0,0.0,1.0,0.5,1.0,1.0,0.5,2.0,1.0,1.0,1.0,1.0,1.0,1.0,1.0,1.0,2.0,1.0
217.0,Unown,Psychic,,,,,,,,,,,,,,,,,,,,,,,,,,,,,,,,,,,,,,,,,,,,,
218.0,Wobbuffet,Psychic,,['Shadow Tag'],['Telepathy'],II,190.0,33.0,58.0,33.0,58.0,33.0,405.0,28.5,1.3,0.5,Patient Pokémon,45.0,20.0,['Amorphous'],"Medium Fast
",70.0,0.0,0.0,0.0,0.0,2.0,2.0,Wynaut,1.0,0.5,1.0,1.0,1.0,1.0,2.0,2.0,1.0,1.0,1.0,1.0,1.0,0.5,1.0,1.0,2.0,1.0
219.0,Girafarig,Normal,Psychic,"['Inner Focus', 'Early Bird']",['Sap Sipper'],II,70.0,80.0,65.0,90.0,65.0,85.0,455.0,41.5,1.5,0.5,Long Neck Pokémon,60.0,20.0,['Field'],"Medium Fast
",70.0,0.0,0.0,0.0,0.0,1.0,2.0,No Preevolution,1.0,1.0,1.0,1.0,1.0,1.0,2.0,0.0,1.0,1.0,1.0,1.0,1.0,0.5,1.0,1.0,2.0,1.0
220.0,Pineco,Bug,,['Sturdy'],['Overcoat'],II,50.0,65.0,90.0,35.0,35.0,15.0,290.0,7.2,0.6,0.5,Bagworm Pokémon,190.0,20.0,['Bug'],"Medium Fast
",70.0,0.0,0.0,0.0,0.0,1.0,2.0,No Preevolution,1.0,0.5,2.0,1.0,0.5,2.0,1.0,1.0,1.0,2.0,1.0,0.5,1.0,1.0,1.0,1.0,1.0,1.0
221.0,Forretress,Bug,Steel,['Sturdy'],['Overcoat'],II,75.0,90.0,140.0,60.0,60.0,40.0,465.0,125.8,1.2,0.5,Bagworm Pokémon,75.0,20.0,['Bug'],"Medium Fast
",70.0,0.0,0.0,0.0,0.0,2.0,2.0,Pineco,0.5,1.0,1.0,0.0,1.0,1.0,0.5,1.0,0.5,4.0,1.0,0.25,1.0,0.5,0.5,0.5,1.0,0.5
222.0,Dunsparce,Normal,,"['Serene Grace', 'Run Away']",['Rattled'],II,100.0,70.0,70.0,65.0,65.0,45.0,415.0,14.0,1.5,0.5,Land Snake Pokémon,190.0,20.0,['Field'],"Medium Fast
",70.0,0.0,0.0,0.0,0.0,1.0,2.0,No Preevolution,1.0,2.0,1.0,1.0,1.0,1.0,1.0,0.0,1.0,1.0,1.0,1.0,1.0,1.0,1.0,1.0,1.0,1.0
223.0,Gligar,Ground,Flying,"['Hyper Cutter', 'Sand Veil']",['Immunity'],II,65.0,75.0,105.0,35.0,65.0,85.0,430.0,64.8,1.1,0.5,Fly Scorpion Pokémon,60.0,20.0,['Bug'],"Medium Slow
",70.0,0.0,0.0,0.0,0.0,1.0,2.0,No Preevolution,1.0,0.5,1.0,0.5,0.0,1.0,0.5,1.0,1.0,1.0,2.0,1.0,0.0,1.0,4.0,1.0,1.0,1.0
224.0,Steelix,Steel,Ground,"['Rock Head', 'Sturdy']",['Sheer Force'],II,75.0,85.0,200.0,55.0,65.0,30.0,610.0,400.0,9.2,0.5,Iron Snake Pokémon,25.0,25.0,['Mineral'],"Medium Fast
",70.0,0.0,0.0,0.0,1.0,2.0,2.0,Onix,0.5,2.0,0.5,0.0,2.0,0.25,0.5,1.0,0.5,2.0,2.0,1.0,0.0,0.5,1.0,0.5,1.0,0.5
225.0,Mega Steelix,Steel,Ground,,,,,,,,,,,,,,,,,,,,,,,,,,,,,,,,,,,,,,,,,,,,
226.0,Snubbull,Fairy,,"['Intimidate', 'Run Away']",['Rattled'],II,60.0,80.0,50.0,40.0,40.0,30.0,300.0,7.8,0.6,0.25,Fairy Pokémon,190.0,20.0,['Field' 'Fairy'],"Fast
",70.0,0.0,0.0,0.0,0.0,1.0,2.0,No Preevolution,1.0,0.5,1.0,2.0,1.0,1.0,0.5,1.0,2.0,1.0,1.0,1.0,1.0,1.0,1.0,0.0,0.5,1.0
227.0,Granbull,Fairy,,"['Intimidate', 'Quick Feet']",['Rattled'],II,90.0,120.0,75.0,60.0,60.0,45.0,450.0,48.7,1.4,0.25,Fairy Pokémon,75.0,20.0,['Field' 'Fairy'],"Fast
",70.0,0.0,0.0,0.0,0.0,2.0,2.0,Snubbull,1.0,0.5,1.0,2.0,1.0,1.0,0.5,1.0,2.0,1.0,1.0,1.0,1.0,1.0,1.0,0.0,0.5,1.0
228.0,Qwilfish,Water,Poison,"['Poison Point', 'Swift Swim']",['Intimidate'],II,65.0,95.0,85.0,55.0,55.0,85.0,440.0,3.9,0.5,0.5,Balloon Pokémon,45.0,20.0,['Water 2'],"Medium Fast
",70.0,0.0,0.0,0.0,0.0,1.0,2.0,No Preevolution,1.0,0.5,1.0,0.5,2.0,1.0,0.5,1.0,0.5,0.5,0.5,1.0,2.0,2.0,0.5,1.0,1.0,0.5
229.0,Scizor,Bug,Steel,"['Swarm', 'Technician']",['Light Metal'],II,70.0,130.0,100.0,55.0,80.0,65.0,600.0,118.0,1.8,0.5,Pincer Pokémon,25.0,25.0,['Bug'],"Medium Fast
",70.0,0.0,0.0,0.0,1.0,2.0,2.0,Scyther,0.5,1.0,1.0,0.0,1.0,1.0,0.5,1.0,0.5,4.0,1.0,0.25,1.0,0.5,0.5,0.5,1.0,0.5
230.0,Mega Scizor,Bug,Steel,,,,,,,,,,,,,,,,,,,,,,,,,,,,,,,,,,,,,,,,,,,,
231.0,Shuckle,Bug,Rock,"['Sturdy', 'Gluttony']",['Contrary'],II,20.0,10.0,230.0,10.0,230.0,5.0,505.0,20.5,0.6,0.5,Mold Pokémon,190.0,20.0,['Bug'],"Medium Slow
",70.0,0.0,0.0,0.0,0.0,1.0,1.0,No Preevolution,0.5,1.0,1.0,0.5,1.0,2.0,1.0,1.0,2.0,1.0,2.0,1.0,1.0,1.0,1.0,1.0,1.0,1.0
232.0,Heracross,Bug,Fighting,"['Swarm', 'Guts']",['Moxie'],II,80.0,125.0,75.0,40.0,95.0,85.0,600.0,54.0,1.5,0.5,Single Horn Pokémon,45.0,25.0,['Bug'],"Slow
",70.0,0.0,0.0,0.0,1.0,1.0,1.0,No Preevolution,1.0,0.5,4.0,1.0,0.5,1.0,0.5,1.0,1.0,2.0,1.0,0.5,1.0,2.0,1.0,1.0,0.5,2.0
233.0,Mega Heracross,Bug,Fighting,,,,,,,,,,,,,,,,,,,,,,,,,,,,,,,,,,,,,,,,,,,,
234.0,Sneasel,Dark,Ice,"['Inner Focus', 'Keen Eye']",['Pickpocket'],II,55.0,95.0,55.0,35.0,75.0,115.0,430.0,28.0,0.9,0.5,Sharp Claw Pokémon,60.0,20.0,['Field'],"Medium Slow
",35.0,0.0,0.0,0.0,0.0,1.0,2.0,No Preevolution,1.0,4.0,1.0,1.0,1.0,2.0,2.0,0.5,2.0,2.0,1.0,1.0,1.0,0.0,0.5,1.0,0.5,2.0
235.0,Teddiursa,Normal,,"['Pickup', 'Quick Feet']",['Honey Gather'],II,60.0,80.0,50.0,50.0,50.0,40.0,330.0,8.8,0.6,0.5,Little Bear Pokémon,120.0,20.0,['Field'],"Medium Fast
",70.0,0.0,0.0,0.0,0.0,1.0,3.0,No Preevolution,1.0,2.0,1.0,1.0,1.0,1.0,1.0,0.0,1.0,1.0,1.0,1.0,1.0,1.0,1.0,1.0,1.0,1.0
236.0,Ursaring,Normal,,"['Guts', 'Quick Feet']",['Unnerve'],II,90.0,130.0,75.0,75.0,75.0,55.0,500.0,125.8,1.8,0.5,Hibernator Pokémon,60.0,20.0,['Field'],"Medium Fast
",70.0,0.0,0.0,0.0,0.0,2.0,3.0,Teddiursa,1.0,2.0,1.0,1.0,1.0,1.0,1.0,0.0,1.0,1.0,1.0,1.0,1.0,1.0,1.0,1.0,1.0,1.0
237.0,Slugma,Fire,,"['Magma Armor', 'Flame Body']",['Weak Armor'],II,40.0,40.0,40.0,70.0,40.0,20.0,250.0,35.0,0.7,0.5,Lava Pokémon,190.0,20.0,['Amorphous'],"Medium Fast
",70.0,0.0,0.0,0.0,0.0,1.0,2.0,No Preevolution,1.0,1.0,1.0,1.0,2.0,2.0,0.5,1.0,0.5,0.5,2.0,0.5,1.0,1.0,0.5,1.0,1.0,0.5
238.0,Magcargo,Fire,Rock,"['Magma Armor', 'Flame Body']",['Weak Armor'],II,60.0,50.0,120.0,90.0,80.0,30.0,430.0,55.0,0.8,0.5,Lava Pokémon,75.0,20.0,['Amorphous'],"Medium Fast
",70.0,0.0,0.0,0.0,0.0,2.0,2.0,Slugma,0.5,2.0,0.5,0.5,4.0,2.0,0.5,1.0,1.0,0.25,4.0,1.0,1.0,1.0,0.5,1.0,1.0,0.5
239.0,Swinub,Ice,Ground,"['Oblivious', 'Snow Cloak']",['Thick Fat'],II,50.0,50.0,40.0,30.0,30.0,50.0,250.0,6.5,0.4,0.5,Pig Pokémon,225.0,20.0,['Field'],"Slow
",70.0,0.0,0.0,0.0,0.0,1.0,3.0,No Preevolution,1.0,2.0,1.0,0.5,1.0,1.0,1.0,1.0,2.0,2.0,2.0,2.0,0.0,1.0,1.0,1.0,1.0,1.0
240.0,Piloswine,Ice,Ground,"['Oblivious', 'Snow Cloak']",['Thick Fat'],II,100.0,100.0,80.0,60.0,60.0,50.0,450.0,55.8,1.1,0.5,Swine Pokémon,75.0,20.0,['Field'],"Slow
",70.0,0.0,0.0,0.0,0.0,2.0,3.0,Swinub,1.0,2.0,1.0,0.5,1.0,1.0,1.0,1.0,2.0,2.0,2.0,2.0,0.0,1.0,1.0,1.0,1.0,1.0
241.0,Corsola,Water,Rock,"['Hustle', 'Natural Cure']",['Regenerator'],II,65.0,55.0,95.0,65.0,95.0,35.0,410.0,5.0,0.6,0.25,Coral Pokémon,60.0,20.0,['Water 1' 'Water 3'],"Fast
",70.0,0.0,0.0,0.0,0.0,1.0,2.0,No Preevolution,0.5,2.0,0.5,0.5,2.0,1.0,1.0,1.0,1.0,0.25,1.0,4.0,2.0,1.0,0.5,1.0,1.0,1.0
242.0,Remoraid,Water,,"['Hustle', 'Sniper']",['Moody'],II,35.0,65.0,35.0,65.0,35.0,65.0,300.0,12.0,0.6,0.5,Jet Pokémon,190.0,20.0,['Water 1' 'Water 2'],"Medium Fast
",70.0,0.0,0.0,0.0,0.0,1.0,2.0,No Preevolution,1.0,1.0,1.0,1.0,1.0,1.0,1.0,1.0,0.5,0.5,0.5,2.0,2.0,1.0,0.5,1.0,1.0,1.0
243.0,Octillery,Water,,"['Suction Cups', 'Sniper']",['Moody'],II,75.0,105.0,75.0,105.0,75.0,45.0,480.0,28.5,0.9,0.5,Jet Pokémon,75.0,20.0,['Water 1' 'Water 2'],"Medium Fast
",70.0,0.0,0.0,0.0,0.0,2.0,2.0,Remoraid,1.0,1.0,1.0,1.0,1.0,1.0,1.0,1.0,0.5,0.5,0.5,2.0,2.0,1.0,0.5,1.0,1.0,1.0
244.0,Delibird,Ice,Flying,"['Vital Spirit', 'Hustle']",['Insomnia'],II,45.0,55.0,45.0,65.0,45.0,75.0,330.0,16.0,0.9,0.5,Delivery Pokémon,45.0,20.0,['Water 1' 'Field'],"Fast
",70.0,0.0,0.0,0.0,0.0,1.0,1.0,No Preevolution,1.0,1.0,1.0,1.0,0.0,4.0,0.5,1.0,2.0,2.0,1.0,0.5,2.0,1.0,1.0,1.0,1.0,1.0
245.0,Mantine,Water,Flying,"['Swift Swim', 'Water Absorb']",['Water Veil'],II,85.0,40.0,70.0,80.0,140.0,70.0,485.0,220.0,2.1,0.5,Kite Pokémon,25.0,25.0,['Water 1'],"Slow
",70.0,0.0,0.0,0.0,0.0,2.0,2.0,Mantyke,1.0,0.5,1.0,1.0,0.0,2.0,0.5,1.0,0.5,0.5,0.5,1.0,4.0,1.0,1.0,1.0,1.0,1.0
246.0,Skarmory,Steel,Flying,"['Keen Eye', 'Sturdy']",['Weak Armor'],II,65.0,80.0,140.0,40.0,70.0,70.0,465.0,50.5,1.7,0.5,Armor Bird Pokémon,25.0,25.0,['Flying'],"Slow
",70.0,0.0,0.0,0.0,0.0,1.0,1.0,No Preevolution,0.5,1.0,0.5,0.0,0.0,1.0,0.25,1.0,0.5,2.0,1.0,0.25,2.0,0.5,1.0,0.5,1.0,0.5
247.0,Houndour,Dark,Fire,"['Early Bird', 'Flash Fire']",['Unnerve'],II,45.0,60.0,30.0,80.0,50.0,65.0,330.0,10.8,0.6,0.5,Dark Pokémon,120.0,20.0,['Field'],"Slow
",35.0,0.0,0.0,0.0,0.0,1.0,2.0,No Preevolution,1.0,2.0,1.0,1.0,2.0,2.0,1.0,0.5,0.5,0.5,2.0,0.5,1.0,0.0,0.5,1.0,0.5,1.0
248.0,Houndoom,Dark,Fire,"['Early Bird', 'Flash Fire']",['Unnerve'],II,75.0,90.0,50.0,110.0,80.0,95.0,600.0,35.0,1.4,0.5,Dark Pokémon,45.0,20.0,['Field'],"Slow
",35.0,0.0,0.0,0.0,1.0,2.0,2.0,Houndour,1.0,2.0,1.0,1.0,2.0,2.0,1.0,0.5,0.5,0.5,2.0,0.5,1.0,0.0,0.5,1.0,0.5,1.0
249.0,Mega Houndoom,Dark,Fire,,,,,,,,,,,,,,,,,,,,,,,,,,,,,,,,,,,,,,,,,,,,
250.0,Kingdra,Water,Dragon,"['Swift Swim', 'Sniper']",['Damp'],II,75.0,95.0,95.0,95.0,95.0,85.0,540.0,152.0,1.8,0.5,Dragon Pokémon,45.0,20.0,['Water 1' 'Dragon'],"Medium Fast
",70.0,0.0,0.0,0.0,0.0,3.0,3.0,Seadra,1.0,1.0,1.0,1.0,1.0,1.0,1.0,1.0,0.5,0.25,0.25,1.0,1.0,1.0,1.0,2.0,1.0,2.0
251.0,Phanpy,Ground,,['Pickup'],['Sand Veil'],II,90.0,60.0,60.0,40.0,40.0,40.0,330.0,33.5,0.5,0.5,Long Nose Pokémon,120.0,20.0,['Field'],"Medium Fast
",70.0,0.0,0.0,0.0,0.0,1.0,2.0,No Preevolution,1.0,1.0,1.0,0.5,1.0,0.5,1.0,1.0,1.0,1.0,2.0,2.0,0.0,1.0,2.0,1.0,1.0,1.0
252.0,Donphan,Ground,,['Sturdy'],['Sand Veil'],II,90.0,120.0,120.0,60.0,60.0,50.0,500.0,120.0,1.1,0.5,Armor Pokémon,60.0,20.0,['Field'],"Medium Fast
",70.0,0.0,0.0,0.0,0.0,2.0,2.0,Phanpy,1.0,1.0,1.0,0.5,1.0,0.5,1.0,1.0,1.0,1.0,2.0,2.0,0.0,1.0,2.0,1.0,1.0,1.0
253.0,Porygon2,Normal,,"['Trace', 'Download']",['Analytic'],II,85.0,80.0,90.0,105.0,95.0,60.0,515.0,32.5,0.6,-,Virtual Pokémon,45.0,20.0,['Mineral'],"Medium Fast
",70.0,0.0,0.0,0.0,0.0,2.0,3.0,Porygon,1.0,2.0,1.0,1.0,1.0,1.0,1.0,0.0,1.0,1.0,1.0,1.0,1.0,1.0,1.0,1.0,1.0,1.0
254.0,Stantler,Normal,,"['Intimidate', 'Frisk']",['Sap Sipper'],II,73.0,95.0,62.0,85.0,65.0,85.0,465.0,71.2,1.4,0.5,Big Horn Pokémon,45.0,20.0,['Field'],"Slow
",70.0,0.0,0.0,0.0,0.0,1.0,2.0,No Preevolution,1.0,2.0,1.0,1.0,1.0,1.0,1.0,0.0,1.0,1.0,1.0,1.0,1.0,1.0,1.0,1.0,1.0,1.0
255.0,Smeargle,Normal,,"['Own Tempo', 'Technician']",['Moody'],II,55.0,20.0,35.0,20.0,45.0,75.0,250.0,58.0,1.2,0.5,Painter Pokémon,45.0,20.0,['Field'],"Fast
",70.0,0.0,0.0,0.0,0.0,1.0,1.0,No Preevolution,1.0,2.0,1.0,1.0,1.0,1.0,1.0,0.0,1.0,1.0,1.0,1.0,1.0,1.0,1.0,1.0,1.0,1.0
256.0,Tyrogue,Fighting,,"['Guts', 'Steadfast']",['Vital Spirit'],II,35.0,35.0,35.0,35.0,35.0,35.0,210.0,21.0,0.7,1.0,Scuffle Pokémon,75.0,25.0,-,"Medium Fast
",70.0,0.0,0.0,0.0,0.0,1.0,2.0,No Preevolution,1.0,1.0,2.0,1.0,1.0,0.5,0.5,1.0,1.0,1.0,1.0,1.0,1.0,2.0,1.0,1.0,0.5,2.0
257.0,Hitmontop,Fighting,,"['Intimidate', 'Technician']",['Steadfast'],II,50.0,95.0,95.0,35.0,110.0,70.0,455.0,48.0,1.4,1.0,Handstand Pokémon,45.0,25.0,['Human-Like'],"Medium Fast
",70.0,0.0,0.0,0.0,0.0,2.0,2.0,Tyrogue,1.0,1.0,2.0,1.0,1.0,0.5,0.5,1.0,1.0,1.0,1.0,1.0,1.0,2.0,1.0,1.0,0.5,2.0
258.0,Smoochum,Ice,Psychic,"['Oblivious', 'Forewarn']",['Hydration'],II,45.0,30.0,15.0,85.0,65.0,65.0,305.0,6.0,0.4,0.0,Kiss Pokémon,45.0,25.0,-,"Medium Fast
",70.0,0.0,0.0,0.0,0.0,1.0,2.0,No Preevolution,1.0,1.0,1.0,1.0,1.0,2.0,2.0,2.0,2.0,2.0,1.0,1.0,1.0,0.5,0.5,1.0,2.0,1.0
259.0,Elekid,Electric,,['Static'],['Vital Spirit'],II,45.0,63.0,37.0,65.0,55.0,95.0,360.0,23.5,0.6,0.75,Electric Pokémon,45.0,25.0,-,"Medium Fast
",70.0,0.0,0.0,0.0,0.0,1.0,3.0,No Preevolution,1.0,1.0,0.5,1.0,2.0,1.0,1.0,1.0,0.5,1.0,1.0,1.0,0.5,1.0,1.0,1.0,1.0,1.0
260.0,Magby,Fire,,['Flame Body'],['Vital Spirit'],II,45.0,75.0,37.0,70.0,55.0,83.0,365.0,21.4,0.7,0.75,Live Coal Pokémon,45.0,25.0,-,"Medium Fast
",70.0,0.0,0.0,0.0,0.0,1.0,3.0,No Preevolution,1.0,1.0,1.0,1.0,2.0,2.0,0.5,1.0,0.5,0.5,2.0,0.5,1.0,1.0,0.5,1.0,1.0,0.5
261.0,Miltank,Normal,,"['Thick Fat', 'Scrappy']",['Sap Sipper'],II,95.0,80.0,105.0,40.0,70.0,100.0,490.0,75.5,1.2,0.0,Milk Cow Pokémon,45.0,20.0,['Field'],"Slow
",70.0,0.0,0.0,0.0,0.0,1.0,1.0,No Preevolution,1.0,2.0,1.0,1.0,1.0,1.0,1.0,0.0,1.0,1.0,1.0,1.0,1.0,1.0,1.0,1.0,1.0,1.0
262.0,Blissey,Normal,,"['Natural Cure', 'Serene Grace']",['Healer'],II,255.0,10.0,10.0,75.0,135.0,55.0,540.0,46.8,1.5,0.0,Happiness Pokémon,30.0,40.0,['Fairy'],"Fast
",140.0,0.0,0.0,0.0,0.0,3.0,3.0,Chansey,1.0,2.0,1.0,1.0,1.0,1.0,1.0,0.0,1.0,1.0,1.0,1.0,1.0,1.0,1.0,1.0,1.0,1.0
263.0,Raikou,Electric,,['Pressure'],['Inner Focus'],II,90.0,85.0,75.0,115.0,100.0,115.0,580.0,178.0,1.9,-,Thunder Pokémon,3.0,80.0,-,"Slow
",35.0,1.0,0.0,0.0,0.0,1.0,1.0,No Preevolution,1.0,1.0,0.5,1.0,2.0,1.0,1.0,1.0,0.5,1.0,1.0,1.0,0.5,1.0,1.0,1.0,1.0,1.0
264.0,Entei,Fire,,['Pressure'],['Inner Focus'],II,115.0,115.0,85.0,90.0,75.0,100.0,580.0,198.0,2.1,-,Volcano Pokémon,3.0,80.0,-,"Slow
",35.0,1.0,0.0,0.0,0.0,1.0,1.0,No Preevolution,1.0,1.0,1.0,1.0,2.0,2.0,0.5,1.0,0.5,0.5,2.0,0.5,1.0,1.0,0.5,1.0,1.0,0.5
265.0,Suicune,Water,,['Pressure'],['Inner Focus'],II,100.0,75.0,115.0,90.0,115.0,85.0,580.0,187.0,2.0,-,Aurora Pokémon,3.0,80.0,-,"Slow
",35.0,1.0,0.0,0.0,0.0,1.0,1.0,No Preevolution,1.0,1.0,1.0,1.0,1.0,1.0,1.0,1.0,0.5,0.5,0.5,2.0,2.0,1.0,0.5,1.0,1.0,1.0
266.0,Larvitar,Rock,Ground,['Guts'],['Sand Veil'],II,50.0,64.0,50.0,45.0,50.0,41.0,300.0,72.0,0.6,0.5,Rock Skin Pokémon,45.0,40.0,['Monster'],"Slow
",35.0,0.0,0.0,0.0,0.0,1.0,3.0,No Preevolution,0.5,2.0,0.5,0.25,2.0,0.5,1.0,1.0,2.0,0.5,4.0,4.0,0.0,1.0,2.0,1.0,1.0,1.0
267.0,Pupitar,Rock,Ground,['Shed Skin'],[],II,70.0,84.0,70.0,65.0,70.0,51.0,410.0,152.0,1.2,0.5,Hard Shell Pokémon,45.0,40.0,['Monster'],"Slow
",35.0,0.0,0.0,0.0,0.0,2.0,3.0,Larvitar,0.5,2.0,0.5,0.25,2.0,0.5,1.0,1.0,2.0,0.5,4.0,4.0,0.0,1.0,2.0,1.0,1.0,1.0
268.0,Tyranitar,Rock,Dark,['Sand Stream'],['Unnerve'],II,100.0,134.0,110.0,95.0,100.0,61.0,700.0,202.0,2.0,0.5,Armor Pokémon,45.0,40.0,['Monster'],"Slow
",35.0,0.0,0.0,0.0,1.0,3.0,3.0,Pupitar,0.5,4.0,0.5,0.5,2.0,1.0,2.0,0.5,2.0,0.5,2.0,2.0,1.0,0.0,1.0,1.0,0.5,2.0
269.0,Mega Tyranitar,Rock,Dark,,,,,,,,,,,,,,,,,,,,,,,,,,,,,,,,,,,,,,,,,,,,
270.0,Lugia,Psychic,Flying,['Pressure'],['Multiscale'],II,106.0,90.0,130.0,90.0,154.0,110.0,680.0,216.0,5.2,-,Diving Pokémon,3.0,120.0,-,"Slow
",0.0,1.0,0.0,0.0,0.0,1.0,1.0,No Preevolution,1.0,0.25,1.0,1.0,0.0,2.0,1.0,2.0,1.0,1.0,1.0,0.5,2.0,0.5,2.0,1.0,2.0,1.0
271.0,Ho-oh,Fire,Flying,,,,,,,,,,,,,,,,,,,,,,,,,,,,,,,,,,,,,,,,,,,,
272.0,Celebi,Psychic,Grass,['Natural Cure'],[],II,100.0,100.0,100.0,100.0,100.0,100.0,600.0,5.0,0.6,-,Time Travel Pokémon,45.0,120.0,-,"Medium Slow
",100.0,0.0,1.0,0.0,0.0,1.0,1.0,No Preevolution,1.0,0.5,2.0,2.0,0.5,1.0,4.0,2.0,1.0,2.0,0.5,0.5,0.5,0.5,2.0,1.0,2.0,1.0
273.0,Treecko,Grass,,['Overgrow'],['Unburden'],III,40.0,45.0,35.0,65.0,55.0,70.0,310.0,5.0,0.5,0.875,Wood Gecko Pokémon,45.0,20.0,['Monster' 'Dragon'],"Medium Slow
",70.0,0.0,0.0,0.0,0.0,1.0,3.0,No Preevolution,1.0,1.0,2.0,2.0,0.5,1.0,2.0,1.0,1.0,2.0,0.5,0.5,0.5,1.0,2.0,1.0,1.0,1.0
274.0,Grovyle,Grass,,['Overgrow'],['Unburden'],III,50.0,65.0,45.0,85.0,65.0,95.0,405.0,21.6,0.9,0.875,Wood Gecko Pokémon,45.0,20.0,['Monster' 'Dragon'],"Medium Slow
",70.0,0.0,0.0,0.0,0.0,2.0,3.0,Treecko,1.0,1.0,2.0,2.0,0.5,1.0,2.0,1.0,1.0,2.0,0.5,0.5,0.5,1.0,2.0,1.0,1.0,1.0
275.0,Sceptile,Grass,,['Overgrow'],['Unburden'],III,70.0,85.0,65.0,105.0,85.0,120.0,630.0,52.2,1.7,0.875,Forest Pokémon,45.0,20.0,['Monster' 'Dragon'],"Medium Slow
",70.0,0.0,0.0,0.0,1.0,3.0,3.0,Grovyle,1.0,1.0,2.0,2.0,0.5,1.0,2.0,1.0,1.0,2.0,0.5,0.5,0.5,1.0,2.0,1.0,1.0,1.0
276.0,Mega Sceptile,Grass,Dragon,,,,,,,,,,,,,,,,,,,,,,,,,,,,,,,,,,,,,,,,,,,,
277.0,Torchic,Fire,,['Blaze'],['Speed Boost'],III,45.0,60.0,40.0,70.0,50.0,45.0,310.0,2.5,0.4,0.875,Chick Pokémon,45.0,20.0,['Field'],"Medium Slow
",70.0,0.0,0.0,0.0,0.0,1.0,3.0,No Preevolution,1.0,1.0,1.0,1.0,2.0,2.0,0.5,1.0,0.5,0.5,2.0,0.5,1.0,1.0,0.5,1.0,1.0,0.5
278.0,Combusken,Fire,Fighting,['Blaze'],['Speed Boost'],III,60.0,85.0,60.0,85.0,60.0,55.0,405.0,19.5,0.9,0.875,Young Fowl Pokémon,45.0,20.0,['Field'],"Medium Slow
",70.0,0.0,0.0,0.0,0.0,2.0,3.0,Torchic,1.0,1.0,2.0,1.0,2.0,1.0,0.25,1.0,0.5,0.5,2.0,0.5,1.0,2.0,0.5,1.0,0.5,1.0
279.0,Blaziken,Fire,Fighting,['Blaze'],['Speed Boost'],III,80.0,120.0,70.0,110.0,70.0,80.0,630.0,52.0,1.9,0.875,Blaze Pokémon,45.0,20.0,['Field'],"Medium Slow
",70.0,0.0,0.0,0.0,1.0,3.0,3.0,Combusken,1.0,1.0,2.0,1.0,2.0,1.0,0.25,1.0,0.5,0.5,2.0,0.5,1.0,2.0,0.5,1.0,0.5,1.0
280.0,Mega Blaziken,Fire,Fighting,,,,,,,,,,,,,,,,,,,,,,,,,,,,,,,,,,,,,,,,,,,,
281.0,Mudkip,Water,,['Torrent'],['Damp'],III,50.0,70.0,50.0,50.0,50.0,40.0,310.0,7.6,0.4,0.875,Mud Fish Pokémon,45.0,20.0,['Monster' 'Water 1'],"Medium Slow
",70.0,0.0,0.0,0.0,0.0,1.0,3.0,No Preevolution,1.0,1.0,1.0,1.0,1.0,1.0,1.0,1.0,0.5,0.5,0.5,2.0,2.0,1.0,0.5,1.0,1.0,1.0
282.0,Marshtomp,Water,Ground,['Torrent'],['Damp'],III,70.0,85.0,70.0,60.0,70.0,50.0,405.0,28.0,0.7,0.875,Mud Fish Pokémon,45.0,20.0,['Monster' 'Water 1'],"Medium Slow
",70.0,0.0,0.0,0.0,0.0,2.0,3.0,Mudkip,1.0,1.0,1.0,0.5,1.0,0.5,1.0,1.0,0.5,0.5,1.0,4.0,0.0,1.0,1.0,1.0,1.0,1.0
283.0,Swampert,Water,Ground,['Torrent'],['Damp'],III,100.0,110.0,90.0,85.0,90.0,60.0,635.0,81.9,1.5,0.875,Mud Fish Pokémon,45.0,20.0,['Monster' 'Water 1'],"Medium Slow
",70.0,0.0,0.0,0.0,1.0,3.0,3.0,Marshtomp,1.0,1.0,1.0,0.5,1.0,0.5,1.0,1.0,0.5,0.5,1.0,4.0,0.0,1.0,1.0,1.0,1.0,1.0
284.0,Mega Swampert,Water,Ground,,,,,,,,,,,,,,,,,,,,,,,,,,,,,,,,,,,,,,,,,,,,
285.0,Poochyena,Dark,,"['Run Away', 'Quick Feet']",['Rattled'],III,35.0,55.0,35.0,30.0,30.0,35.0,220.0,13.6,0.5,0.5,Bite Pokémon,255.0,15.0,['Field'],"Medium Fast
",70.0,0.0,0.0,0.0,0.0,1.0,2.0,No Preevolution,1.0,2.0,1.0,1.0,1.0,1.0,2.0,0.5,1.0,1.0,1.0,1.0,1.0,0.0,1.0,1.0,0.5,2.0
286.0,Mightyena,Dark,,"['Intimidate', 'Quick Feet']",['Moxie'],III,70.0,90.0,70.0,60.0,60.0,70.0,420.0,37.0,1.0,0.5,Bite Pokémon,127.0,15.0,['Field'],"Medium Fast
",70.0,0.0,0.0,0.0,0.0,2.0,2.0,Poochyena,1.0,2.0,1.0,1.0,1.0,1.0,2.0,0.5,1.0,1.0,1.0,1.0,1.0,0.0,1.0,1.0,0.5,2.0
287.0,Zigzagoon,Normal,,"['Pickup', 'Gluttony']",['Quick Feet'],III,38.0,30.0,41.0,30.0,41.0,60.0,240.0,17.5,0.4,0.5,Tiny Raccoon Pokémon,255.0,15.0,['Field'],"Medium Fast
",70.0,0.0,0.0,0.0,0.0,1.0,2.0,No Preevolution,1.0,2.0,1.0,1.0,1.0,1.0,1.0,0.0,1.0,1.0,1.0,1.0,1.0,1.0,1.0,1.0,1.0,1.0
288.0,Linoone,Normal,,"['Pickup', 'Gluttony']",['Quick Feet'],III,78.0,70.0,61.0,50.0,61.0,100.0,420.0,32.5,0.5,0.5,Rushing Pokémon,90.0,15.0,['Field'],"Medium Fast
",70.0,0.0,0.0,0.0,0.0,2.0,2.0,Zigzagoon,1.0,2.0,1.0,1.0,1.0,1.0,1.0,0.0,1.0,1.0,1.0,1.0,1.0,1.0,1.0,1.0,1.0,1.0
289.0,Wurmple,Bug,,['Shield Dust'],['Run Away'],III,45.0,45.0,35.0,20.0,30.0,20.0,195.0,3.6,0.3,0.5,Worm Pokémon,255.0,15.0,['Bug'],"Medium Fast
",70.0,0.0,0.0,0.0,0.0,1.0,3.0,No Preevolution,1.0,0.5,2.0,1.0,0.5,2.0,1.0,1.0,1.0,2.0,1.0,0.5,1.0,1.0,1.0,1.0,1.0,1.0
290.0,Silcoon,Bug,,['Shed Skin'],[],III,50.0,35.0,55.0,25.0,25.0,15.0,205.0,10.0,0.6,0.5,Cocoon Pokémon,120.0,15.0,['Bug'],"Medium Fast
",70.0,0.0,0.0,0.0,0.0,2.0,3.0,Wurmple,1.0,0.5,2.0,1.0,0.5,2.0,1.0,1.0,1.0,2.0,1.0,0.5,1.0,1.0,1.0,1.0,1.0,1.0
291.0,Beautifly,Bug,Flying,['Swarm'],['Rivalry'],III,60.0,70.0,50.0,100.0,50.0,65.0,395.0,28.4,1.0,0.5,Butterfly Pokémon,45.0,15.0,['Bug'],"Medium Fast
",70.0,0.0,0.0,0.0,0.0,3.0,3.0,Silcoon,1.0,0.25,2.0,1.0,0.0,4.0,0.5,1.0,1.0,2.0,1.0,0.25,2.0,1.0,2.0,1.0,1.0,1.0
292.0,Cascoon,Bug,,['Shed Skin'],[],III,50.0,35.0,55.0,25.0,25.0,15.0,205.0,11.5,0.7,0.5,Cocoon Pokémon,120.0,15.0,['Bug'],"Medium Fast
",70.0,0.0,0.0,0.0,0.0,2.0,3.0,Wurmple,1.0,0.5,2.0,1.0,0.5,2.0,1.0,1.0,1.0,2.0,1.0,0.5,1.0,1.0,1.0,1.0,1.0,1.0
293.0,Dustox,Bug,Poison,['Shield Dust'],['Compound Eyes'],III,60.0,50.0,70.0,50.0,90.0,65.0,385.0,31.6,1.2,0.5,Poison Moth Pokémon,45.0,15.0,['Bug'],"Medium Fast
",70.0,0.0,0.0,0.0,0.0,3.0,3.0,Cascoon,1.0,0.25,2.0,0.5,1.0,2.0,0.5,1.0,1.0,2.0,1.0,0.25,1.0,2.0,1.0,1.0,1.0,0.5
294.0,Lotad,Water,Grass,"['Swift Swim', 'Rain Dish']",['Own Tempo'],III,40.0,30.0,30.0,40.0,50.0,30.0,220.0,2.6,0.5,0.5,Water Weed Pokémon,255.0,15.0,['Water 1' 'Grass'],"Medium Slow
",70.0,0.0,0.0,0.0,0.0,1.0,3.0,No Preevolution,1.0,1.0,2.0,2.0,0.5,1.0,2.0,1.0,0.5,1.0,0.25,1.0,1.0,1.0,1.0,1.0,1.0,1.0
295.0,Lombre,Water,Grass,"['Swift Swim', 'Rain Dish']",['Own Tempo'],III,60.0,50.0,50.0,60.0,70.0,50.0,340.0,32.5,1.2,0.5,Jolly Pokémon,120.0,15.0,['Water 1' 'Grass'],"Medium Slow
",70.0,0.0,0.0,0.0,0.0,2.0,3.0,Lotad,1.0,1.0,2.0,2.0,0.5,1.0,2.0,1.0,0.5,1.0,0.25,1.0,1.0,1.0,1.0,1.0,1.0,1.0
296.0,Ludicolo,Water,Grass,"['Swift Swim', 'Rain Dish']",['Own Tempo'],III,80.0,70.0,70.0,90.0,100.0,70.0,480.0,55.0,1.5,0.5,Carefree Pokémon,45.0,15.0,['Water 1' 'Grass'],"Medium Slow
",70.0,0.0,0.0,0.0,0.0,3.0,3.0,Lombre,1.0,1.0,2.0,2.0,0.5,1.0,2.0,1.0,0.5,1.0,0.25,1.0,1.0,1.0,1.0,1.0,1.0,1.0
297.0,Seedot,Grass,,"['Chlorophyll', 'Early Bird']",['Pickpocket'],III,40.0,40.0,50.0,30.0,30.0,30.0,220.0,4.0,0.5,0.5,Acorn Pokémon,255.0,15.0,['Field' 'Grass'],"Medium Slow
",70.0,0.0,0.0,0.0,0.0,1.0,3.0,No Preevolution,1.0,1.0,2.0,2.0,0.5,1.0,2.0,1.0,1.0,2.0,0.5,0.5,0.5,1.0,2.0,1.0,1.0,1.0
298.0,Nuzleaf,Grass,Dark,"['Chlorophyll', 'Early Bird']",['Pickpocket'],III,70.0,70.0,40.0,60.0,40.0,60.0,340.0,28.0,1.0,0.5,Wily Pokémon,120.0,15.0,['Field' 'Grass'],"Medium Slow
",70.0,0.0,0.0,0.0,0.0,2.0,3.0,Seedot,1.0,2.0,2.0,2.0,0.5,1.0,4.0,0.5,1.0,2.0,0.5,0.5,0.5,0.0,2.0,1.0,0.5,2.0
299.0,Shiftry,Grass,Dark,"['Chlorophyll', 'Wind Rider']",['Pickpocket'],III,90.0,100.0,60.0,90.0,60.0,80.0,480.0,59.6,1.3,0.5,Wicked Pokémon,45.0,15.0,['Field' 'Grass'],"Medium Slow
",70.0,0.0,0.0,0.0,0.0,3.0,3.0,Nuzleaf,1.0,2.0,2.0,2.0,0.5,1.0,4.0,0.5,1.0,2.0,0.5,0.5,0.5,0.0,2.0,1.0,0.5,2.0
300.0,Taillow,Normal,Flying,['Guts'],['Scrappy'],III,40.0,55.0,30.0,30.0,30.0,85.0,270.0,2.3,0.3,0.5,Tiny Swallow Pokémon,200.0,15.0,['Flying'],"Medium Slow
",70.0,0.0,0.0,0.0,0.0,1.0,2.0,No Preevolution,1.0,1.0,1.0,1.0,0.0,2.0,0.5,0.0,1.0,1.0,1.0,0.5,2.0,1.0,2.0,1.0,1.0,1.0
301.0,Swellow,Normal,Flying,['Guts'],['Scrappy'],III,60.0,85.0,60.0,75.0,50.0,125.0,455.0,19.8,0.7,0.5,Swallow Pokémon,45.0,15.0,['Flying'],"Medium Slow
",70.0,0.0,0.0,0.0,0.0,2.0,2.0,Taillow,1.0,1.0,1.0,1.0,0.0,2.0,0.5,0.0,1.0,1.0,1.0,0.5,2.0,1.0,2.0,1.0,1.0,1.0
302.0,Wingull,Water,Flying,"['Keen Eye', 'Hydration']",['Rain Dish'],III,40.0,30.0,30.0,55.0,30.0,85.0,270.0,9.5,0.6,0.5,Seagull Pokémon,190.0,20.0,['Water 1' 'Flying'],"Medium Fast
",70.0,0.0,0.0,0.0,0.0,1.0,2.0,No Preevolution,1.0,0.5,1.0,1.0,0.0,2.0,0.5,1.0,0.5,0.5,0.5,1.0,4.0,1.0,1.0,1.0,1.0,1.0
303.0,Pelipper,Water,Flying,"['Keen Eye', 'Drizzle']",['Rain Dish'],III,60.0,50.0,100.0,95.0,70.0,65.0,440.0,28.0,1.2,0.5,Water Bird Pokémon,45.0,20.0,['Water 1' 'Flying'],"Medium Fast
",70.0,0.0,0.0,0.0,0.0,2.0,2.0,Wingull,1.0,0.5,1.0,1.0,0.0,2.0,0.5,1.0,0.5,0.5,0.5,1.0,4.0,1.0,1.0,1.0,1.0,1.0
304.0,Ralts,Psychic,Fairy,"['Synchronize', 'Trace']",['Telepathy'],III,28.0,25.0,25.0,45.0,35.0,40.0,198.0,6.6,0.4,0.5,Feeling Pokémon,235.0,20.0,['Human-Like' 'Amorphous'],"Slow
",35.0,0.0,0.0,0.0,0.0,1.0,3.0,No Preevolution,1.0,0.25,1.0,2.0,1.0,1.0,1.0,2.0,2.0,1.0,1.0,1.0,1.0,0.5,1.0,0.0,1.0,1.0
305.0,Kirlia,Psychic,Fairy,"['Synchronize', 'Trace']",['Telepathy'],III,38.0,35.0,35.0,65.0,55.0,50.0,278.0,20.2,0.8,0.5,Emotion Pokémon,120.0,20.0,['Human-Like' 'Amorphous'],"Slow
",35.0,0.0,0.0,0.0,0.0,2.0,3.0,Ralts,1.0,0.25,1.0,2.0,1.0,1.0,1.0,2.0,2.0,1.0,1.0,1.0,1.0,0.5,1.0,0.0,1.0,1.0
306.0,Gardevoir,Psychic,Fairy,"['Synchronize', 'Trace']",['Telepathy'],III,68.0,65.0,65.0,125.0,115.0,80.0,618.0,48.4,1.6,0.5,Embrace Pokémon,45.0,20.0,['Human-Like' 'Amorphous'],"Slow
",35.0,0.0,0.0,0.0,1.0,3.0,3.0,Kirlia,1.0,0.25,1.0,2.0,1.0,1.0,1.0,2.0,2.0,1.0,1.0,1.0,1.0,0.5,1.0,0.0,1.0,1.0
307.0,Mega Gardevoir,Psychic,Fairy,,,,,,,,,,,,,,,,,,,,,,,,,,,,,,,,,,,,,,,,,,,,
308.0,Surskit,Bug,Water,['Swift Swim'],['Rain Dish'],III,40.0,30.0,32.0,50.0,52.0,65.0,269.0,1.7,0.5,0.5,Pond Skater Pokémon,200.0,15.0,['Water 1' 'Bug'],"Medium Fast
",70.0,0.0,0.0,0.0,0.0,1.0,2.0,No Preevolution,1.0,0.5,2.0,1.0,0.5,2.0,1.0,1.0,0.5,1.0,0.5,1.0,2.0,1.0,0.5,1.0,1.0,1.0
309.0,Masquerain,Bug,Flying,['Intimidate'],['Unnerve'],III,70.0,60.0,62.0,100.0,82.0,80.0,454.0,3.6,0.8,0.5,Eyeball Pokémon,75.0,15.0,['Water 1' 'Bug'],"Medium Fast
",70.0,0.0,0.0,0.0,0.0,2.0,2.0,Surskit,1.0,0.25,2.0,1.0,0.0,4.0,0.5,1.0,1.0,2.0,1.0,0.25,2.0,1.0,2.0,1.0,1.0,1.0
310.0,Shroomish,Grass,,"['Effect Spore', 'Poison Heal']",['Quick Feet'],III,60.0,40.0,60.0,40.0,60.0,35.0,295.0,4.5,0.4,0.5,Mushroom Pokémon,255.0,15.0,['Fairy' 'Grass'],"Fluctuating
",70.0,0.0,0.0,0.0,0.0,1.0,2.0,No Preevolution,1.0,1.0,2.0,2.0,0.5,1.0,2.0,1.0,1.0,2.0,0.5,0.5,0.5,1.0,2.0,1.0,1.0,1.0
311.0,Breloom,Grass,Fighting,"['Effect Spore', 'Poison Heal']",['Technician'],III,60.0,130.0,80.0,60.0,60.0,70.0,460.0,39.2,1.2,0.5,Mushroom Pokémon,90.0,15.0,['Fairy' 'Grass'],"Fluctuating
",70.0,0.0,0.0,0.0,0.0,2.0,2.0,Shroomish,1.0,1.0,4.0,2.0,0.5,0.5,1.0,1.0,1.0,2.0,0.5,0.5,0.5,2.0,2.0,1.0,0.5,2.0
312.0,Slakoth,Normal,,['Truant'],[],III,60.0,60.0,60.0,35.0,35.0,30.0,280.0,24.0,0.8,0.5,Slacker Pokémon,255.0,15.0,['Field'],"Slow
",70.0,0.0,0.0,0.0,0.0,1.0,3.0,No Preevolution,1.0,2.0,1.0,1.0,1.0,1.0,1.0,0.0,1.0,1.0,1.0,1.0,1.0,1.0,1.0,1.0,1.0,1.0
313.0,Vigoroth,Normal,,['Vital Spirit'],[],III,80.0,80.0,80.0,55.0,55.0,90.0,440.0,46.5,1.4,0.5,Wild Monkey Pokémon,120.0,15.0,['Field'],"Slow
",70.0,0.0,0.0,0.0,0.0,2.0,3.0,Slakoth,1.0,2.0,1.0,1.0,1.0,1.0,1.0,0.0,1.0,1.0,1.0,1.0,1.0,1.0,1.0,1.0,1.0,1.0
314.0,Slaking,Normal,,['Truant'],[],III,150.0,160.0,100.0,95.0,65.0,100.0,670.0,130.5,2.0,0.5,Lazy Pokémon,45.0,15.0,['Field'],"Slow
",70.0,0.0,0.0,0.0,0.0,3.0,3.0,Vigoroth,1.0,2.0,1.0,1.0,1.0,1.0,1.0,0.0,1.0,1.0,1.0,1.0,1.0,1.0,1.0,1.0,1.0,1.0
315.0,Nincada,Bug,Ground,['Compound Eyes'],['Run Away'],III,31.0,45.0,90.0,30.0,30.0,40.0,266.0,5.5,0.5,0.5,Trainee Pokémon,255.0,15.0,['Bug' 'Mineral'],"Erratic
",70.0,0.0,0.0,0.0,0.0,1.0,2.0,No Preevolution,1.0,0.5,2.0,0.5,0.5,1.0,1.0,1.0,1.0,2.0,2.0,1.0,0.0,1.0,2.0,1.0,1.0,1.0
316.0,Ninjask,Bug,Flying,['Speed Boost'],['Infiltrator'],III,61.0,90.0,45.0,50.0,50.0,160.0,456.0,12.0,0.8,0.5,Ninja Pokémon,120.0,15.0,['Bug'],"Erratic
",70.0,0.0,0.0,0.0,0.0,2.0,2.0,Nincada,1.0,0.25,2.0,1.0,0.0,4.0,0.5,1.0,1.0,2.0,1.0,0.25,2.0,1.0,2.0,1.0,1.0,1.0
317.0,Shedinja,Bug,Ghost,['Wonder Guard'],[],III,1.0,90.0,45.0,30.0,30.0,40.0,236.0,1.2,0.8,-,Shed Pokémon,45.0,15.0,['Mineral' 'Bug'],"Erratic
",70.0,0.0,0.0,0.0,0.0,3.0,2.0,Ninjask,0.0,0.0,2.0,0.5,0.5,2.0,0.5,2.0,1.0,2.0,1.0,0.5,1.0,1.0,1.0,1.0,2.0,1.0
318.0,Whismur,Normal,,['Soundproof'],['Rattled'],III,64.0,51.0,23.0,51.0,23.0,28.0,240.0,16.3,0.6,0.5,Whisper Pokémon,190.0,20.0,['Monster' 'Field'],"Medium Slow
",70.0,0.0,0.0,0.0,0.0,1.0,3.0,No Preevolution,1.0,2.0,1.0,1.0,1.0,1.0,1.0,0.0,1.0,1.0,1.0,1.0,1.0,1.0,1.0,1.0,1.0,1.0
319.0,Loudred,Normal,,['Soundproof'],['Scrappy'],III,84.0,71.0,43.0,71.0,43.0,48.0,360.0,40.5,1.0,0.5,Big Voice Pokémon,120.0,20.0,['Monster' 'Field'],"Medium Slow
",70.0,0.0,0.0,0.0,0.0,2.0,3.0,Whismur,1.0,2.0,1.0,1.0,1.0,1.0,1.0,0.0,1.0,1.0,1.0,1.0,1.0,1.0,1.0,1.0,1.0,1.0
320.0,Exploud,Normal,,['Soundproof'],['Scrappy'],III,104.0,91.0,63.0,91.0,73.0,68.0,490.0,84.0,1.5,0.5,Loud Noise Pokémon,45.0,20.0,['Monster' 'Field'],"Medium Slow
",70.0,0.0,0.0,0.0,0.0,3.0,3.0,Loudred,1.0,2.0,1.0,1.0,1.0,1.0,1.0,0.0,1.0,1.0,1.0,1.0,1.0,1.0,1.0,1.0,1.0,1.0
321.0,Makuhita,Fighting,,"['Thick Fat', 'Guts']",['Sheer Force'],III,72.0,60.0,30.0,20.0,30.0,25.0,237.0,86.4,1.0,0.75,Guts Pokémon,180.0,20.0,['Human-Like'],"Fluctuating
",70.0,0.0,0.0,0.0,0.0,1.0,2.0,No Preevolution,1.0,1.0,2.0,1.0,1.0,0.5,0.5,1.0,1.0,1.0,1.0,1.0,1.0,2.0,1.0,1.0,0.5,2.0
322.0,Hariyama,Fighting,,"['Thick Fat', 'Guts']",['Sheer Force'],III,144.0,120.0,60.0,40.0,60.0,50.0,474.0,253.8,2.3,0.75,Arm Thrust Pokémon,200.0,20.0,['Human-Like'],"Fluctuating
",70.0,0.0,0.0,0.0,0.0,2.0,2.0,Makuhita,1.0,1.0,2.0,1.0,1.0,0.5,0.5,1.0,1.0,1.0,1.0,1.0,1.0,2.0,1.0,1.0,0.5,2.0
323.0,Azurill,Normal,Fairy,"['Thick Fat', 'Huge Power']",['Sap Sipper'],III,50.0,20.0,40.0,20.0,40.0,20.0,190.0,2.0,0.2,0.25,Polka Dot Pokémon,150.0,10.0,-,"Fast
",70.0,0.0,0.0,0.0,0.0,1.0,3.0,No Preevolution,1.0,1.0,1.0,2.0,1.0,1.0,0.5,0.0,2.0,1.0,1.0,1.0,1.0,1.0,1.0,0.0,0.5,1.0
324.0,Nosepass,Rock,,"['Sturdy', 'Magnet Pull']",['Sand Force'],III,30.0,45.0,135.0,45.0,90.0,30.0,375.0,97.0,1.0,0.5,Compass Pokémon,255.0,20.0,['Mineral'],"Medium Fast
",70.0,0.0,0.0,0.0,0.0,1.0,2.0,No Preevolution,0.5,2.0,0.5,0.5,2.0,1.0,1.0,1.0,2.0,0.5,2.0,2.0,1.0,1.0,1.0,1.0,1.0,1.0
325.0,Skitty,Normal,,"['Cute Charm', 'Normalize']",['Wonder Skin'],III,50.0,45.0,45.0,35.0,35.0,50.0,260.0,11.0,0.6,0.25,Kitten Pokémon,255.0,15.0,['Field' 'Fairy'],"Fast
",70.0,0.0,0.0,0.0,0.0,1.0,2.0,No Preevolution,1.0,2.0,1.0,1.0,1.0,1.0,1.0,0.0,1.0,1.0,1.0,1.0,1.0,1.0,1.0,1.0,1.0,1.0
326.0,Delcatty,Normal,,"['Cute Charm', 'Normalize']",['Wonder Skin'],III,70.0,65.0,65.0,55.0,55.0,90.0,400.0,32.6,1.1,0.25,Prim Pokémon,60.0,15.0,['Field' 'Fairy'],"Fast
",70.0,0.0,0.0,0.0,0.0,2.0,2.0,Skitty,1.0,2.0,1.0,1.0,1.0,1.0,1.0,0.0,1.0,1.0,1.0,1.0,1.0,1.0,1.0,1.0,1.0,1.0
327.0,Sableye,Dark,Ghost,"['Keen Eye', 'Stall']",['Prankster'],III,50.0,75.0,75.0,65.0,65.0,50.0,480.0,11.0,0.5,0.5,Darkness Pokémon,45.0,25.0,['Human-Like'],"Medium Slow
",35.0,0.0,0.0,0.0,1.0,1.0,1.0,No Preevolution,0.0,0.0,1.0,0.5,1.0,1.0,1.0,1.0,1.0,1.0,1.0,1.0,1.0,0.0,1.0,1.0,1.0,2.0
328.0,Mega Sableye,Dark,Ghost,,,,,,,,,,,,,,,,,,,,,,,,,,,,,,,,,,,,,,,,,,,,
329.0,Mawile,Steel,Fairy,"['Hyper Cutter', 'Intimidate']",['Sheer Force'],III,50.0,85.0,85.0,55.0,55.0,50.0,480.0,11.5,0.6,0.5,Deceiver Pokémon,45.0,20.0,['Field' 'Fairy'],"Fast
",70.0,0.0,0.0,0.0,1.0,1.0,1.0,No Preevolution,0.5,1.0,0.5,0.0,2.0,0.5,0.25,1.0,1.0,2.0,1.0,0.5,1.0,0.5,0.5,0.0,0.5,0.5
330.0,Mega Mawile,Steel,Fairy,,,,,,,,,,,,,,,,,,,,,,,,,,,,,,,,,,,,,,,,,,,,
331.0,Aron,Steel,Rock,"['Sturdy', 'Rock Head']",['Heavy Metal'],III,50.0,70.0,100.0,40.0,40.0,30.0,330.0,60.0,0.4,0.5,Iron Armor Pokémon,180.0,35.0,['Monster'],"Slow
",35.0,0.0,0.0,0.0,0.0,1.0,3.0,No Preevolution,0.25,4.0,0.25,0.0,4.0,0.5,0.5,1.0,1.0,1.0,2.0,1.0,1.0,0.5,0.5,0.5,1.0,0.5
332.0,Lairon,Steel,Rock,"['Sturdy', 'Rock Head']",['Heavy Metal'],III,60.0,90.0,140.0,50.0,50.0,40.0,430.0,120.0,0.9,0.5,Iron Armor Pokémon,90.0,35.0,['Monster'],"Slow
",35.0,0.0,0.0,0.0,0.0,2.0,3.0,Aron,0.25,4.0,0.25,0.0,4.0,0.5,0.5,1.0,1.0,1.0,2.0,1.0,1.0,0.5,0.5,0.5,1.0,0.5
333.0,Aggron,Steel,Rock,"['Sturdy', 'Rock Head']",['Heavy Metal'],III,70.0,110.0,180.0,60.0,60.0,50.0,630.0,360.0,2.1,0.5,Iron Armor Pokémon,45.0,35.0,['Monster'],"Slow
",35.0,0.0,0.0,0.0,1.0,3.0,3.0,Lairon,0.25,4.0,0.25,0.0,4.0,0.5,0.5,1.0,1.0,1.0,2.0,1.0,1.0,0.5,0.5,0.5,1.0,0.5
334.0,Mega Aggron,Steel,,,,,,,,,,,,,,,,,,,,,,,,,,,,,,,,,,,,,,,,,,,,,
335.0,Meditite,Fighting,Psychic,['Pure Power'],['Telepathy'],III,30.0,40.0,55.0,40.0,55.0,60.0,280.0,11.2,0.6,0.5,Meditate Pokémon,180.0,20.0,['Human-Like'],"Medium Fast
",70.0,0.0,0.0,0.0,0.0,1.0,2.0,No Preevolution,1.0,0.5,2.0,1.0,1.0,0.5,1.0,2.0,1.0,1.0,1.0,1.0,1.0,1.0,1.0,1.0,1.0,2.0
336.0,Medicham,Fighting,Psychic,['Pure Power'],['Telepathy'],III,60.0,60.0,75.0,60.0,75.0,80.0,510.0,31.5,1.3,0.5,Meditate Pokémon,90.0,20.0,['Human-Like'],"Medium Fast
",70.0,0.0,0.0,0.0,1.0,2.0,2.0,Meditite,1.0,0.5,2.0,1.0,1.0,0.5,1.0,2.0,1.0,1.0,1.0,1.0,1.0,1.0,1.0,1.0,1.0,2.0
337.0,Mega Medicham,Fighting,Psychic,,,,,,,,,,,,,,,,,,,,,,,,,,,,,,,,,,,,,,,,,,,,
338.0,Electrike,Electric,,"['Static', 'Lightning Rod']",['Minus'],III,40.0,45.0,40.0,65.0,40.0,65.0,295.0,15.2,0.6,0.5,Lightning Pokémon,120.0,20.0,['Field'],"Slow
",70.0,0.0,0.0,0.0,0.0,1.0,2.0,No Preevolution,1.0,1.0,0.5,1.0,2.0,1.0,1.0,1.0,0.5,1.0,1.0,1.0,0.5,1.0,1.0,1.0,1.0,1.0
339.0,Manectric,Electric,,"['Static', 'Lightning Rod']",['Minus'],III,70.0,75.0,60.0,105.0,60.0,105.0,575.0,40.2,1.5,0.5,Discharge Pokémon,45.0,20.0,['Field'],"Slow
",70.0,0.0,0.0,0.0,1.0,2.0,2.0,Electrike,1.0,1.0,0.5,1.0,2.0,1.0,1.0,1.0,0.5,1.0,1.0,1.0,0.5,1.0,1.0,1.0,1.0,1.0
340.0,Mega Manectric,Electric,,,,,,,,,,,,,,,,,,,,,,,,,,,,,,,,,,,,,,,,,,,,,
341.0,Plusle,Electric,,['Plus'],['Lightning Rod'],III,60.0,50.0,40.0,85.0,75.0,95.0,405.0,4.2,0.4,0.5,Cheering Pokémon,200.0,20.0,['Fairy'],"Medium Fast
",70.0,0.0,0.0,0.0,0.0,1.0,1.0,No Preevolution,1.0,1.0,0.5,1.0,2.0,1.0,1.0,1.0,0.5,1.0,1.0,1.0,0.5,1.0,1.0,1.0,1.0,1.0
342.0,Minun,Electric,,['Minus'],['Volt Absorb'],III,60.0,40.0,50.0,75.0,85.0,95.0,405.0,4.2,0.4,0.5,Cheering Pokémon,200.0,20.0,['Fairy'],"Medium Fast
",70.0,0.0,0.0,0.0,0.0,1.0,1.0,No Preevolution,1.0,1.0,0.5,1.0,2.0,1.0,1.0,1.0,0.5,1.0,1.0,1.0,0.5,1.0,1.0,1.0,1.0,1.0
343.0,Volbeat,Bug,,"['Illuminate', 'Swarm']",['Prankster'],III,65.0,73.0,75.0,47.0,85.0,85.0,430.0,17.7,0.7,1.0,Firefly Pokémon,150.0,15.0,['Bug' 'Human-Like'],"Erratic
",70.0,0.0,0.0,0.0,0.0,1.0,1.0,No Preevolution,1.0,0.5,2.0,1.0,0.5,2.0,1.0,1.0,1.0,2.0,1.0,0.5,1.0,1.0,1.0,1.0,1.0,1.0
344.0,Illumise,Bug,,"['Oblivious', 'Tinted Lens']",['Prankster'],III,65.0,47.0,75.0,73.0,85.0,85.0,430.0,17.7,0.6,0.0,Firefly Pokémon,150.0,15.0,['Bug' 'Human-Like'],"Fluctuating
",70.0,0.0,0.0,0.0,0.0,1.0,1.0,No Preevolution,1.0,0.5,2.0,1.0,0.5,2.0,1.0,1.0,1.0,2.0,1.0,0.5,1.0,1.0,1.0,1.0,1.0,1.0
345.0,Roselia,Grass,Poison,"['Natural Cure', 'Poison Point']",['Leaf Guard'],III,50.0,60.0,45.0,100.0,80.0,65.0,400.0,2.0,0.3,0.5,Thorn Pokémon,150.0,20.0,['Fairy' 'Grass'],"Medium Slow
",70.0,0.0,0.0,0.0,0.0,2.0,3.0,Budew,1.0,0.5,2.0,1.0,1.0,1.0,1.0,1.0,1.0,2.0,0.5,0.25,0.5,2.0,2.0,1.0,1.0,0.5
346.0,Gulpin,Poison,,"['Liquid Ooze', 'Sticky Hold']",['Gluttony'],III,70.0,43.0,53.0,43.0,53.0,40.0,302.0,10.3,0.4,0.5,Stomach Pokémon,225.0,20.0,['Amorphous'],"Fluctuating
",70.0,0.0,0.0,0.0,0.0,1.0,2.0,No Preevolution,1.0,0.5,1.0,0.5,2.0,1.0,0.5,1.0,1.0,1.0,1.0,0.5,1.0,2.0,1.0,1.0,1.0,0.5
347.0,Swalot,Poison,,"['Liquid Ooze', 'Sticky Hold']",['Gluttony'],III,100.0,73.0,83.0,73.0,83.0,55.0,467.0,80.0,1.7,0.5,Poison Bag Pokémon,75.0,20.0,['Amorphous'],"Fluctuating
",70.0,0.0,0.0,0.0,0.0,2.0,2.0,Gulpin,1.0,0.5,1.0,0.5,2.0,1.0,0.5,1.0,1.0,1.0,1.0,0.5,1.0,2.0,1.0,1.0,1.0,0.5
348.0,Carvanha,Water,Dark,['Rough Skin'],['Speed Boost'],III,45.0,90.0,20.0,65.0,20.0,65.0,305.0,20.8,0.8,0.5,Savage Pokémon,225.0,20.0,['Water 2'],"Slow
",35.0,0.0,0.0,0.0,0.0,1.0,2.0,No Preevolution,1.0,2.0,1.0,1.0,1.0,1.0,2.0,0.5,0.5,0.5,0.5,2.0,2.0,0.0,0.5,1.0,0.5,2.0
349.0,Sharpedo,Water,Dark,['Rough Skin'],['Speed Boost'],III,70.0,120.0,40.0,95.0,40.0,95.0,560.0,88.8,1.8,0.5,Brutal Pokémon,60.0,20.0,['Water 2'],"Slow
",35.0,0.0,0.0,0.0,1.0,2.0,2.0,Carvanha,1.0,2.0,1.0,1.0,1.0,1.0,2.0,0.5,0.5,0.5,0.5,2.0,2.0,0.0,0.5,1.0,0.5,2.0
350.0,Mega Sharpedo,Water,Dark,,,,,,,,,,,,,,,,,,,,,,,,,,,,,,,,,,,,,,,,,,,,
351.0,Wailmer,Water,,"['Water Veil', 'Oblivious']",['Pressure'],III,130.0,70.0,35.0,70.0,35.0,60.0,400.0,130.0,2.0,0.5,Ball Whale Pokémon,125.0,40.0,['Field' 'Water 2'],"Fluctuating
",70.0,0.0,0.0,0.0,0.0,1.0,2.0,No Preevolution,1.0,1.0,1.0,1.0,1.0,1.0,1.0,1.0,0.5,0.5,0.5,2.0,2.0,1.0,0.5,1.0,1.0,1.0
352.0,Wailord,Water,,"['Water Veil', 'Oblivious']",['Pressure'],III,170.0,90.0,45.0,90.0,45.0,60.0,500.0,398.0,14.5,0.5,Float Whale Pokémon,60.0,40.0,['Field' 'Water 2'],"Fluctuating
",70.0,0.0,0.0,0.0,0.0,2.0,2.0,Wailmer,1.0,1.0,1.0,1.0,1.0,1.0,1.0,1.0,0.5,0.5,0.5,2.0,2.0,1.0,0.5,1.0,1.0,1.0
353.0,Numel,Fire,Ground,"['Oblivious', 'Simple']",['Own Tempo'],III,60.0,60.0,40.0,65.0,45.0,35.0,305.0,24.0,0.7,0.5,Numb Pokémon,255.0,20.0,['Field'],"Medium Fast
",70.0,0.0,0.0,0.0,0.0,1.0,2.0,No Preevolution,1.0,1.0,1.0,0.5,2.0,1.0,0.5,1.0,0.5,0.5,4.0,1.0,0.0,1.0,1.0,1.0,1.0,0.5
354.0,Camerupt,Fire,Ground,"['Magma Armor', 'Solid Rock']",['Anger Point'],III,70.0,100.0,70.0,105.0,75.0,40.0,560.0,220.0,1.9,0.5,Eruption Pokémon,150.0,20.0,['Field'],"Medium Fast
",70.0,0.0,0.0,0.0,1.0,2.0,2.0,Numel,1.0,1.0,1.0,0.5,2.0,1.0,0.5,1.0,0.5,0.5,4.0,1.0,0.0,1.0,1.0,1.0,1.0,0.5
355.0,Mega Camerupt,Fire,Ground,,,,,,,,,,,,,,,,,,,,,,,,,,,,,,,,,,,,,,,,,,,,
356.0,Torkoal,Fire,,"['White Smoke', 'Drought']",['Shell Armor'],III,70.0,85.0,140.0,85.0,70.0,20.0,470.0,80.4,0.5,0.5,Coal Pokémon,90.0,20.0,['Field'],"Medium Fast
",70.0,0.0,0.0,0.0,0.0,1.0,1.0,No Preevolution,1.0,1.0,1.0,1.0,2.0,2.0,0.5,1.0,0.5,0.5,2.0,0.5,1.0,1.0,0.5,1.0,1.0,0.5
357.0,Spoink,Psychic,,"['Thick Fat', 'Own Tempo']",['Gluttony'],III,60.0,25.0,35.0,70.0,80.0,60.0,330.0,30.6,0.7,0.5,Bounce Pokémon,255.0,20.0,['Field'],"Fast
",70.0,0.0,0.0,0.0,0.0,1.0,2.0,No Preevolution,1.0,0.5,1.0,1.0,1.0,1.0,2.0,2.0,1.0,1.0,1.0,1.0,1.0,0.5,1.0,1.0,2.0,1.0
358.0,Grumpig,Psychic,,"['Thick Fat', 'Own Tempo']",['Gluttony'],III,80.0,45.0,65.0,90.0,110.0,80.0,470.0,71.5,0.9,0.5,Manipulate Pokémon,60.0,20.0,['Field'],"Fast
",70.0,0.0,0.0,0.0,0.0,2.0,2.0,Spoink,1.0,0.5,1.0,1.0,1.0,1.0,2.0,2.0,1.0,1.0,1.0,1.0,1.0,0.5,1.0,1.0,2.0,1.0
359.0,Spinda,Normal,,"['Own Tempo', 'Tangled Feet']",['Contrary'],III,60.0,60.0,60.0,60.0,60.0,60.0,360.0,5.0,1.1,0.5,Spot Panda Pokémon,255.0,15.0,['Field' 'Human-Like'],"Fast
",70.0,0.0,0.0,0.0,0.0,1.0,1.0,No Preevolution,1.0,2.0,1.0,1.0,1.0,1.0,1.0,0.0,1.0,1.0,1.0,1.0,1.0,1.0,1.0,1.0,1.0,1.0
360.0,Trapinch,Ground,,"['Hyper Cutter', 'Arena Trap']",['Sheer Force'],III,45.0,100.0,45.0,45.0,45.0,10.0,290.0,15.0,0.7,0.5,Ant Pit Pokémon,255.0,20.0,['Bug' 'Dragon'],"Medium Slow
",70.0,0.0,0.0,0.0,0.0,1.0,3.0,No Preevolution,1.0,1.0,1.0,0.5,1.0,0.5,1.0,1.0,1.0,1.0,2.0,2.0,0.0,1.0,2.0,1.0,1.0,1.0
361.0,Vibrava,Ground,Dragon,['Levitate'],[],III,50.0,70.0,50.0,50.0,50.0,70.0,340.0,15.3,1.1,0.5,Vibration Pokémon,120.0,20.0,['Bug' 'Dragon'],"Medium Slow
",70.0,0.0,0.0,0.0,0.0,2.0,3.0,Trapinch,1.0,1.0,1.0,0.5,1.0,0.5,1.0,1.0,1.0,0.5,1.0,1.0,0.0,1.0,4.0,2.0,1.0,2.0
362.0,Flygon,Ground,Dragon,['Levitate'],[],III,80.0,100.0,80.0,80.0,80.0,100.0,520.0,82.0,2.0,0.5,Mystic Pokémon,45.0,20.0,['Bug' 'Dragon'],"Medium Slow
",70.0,0.0,0.0,0.0,0.0,3.0,3.0,Vibrava,1.0,1.0,1.0,0.5,1.0,0.5,1.0,1.0,1.0,0.5,1.0,1.0,0.0,1.0,4.0,2.0,1.0,2.0
363.0,Cacnea,Grass,,['Sand Veil'],['Water Absorb'],III,50.0,85.0,40.0,85.0,40.0,35.0,335.0,51.3,0.4,0.5,Cactus Pokémon,190.0,20.0,['Grass' 'Human-Like'],"Medium Slow
",35.0,0.0,0.0,0.0,0.0,1.0,2.0,No Preevolution,1.0,1.0,2.0,2.0,0.5,1.0,2.0,1.0,1.0,2.0,0.5,0.5,0.5,1.0,2.0,1.0,1.0,1.0
364.0,Cacturne,Grass,Dark,['Sand Veil'],['Water Absorb'],III,70.0,115.0,60.0,115.0,60.0,55.0,475.0,77.4,1.3,0.5,Scarecrow Pokémon,60.0,20.0,['Grass' 'Human-Like'],"Medium Slow
",35.0,0.0,0.0,0.0,0.0,2.0,2.0,Cacnea,1.0,2.0,2.0,2.0,0.5,1.0,4.0,0.5,1.0,2.0,0.5,0.5,0.5,0.0,2.0,1.0,0.5,2.0
365.0,Swablu,Normal,Flying,['Natural Cure'],['Cloud Nine'],III,45.0,40.0,60.0,40.0,75.0,50.0,310.0,1.2,0.4,0.5,Cotton Bird Pokémon,255.0,20.0,['Flying' 'Dragon'],"Erratic
",70.0,0.0,0.0,0.0,0.0,1.0,2.0,No Preevolution,1.0,1.0,1.0,1.0,0.0,2.0,0.5,0.0,1.0,1.0,1.0,0.5,2.0,1.0,2.0,1.0,1.0,1.0
366.0,Altaria,Dragon,Flying,['Natural Cure'],['Cloud Nine'],III,75.0,70.0,90.0,70.0,105.0,80.0,590.0,20.6,1.1,0.5,Humming Pokémon,45.0,20.0,['Flying' 'Dragon'],"Erratic
",70.0,0.0,0.0,0.0,1.0,2.0,2.0,Swablu,1.0,0.5,1.0,1.0,0.0,2.0,0.5,1.0,1.0,0.5,0.5,0.25,1.0,1.0,4.0,2.0,1.0,2.0
367.0,Mega Altaria,Dragon,Fairy,,,,,,,,,,,,,,,,,,,,,,,,,,,,,,,,,,,,,,,,,,,,
368.0,Zangoose,Normal,,['Immunity'],['Toxic Boost'],III,73.0,115.0,60.0,60.0,60.0,90.0,458.0,40.3,1.3,0.5,Cat Ferret Pokémon,90.0,20.0,['Field'],"Erratic
",70.0,0.0,0.0,0.0,0.0,1.0,1.0,No Preevolution,1.0,2.0,1.0,1.0,1.0,1.0,1.0,0.0,1.0,1.0,1.0,1.0,1.0,1.0,1.0,1.0,1.0,1.0
369.0,Seviper,Poison,,['Shed Skin'],['Infiltrator'],III,73.0,100.0,60.0,100.0,60.0,65.0,458.0,52.5,2.7,0.5,Fang Snake Pokémon,90.0,20.0,['Field' 'Dragon'],"Fluctuating
",70.0,0.0,0.0,0.0,0.0,1.0,1.0,No Preevolution,1.0,0.5,1.0,0.5,2.0,1.0,0.5,1.0,1.0,1.0,1.0,0.5,1.0,2.0,1.0,1.0,1.0,0.5
370.0,Lunatone,Rock,Psychic,['Levitate'],[],III,90.0,55.0,65.0,95.0,85.0,70.0,460.0,168.0,1.0,-,Meteorite Pokémon,45.0,25.0,['Mineral'],"Fast
",70.0,0.0,0.0,0.0,0.0,1.0,1.0,No Preevolution,0.5,1.0,0.5,0.5,2.0,1.0,2.0,2.0,2.0,0.5,2.0,2.0,1.0,0.5,1.0,1.0,2.0,1.0
371.0,Solrock,Rock,Psychic,['Levitate'],[],III,90.0,95.0,85.0,55.0,65.0,70.0,460.0,154.0,1.2,-,Meteorite Pokémon,45.0,25.0,['Mineral'],"Fast
",70.0,0.0,0.0,0.0,0.0,1.0,1.0,No Preevolution,0.5,1.0,0.5,0.5,2.0,1.0,2.0,2.0,2.0,0.5,2.0,2.0,1.0,0.5,1.0,1.0,2.0,1.0
372.0,Barboach,Water,Ground,"['Oblivious', 'Anticipation']",['Hydration'],III,50.0,48.0,43.0,46.0,41.0,60.0,288.0,1.9,0.4,0.5,Whiskers Pokémon,190.0,20.0,['Water 2' 'Water 1'],"Medium Fast
",70.0,0.0,0.0,0.0,0.0,1.0,2.0,No Preevolution,1.0,1.0,1.0,0.5,1.0,0.5,1.0,1.0,0.5,0.5,1.0,4.0,0.0,1.0,1.0,1.0,1.0,1.0
373.0,Whiscash,Water,Ground,"['Oblivious', 'Anticipation']",['Hydration'],III,110.0,78.0,73.0,76.0,71.0,60.0,468.0,23.6,0.9,0.5,Whiskers Pokémon,75.0,20.0,['Water 2' 'Water 1'],"Medium Fast
",70.0,0.0,0.0,0.0,0.0,2.0,2.0,Barboach,1.0,1.0,1.0,0.5,1.0,0.5,1.0,1.0,0.5,0.5,1.0,4.0,0.0,1.0,1.0,1.0,1.0,1.0
374.0,Corphish,Water,,"['Hyper Cutter', 'Shell Armor']",['Adaptability'],III,43.0,80.0,65.0,50.0,35.0,35.0,308.0,11.5,0.6,0.5,Ruffian Pokémon,205.0,15.0,['Water 1' 'Water 3'],"Fluctuating
",70.0,0.0,0.0,0.0,0.0,1.0,2.0,No Preevolution,1.0,1.0,1.0,1.0,1.0,1.0,1.0,1.0,0.5,0.5,0.5,2.0,2.0,1.0,0.5,1.0,1.0,1.0
375.0,Crawdaunt,Water,Dark,"['Hyper Cutter', 'Shell Armor']",['Adaptability'],III,63.0,120.0,85.0,90.0,55.0,55.0,468.0,32.8,1.1,0.5,Rogue Pokémon,155.0,15.0,['Water 1' 'Water 3'],"Fluctuating
",70.0,0.0,0.0,0.0,0.0,2.0,2.0,Corphish,1.0,2.0,1.0,1.0,1.0,1.0,2.0,0.5,0.5,0.5,0.5,2.0,2.0,0.0,0.5,1.0,0.5,2.0
376.0,Baltoy,Ground,Psychic,['Levitate'],[],III,40.0,40.0,55.0,40.0,70.0,55.0,300.0,21.5,0.5,-,Clay Doll Pokémon,255.0,20.0,['Mineral'],"Medium Fast
",70.0,0.0,0.0,0.0,0.0,1.0,2.0,No Preevolution,1.0,0.5,1.0,0.5,1.0,0.5,2.0,2.0,1.0,1.0,2.0,2.0,0.0,0.5,2.0,1.0,2.0,1.0
377.0,Claydol,Ground,Psychic,['Levitate'],[],III,60.0,70.0,105.0,70.0,120.0,75.0,500.0,108.0,1.5,-,Clay Doll Pokémon,90.0,20.0,['Mineral'],"Medium Fast
",70.0,0.0,0.0,0.0,0.0,2.0,2.0,Baltoy,1.0,0.5,1.0,0.5,1.0,0.5,2.0,2.0,1.0,1.0,2.0,2.0,0.0,0.5,2.0,1.0,2.0,1.0
378.0,Lileep,Rock,Grass,['Suction Cups'],['Storm Drain'],III,66.0,41.0,77.0,61.0,87.0,23.0,355.0,23.8,1.0,0.875,Sea Lily Pokémon,45.0,30.0,['Water 3'],"Erratic
",70.0,0.0,0.0,0.0,0.0,1.0,2.0,No Preevolution,0.5,2.0,1.0,1.0,1.0,1.0,2.0,1.0,2.0,1.0,1.0,1.0,0.5,1.0,2.0,1.0,1.0,1.0
379.0,Cradily,Rock,Grass,['Suction Cups'],['Storm Drain'],III,86.0,81.0,97.0,81.0,107.0,43.0,495.0,60.4,1.5,0.875,Barnacle Pokémon,45.0,30.0,['Water 3'],"Erratic
",70.0,0.0,0.0,0.0,0.0,2.0,2.0,Lileep,0.5,2.0,1.0,1.0,1.0,1.0,2.0,1.0,2.0,1.0,1.0,1.0,0.5,1.0,2.0,1.0,1.0,1.0
380.0,Anorith,Rock,Bug,['Battle Armor'],['Swift Swim'],III,45.0,95.0,50.0,40.0,50.0,75.0,355.0,12.5,0.7,0.875,Old Shrimp Pokémon,45.0,30.0,['Water 3'],"Erratic
",70.0,0.0,0.0,0.0,0.0,1.0,2.0,No Preevolution,0.5,1.0,1.0,0.5,1.0,2.0,1.0,1.0,2.0,1.0,2.0,1.0,1.0,1.0,1.0,1.0,1.0,1.0
381.0,Armaldo,Rock,Bug,['Battle Armor'],['Swift Swim'],III,75.0,125.0,100.0,70.0,80.0,45.0,495.0,68.2,1.5,0.875,Plate Pokémon,45.0,30.0,['Water 3'],"Erratic
",70.0,0.0,0.0,0.0,0.0,2.0,2.0,Anorith,0.5,1.0,1.0,0.5,1.0,2.0,1.0,1.0,2.0,1.0,2.0,1.0,1.0,1.0,1.0,1.0,1.0,1.0
382.0,Feebas,Water,,"['Swift Swim', 'Oblivious']",['Adaptability'],III,20.0,15.0,20.0,10.0,55.0,80.0,200.0,7.4,0.6,0.5,Fish Pokémon,255.0,20.0,['Water 1' 'Dragon'],"Erratic
",70.0,0.0,0.0,0.0,0.0,1.0,2.0,No Preevolution,1.0,1.0,1.0,1.0,1.0,1.0,1.0,1.0,0.5,0.5,0.5,2.0,2.0,1.0,0.5,1.0,1.0,1.0
383.0,Milotic,Water,,"['Marvel Scale', 'Competitive']",['Cute Charm'],III,95.0,60.0,79.0,100.0,125.0,81.0,540.0,162.0,6.2,0.5,Tender Pokémon,60.0,20.0,['Water 1' 'Dragon'],"Erratic
",70.0,0.0,0.0,0.0,0.0,2.0,2.0,Feebas,1.0,1.0,1.0,1.0,1.0,1.0,1.0,1.0,0.5,0.5,0.5,2.0,2.0,1.0,0.5,1.0,1.0,1.0
384.0,Castform,Normal,,,,,,,,,,,,,,,,,,,,,,,,,,,,,,,,,,,,,,,,,,,,,
385.0,Kecleon,Normal,,['Color Change'],['Protean'],III,60.0,90.0,70.0,60.0,120.0,40.0,440.0,22.0,1.0,0.5,Color Swap Pokémon,200.0,20.0,['Field'],"Medium Slow
",70.0,0.0,0.0,0.0,0.0,1.0,1.0,No Preevolution,1.0,2.0,1.0,1.0,1.0,1.0,1.0,0.0,1.0,1.0,1.0,1.0,1.0,1.0,1.0,1.0,1.0,1.0
386.0,Shuppet,Ghost,,"['Insomnia', 'Frisk']",['Cursed Body'],III,44.0,75.0,35.0,63.0,33.0,45.0,295.0,2.3,0.6,0.5,Puppet Pokémon,225.0,25.0,['Amorphous'],"Fast
",35.0,0.0,0.0,0.0,0.0,1.0,2.0,No Preevolution,0.0,0.0,1.0,0.5,1.0,1.0,0.5,2.0,1.0,1.0,1.0,1.0,1.0,1.0,1.0,1.0,2.0,1.0
387.0,Banette,Ghost,,"['Insomnia', 'Frisk']",['Cursed Body'],III,64.0,115.0,65.0,83.0,63.0,65.0,555.0,12.5,1.1,0.5,Marionette Pokémon,45.0,25.0,['Amorphous'],"Fast
",35.0,0.0,0.0,0.0,1.0,2.0,2.0,Shuppet,0.0,0.0,1.0,0.5,1.0,1.0,0.5,2.0,1.0,1.0,1.0,1.0,1.0,1.0,1.0,1.0,2.0,1.0
388.0,Mega Banette,Ghost,,,,,,,,,,,,,,,,,,,,,,,,,,,,,,,,,,,,,,,,,,,,,
389.0,Duskull,Ghost,,['Levitate'],['Frisk'],III,20.0,40.0,90.0,30.0,90.0,25.0,295.0,15.0,0.8,0.5,Requiem Pokémon,190.0,25.0,['Amorphous'],"Fast
",35.0,0.0,0.0,0.0,0.0,1.0,3.0,No Preevolution,0.0,0.0,1.0,0.5,1.0,1.0,0.5,2.0,1.0,1.0,1.0,1.0,1.0,1.0,1.0,1.0,2.0,1.0
390.0,Dusclops,Ghost,,['Pressure'],['Frisk'],III,40.0,70.0,130.0,60.0,130.0,25.0,455.0,30.6,1.6,0.5,Beckon Pokémon,90.0,25.0,['Amorphous'],"Fast
",35.0,0.0,0.0,0.0,0.0,2.0,3.0,Duskull,0.0,0.0,1.0,0.5,1.0,1.0,0.5,2.0,1.0,1.0,1.0,1.0,1.0,1.0,1.0,1.0,2.0,1.0
391.0,Tropius,Grass,Flying,"['Chlorophyll', 'Solar Power']",['Harvest'],III,99.0,68.0,83.0,72.0,87.0,51.0,460.0,100.0,2.0,0.5,Fruit Pokémon,200.0,25.0,['Monster' 'Grass'],"Slow
",70.0,0.0,0.0,0.0,0.0,1.0,1.0,No Preevolution,1.0,0.5,2.0,2.0,0.0,2.0,1.0,1.0,1.0,2.0,0.5,0.25,1.0,1.0,4.0,1.0,1.0,1.0
392.0,Chimecho,Psychic,,['Levitate'],[],III,75.0,50.0,80.0,95.0,90.0,65.0,455.0,1.0,0.6,0.5,Wind Chime Pokémon,45.0,25.0,['Amorphous'],"Fast
",70.0,0.0,0.0,0.0,0.0,2.0,2.0,Chingling,1.0,0.5,1.0,1.0,1.0,1.0,2.0,2.0,1.0,1.0,1.0,1.0,1.0,0.5,1.0,1.0,2.0,1.0
393.0,Absol,Dark,,"['Pressure', 'Super Luck']",['Justified'],III,65.0,130.0,60.0,75.0,60.0,75.0,565.0,47.0,1.2,0.5,Disaster Pokémon,30.0,25.0,['Field'],"Medium Slow
",35.0,0.0,0.0,0.0,1.0,1.0,1.0,No Preevolution,1.0,2.0,1.0,1.0,1.0,1.0,2.0,0.5,1.0,1.0,1.0,1.0,1.0,0.0,1.0,1.0,0.5,2.0
394.0,Mega Absol,Dark,,,,,,,,,,,,,,,,,,,,,,,,,,,,,,,,,,,,,,,,,,,,,
395.0,Wynaut,Psychic,,['Shadow Tag'],['Telepathy'],III,95.0,23.0,48.0,23.0,48.0,23.0,260.0,14.0,0.6,0.5,Bright Pokémon,125.0,20.0,-,"Medium Fast
",70.0,0.0,0.0,0.0,0.0,1.0,2.0,No Preevolution,1.0,0.5,1.0,1.0,1.0,1.0,2.0,2.0,1.0,1.0,1.0,1.0,1.0,0.5,1.0,1.0,2.0,1.0
396.0,Snorunt,Ice,,"['Inner Focus', 'Ice Body']",['Moody'],III,50.0,50.0,50.0,50.0,50.0,50.0,300.0,16.8,0.7,0.5,Snow Hat Pokémon,190.0,20.0,['Fairy' 'Mineral'],"Medium Fast
",70.0,0.0,0.0,0.0,0.0,1.0,2.0,No Preevolution,1.0,2.0,1.0,1.0,1.0,2.0,1.0,1.0,2.0,2.0,1.0,1.0,1.0,1.0,0.5,1.0,1.0,1.0
397.0,Glalie,Ice,,"['Inner Focus', 'Ice Body']",['Moody'],III,80.0,80.0,80.0,80.0,80.0,80.0,580.0,256.5,1.5,0.5,Face Pokémon,75.0,20.0,['Fairy' 'Mineral'],"Medium Fast
",70.0,0.0,0.0,0.0,1.0,2.0,2.0,Snorunt,1.0,2.0,1.0,1.0,1.0,2.0,1.0,1.0,2.0,2.0,1.0,1.0,1.0,1.0,0.5,1.0,1.0,1.0
398.0,Mega Glalie,Ice,,,,,,,,,,,,,,,,,,,,,,,,,,,,,,,,,,,,,,,,,,,,,
399.0,Spheal,Ice,Water,"['Thick Fat', 'Ice Body']",['Oblivious'],III,70.0,40.0,50.0,55.0,50.0,25.0,290.0,39.5,0.8,0.5,Clap Pokémon,255.0,20.0,['Water 1' 'Field'],"Medium Slow
",70.0,0.0,0.0,0.0,0.0,1.0,3.0,No Preevolution,1.0,2.0,1.0,1.0,1.0,2.0,1.0,1.0,1.0,1.0,0.5,2.0,2.0,1.0,0.25,1.0,1.0,1.0
400.0,Sealeo,Ice,Water,"['Thick Fat', 'Ice Body']",['Oblivious'],III,90.0,60.0,70.0,75.0,70.0,45.0,410.0,87.6,1.1,0.5,Ball Roll Pokémon,120.0,20.0,['Water 1' 'Field'],"Medium Slow
",70.0,0.0,0.0,0.0,0.0,2.0,3.0,Spheal,1.0,2.0,1.0,1.0,1.0,2.0,1.0,1.0,1.0,1.0,0.5,2.0,2.0,1.0,0.25,1.0,1.0,1.0
401.0,Walrein,Ice,Water,"['Thick Fat', 'Ice Body']",['Oblivious'],III,110.0,80.0,90.0,95.0,90.0,65.0,530.0,150.6,1.4,0.5,Ice Break Pokémon,45.0,20.0,['Water 1' 'Field'],"Medium Slow
",70.0,0.0,0.0,0.0,0.0,3.0,3.0,Sealeo,1.0,2.0,1.0,1.0,1.0,2.0,1.0,1.0,1.0,1.0,0.5,2.0,2.0,1.0,0.25,1.0,1.0,1.0
402.0,Clamperl,Water,,['Shell Armor'],['Rattled'],III,35.0,64.0,85.0,74.0,55.0,32.0,345.0,52.5,0.4,0.5,Bivalve Pokémon,255.0,20.0,['Water 1'],"Erratic
",70.0,0.0,0.0,0.0,0.0,1.0,2.0,No Preevolution,1.0,1.0,1.0,1.0,1.0,1.0,1.0,1.0,0.5,0.5,0.5,2.0,2.0,1.0,0.5,1.0,1.0,1.0
403.0,Huntail,Water,,['Swift Swim'],['Water Veil'],III,55.0,104.0,105.0,94.0,75.0,52.0,485.0,27.0,1.7,0.5,Deep Sea Pokémon,60.0,20.0,['Water 1'],"Erratic
",70.0,0.0,0.0,0.0,0.0,2.0,2.0,Clamperl,1.0,1.0,1.0,1.0,1.0,1.0,1.0,1.0,0.5,0.5,0.5,2.0,2.0,1.0,0.5,1.0,1.0,1.0
404.0,Gorebyss,Water,,['Swift Swim'],['Hydration'],III,55.0,84.0,105.0,114.0,75.0,52.0,485.0,22.6,1.8,0.5,South Sea Pokémon,60.0,20.0,['Water 1'],"Erratic
",70.0,0.0,0.0,0.0,0.0,2.0,2.0,Clamperl,1.0,1.0,1.0,1.0,1.0,1.0,1.0,1.0,0.5,0.5,0.5,2.0,2.0,1.0,0.5,1.0,1.0,1.0
405.0,Relicanth,Water,Rock,"['Swift Swim', 'Rock Head']",['Sturdy'],III,100.0,90.0,130.0,45.0,65.0,55.0,485.0,23.4,1.0,0.875,Longevity Pokémon,25.0,40.0,['Water 1' 'Water 2'],"Slow
",70.0,0.0,0.0,0.0,0.0,1.0,1.0,No Preevolution,0.5,2.0,0.5,0.5,2.0,1.0,1.0,1.0,1.0,0.25,1.0,4.0,2.0,1.0,0.5,1.0,1.0,1.0
406.0,Luvdisc,Water,,['Swift Swim'],['Hydration'],III,43.0,30.0,55.0,40.0,65.0,97.0,330.0,8.7,0.6,0.25,Rendezvous Pokémon,225.0,20.0,['Water 2'],"Fast
",70.0,0.0,0.0,0.0,0.0,1.0,1.0,No Preevolution,1.0,1.0,1.0,1.0,1.0,1.0,1.0,1.0,0.5,0.5,0.5,2.0,2.0,1.0,0.5,1.0,1.0,1.0
407.0,Bagon,Dragon,,['Rock Head'],['Sheer Force'],III,45.0,75.0,60.0,40.0,30.0,50.0,300.0,42.1,0.6,0.5,Rock Head Pokémon,45.0,40.0,['Dragon'],"Slow
",35.0,0.0,0.0,0.0,0.0,1.0,3.0,No Preevolution,1.0,1.0,1.0,1.0,1.0,1.0,1.0,1.0,1.0,0.5,0.5,0.5,0.5,1.0,2.0,2.0,1.0,2.0
408.0,Shelgon,Dragon,,['Rock Head'],['Overcoat'],III,65.0,95.0,100.0,60.0,50.0,50.0,420.0,110.5,1.1,0.5,Endurance Pokémon,45.0,40.0,['Dragon'],"Slow
",35.0,0.0,0.0,0.0,0.0,2.0,3.0,Bagon,1.0,1.0,1.0,1.0,1.0,1.0,1.0,1.0,1.0,0.5,0.5,0.5,0.5,1.0,2.0,2.0,1.0,2.0
409.0,Salamence,Dragon,Flying,['Intimidate'],['Moxie'],III,95.0,135.0,80.0,110.0,80.0,100.0,700.0,102.6,1.5,0.5,Dragon Pokémon,45.0,40.0,['Dragon'],"Slow
",35.0,0.0,0.0,0.0,1.0,3.0,3.0,Shelgon,1.0,0.5,1.0,1.0,0.0,2.0,0.5,1.0,1.0,0.5,0.5,0.25,1.0,1.0,4.0,2.0,1.0,2.0
410.0,Mega Salamence,Dragon,Flying,,,,,,,,,,,,,,,,,,,,,,,,,,,,,,,,,,,,,,,,,,,,
411.0,Beldum,Steel,Psychic,['Clear Body'],['Light Metal'],III,40.0,55.0,80.0,35.0,60.0,30.0,300.0,95.2,0.6,-,Iron Ball Pokémon,3.0,40.0,['Mineral'],"Slow
",35.0,0.0,0.0,0.0,0.0,1.0,3.0,No Preevolution,0.5,1.0,0.5,0.0,2.0,0.5,1.0,2.0,0.5,2.0,1.0,0.5,1.0,0.25,0.5,0.5,2.0,0.5
412.0,Metang,Steel,Psychic,['Clear Body'],['Light Metal'],III,60.0,75.0,100.0,55.0,80.0,50.0,420.0,202.5,1.2,-,Iron Claw Pokémon,3.0,40.0,['Mineral'],"Slow
",35.0,0.0,0.0,0.0,0.0,2.0,3.0,Beldum,0.5,1.0,0.5,0.0,2.0,0.5,1.0,2.0,0.5,2.0,1.0,0.5,1.0,0.25,0.5,0.5,2.0,0.5
413.0,Metagross,Steel,Psychic,['Clear Body'],['Light Metal'],III,80.0,135.0,130.0,95.0,90.0,70.0,700.0,550.0,1.6,-,Iron Leg Pokémon,3.0,40.0,['Mineral'],"Slow
",35.0,0.0,0.0,0.0,1.0,3.0,3.0,Metang,0.5,1.0,0.5,0.0,2.0,0.5,1.0,2.0,0.5,2.0,1.0,0.5,1.0,0.25,0.5,0.5,2.0,0.5
414.0,Mega Metagross,Steel,Psychic,,,,,,,,,,,,,,,,,,,,,,,,,,,,,,,,,,,,,,,,,,,,
415.0,Regirock,Rock,,['Clear Body'],['Sturdy'],III,80.0,100.0,200.0,50.0,100.0,50.0,580.0,230.0,1.7,-,Rock Peak Pokémon,3.0,80.0,-,"Slow
",35.0,1.0,0.0,0.0,0.0,1.0,1.0,No Preevolution,0.5,2.0,0.5,0.5,2.0,1.0,1.0,1.0,2.0,0.5,2.0,2.0,1.0,1.0,1.0,1.0,1.0,1.0
416.0,Regice,Ice,,['Clear Body'],['Ice Body'],III,80.0,50.0,100.0,100.0,200.0,50.0,580.0,175.0,1.8,-,Iceberg Pokémon,3.0,80.0,-,"Slow
",35.0,1.0,0.0,0.0,0.0,1.0,1.0,No Preevolution,1.0,2.0,1.0,1.0,1.0,2.0,1.0,1.0,2.0,2.0,1.0,1.0,1.0,1.0,0.5,1.0,1.0,1.0
417.0,Registeel,Steel,,['Clear Body'],['Light Metal'],III,80.0,75.0,150.0,75.0,150.0,50.0,580.0,205.0,1.9,-,Iron Pokémon,3.0,80.0,-,"Slow
",35.0,1.0,0.0,0.0,0.0,1.0,1.0,No Preevolution,0.5,2.0,0.5,0.0,2.0,0.5,0.5,1.0,0.5,2.0,1.0,0.5,1.0,0.5,0.5,0.5,1.0,0.5
418.0,Latias,Dragon,Psychic,['Levitate'],[],III,80.0,80.0,90.0,110.0,130.0,110.0,700.0,40.0,1.4,0.0,Eon Pokémon,3.0,120.0,-,"Slow
",90.0,1.0,0.0,0.0,1.0,1.0,1.0,No Preevolution,1.0,0.5,1.0,1.0,1.0,1.0,2.0,2.0,1.0,0.5,0.5,0.5,0.5,0.5,2.0,2.0,2.0,2.0
419.0,Mega Latias,Dragon,Psychic,,,,,,,,,,,,,,,,,,,,,,,,,,,,,,,,,,,,,,,,,,,,
420.0,Latios,Dragon,Psychic,['Levitate'],[],III,80.0,90.0,80.0,130.0,110.0,110.0,700.0,60.0,2.0,1.0,Eon Pokémon,3.0,120.0,-,"Slow
",90.0,1.0,0.0,0.0,1.0,1.0,1.0,No Preevolution,1.0,0.5,1.0,1.0,1.0,1.0,2.0,2.0,1.0,0.5,0.5,0.5,0.5,0.5,2.0,2.0,2.0,2.0
421.0,Mega Latios,Dragon,Psychic,,,,,,,,,,,,,,,,,,,,,,,,,,,,,,,,,,,,,,,,,,,,
422.0,Kyogre,Water,,['Drizzle'],[],III,100.0,100.0,90.0,150.0,140.0,90.0,770.0,352.0,4.5,-,Sea Basin Pokémon,3.0,120.0,-,"Slow
",0.0,1.0,0.0,0.0,0.0,1.0,1.0,No Preevolution,1.0,1.0,1.0,1.0,1.0,1.0,1.0,1.0,0.5,0.5,0.5,2.0,2.0,1.0,0.5,1.0,1.0,1.0
423.0,Primal Kyogre,Water,,,,,,,,,,,,,,,,,,,,,,,,,,,,,,,,,,,,,,,,,,,,,
424.0,Groudon,Ground,,['Drought'],[],III,100.0,150.0,140.0,100.0,90.0,90.0,770.0,950.0,3.5,-,Continent Pokémon,3.0,120.0,-,"Slow
",0.0,1.0,0.0,0.0,0.0,1.0,1.0,No Preevolution,1.0,1.0,1.0,0.5,1.0,0.5,1.0,1.0,1.0,1.0,2.0,2.0,0.0,1.0,2.0,1.0,1.0,1.0
425.0,Primal Groudon,Ground,Fire,,,,,,,,,,,,,,,,,,,,,,,,,,,,,,,,,,,,,,,,,,,,
426.0,Rayquaza,Dragon,Flying,['Air Lock'],[],III,105.0,150.0,90.0,150.0,90.0,95.0,780.0,206.5,7.0,-,Sky High Pokémon,3.0,120.0,-,"Slow
",0.0,1.0,0.0,0.0,1.0,1.0,1.0,No Preevolution,1.0,0.5,1.0,1.0,0.0,2.0,0.5,1.0,1.0,0.5,0.5,0.25,1.0,1.0,4.0,2.0,1.0,2.0
427.0,Mega Rayquaza,Dragon,Flying,,,,,,,,,,,,,,,,,,,,,,,,,,,,,,,,,,,,,,,,,,,,
428.0,Jirachi,Steel,Psychic,['Serene Grace'],[],III,100.0,100.0,100.0,100.0,100.0,100.0,600.0,1.1,0.3,-,Wish Pokémon,3.0,120.0,-,"Slow
",100.0,0.0,1.0,0.0,0.0,1.0,1.0,No Preevolution,0.5,1.0,0.5,0.0,2.0,0.5,1.0,2.0,0.5,2.0,1.0,0.5,1.0,0.25,0.5,0.5,2.0,0.5
429.0,Deoxys Normal Forme,Psychic,,['Pressure'],[],III,50.0,150.0,50.0,150.0,50.0,150.0,600.0,60.8,1.7,-,DNA Pokémon,3.0,120.0,-,"Slow
",0.0,0.0,1.0,0.0,0.0,1.0,1.0,No Preevolution,1.0,0.5,1.0,1.0,1.0,1.0,2.0,2.0,1.0,1.0,1.0,1.0,1.0,0.5,1.0,1.0,2.0,1.0
430.0,DeoxysAttack Forme,Psychic,,,,,,,,,,,,,,,,,,,,,,,,,,,,,,,,,,,,,,,,,,,,,
431.0,Deoxys Defense Forme,Psychic,,['Pressure'],[],III,50.0,70.0,160.0,70.0,160.0,90.0,600.0,60.8,1.7,-,DNA Pokémon,3.0,120.0,-,"Slow
",0.0,0.0,1.0,0.0,0.0,1.0,1.0,No Preevolution,1.0,0.5,1.0,1.0,1.0,1.0,2.0,2.0,1.0,1.0,1.0,1.0,1.0,0.5,1.0,1.0,2.0,1.0
432.0,Deoxys Speed Forme,Psychic,,['Pressure'],[],III,50.0,95.0,90.0,95.0,90.0,180.0,600.0,60.8,1.7,-,DNA Pokémon,3.0,120.0,-,"Slow
",0.0,0.0,1.0,0.0,0.0,1.0,1.0,No Preevolution,1.0,0.5,1.0,1.0,1.0,1.0,2.0,2.0,1.0,1.0,1.0,1.0,1.0,0.5,1.0,1.0,2.0,1.0
433.0,Turtwig,Grass,,['Overgrow'],['Shell Armor'],IV,55.0,68.0,64.0,45.0,55.0,31.0,318.0,10.2,0.4,0.875,Tiny Leaf Pokémon,45.0,20.0,['Monster' 'Grass'],"Medium Slow
",70.0,0.0,0.0,0.0,0.0,1.0,3.0,No Preevolution,1.0,1.0,2.0,2.0,0.5,1.0,2.0,1.0,1.0,2.0,0.5,0.5,0.5,1.0,2.0,1.0,1.0,1.0
434.0,Grotle,Grass,,['Overgrow'],['Shell Armor'],IV,75.0,89.0,85.0,55.0,65.0,36.0,405.0,97.0,1.1,0.875,Grove Pokémon,45.0,20.0,['Monster' 'Grass'],"Medium Slow
",70.0,0.0,0.0,0.0,0.0,2.0,3.0,Turtwig,1.0,1.0,2.0,2.0,0.5,1.0,2.0,1.0,1.0,2.0,0.5,0.5,0.5,1.0,2.0,1.0,1.0,1.0
435.0,Torterra,Grass,Ground,['Overgrow'],['Shell Armor'],IV,95.0,109.0,105.0,75.0,85.0,56.0,525.0,310.0,2.2,0.875,Continent Pokémon,45.0,20.0,['Monster' 'Grass'],"Medium Slow
",70.0,0.0,0.0,0.0,0.0,3.0,3.0,Grotle,1.0,1.0,2.0,1.0,0.5,0.5,2.0,1.0,1.0,2.0,1.0,1.0,0.0,1.0,4.0,1.0,1.0,1.0
436.0,Chimchar,Fire,,['Blaze'],['Iron Fist'],IV,44.0,58.0,44.0,58.0,44.0,61.0,309.0,6.2,0.5,0.875,Chimp Pokémon,45.0,20.0,['Field' 'Human-Like'],"Medium Slow
",70.0,0.0,0.0,0.0,0.0,1.0,3.0,No Preevolution,1.0,1.0,1.0,1.0,2.0,2.0,0.5,1.0,0.5,0.5,2.0,0.5,1.0,1.0,0.5,1.0,1.0,0.5
437.0,Monferno,Fire,Fighting,['Blaze'],['Iron Fist'],IV,64.0,78.0,52.0,78.0,52.0,81.0,405.0,22.0,0.9,0.875,Playful Pokémon,45.0,20.0,['Field' 'Human-Like'],"Medium Slow
",70.0,0.0,0.0,0.0,0.0,2.0,3.0,Chimchar,1.0,1.0,2.0,1.0,2.0,1.0,0.25,1.0,0.5,0.5,2.0,0.5,1.0,2.0,0.5,1.0,0.5,1.0
438.0,Infernape,Fire,Fighting,['Blaze'],['Iron Fist'],IV,76.0,104.0,71.0,104.0,71.0,108.0,534.0,55.0,1.2,0.875,Flame Pokémon,45.0,20.0,['Field' 'Human-Like'],"Medium Slow
",70.0,0.0,0.0,0.0,0.0,3.0,3.0,Monferno,1.0,1.0,2.0,1.0,2.0,1.0,0.25,1.0,0.5,0.5,2.0,0.5,1.0,2.0,0.5,1.0,0.5,1.0
439.0,Piplup,Water,,['Torrent'],['Competitive'],IV,53.0,51.0,53.0,61.0,56.0,40.0,314.0,5.2,0.4,0.875,Penguin Pokémon,45.0,20.0,['Water 1' 'Field'],"Medium Slow
",70.0,0.0,0.0,0.0,0.0,1.0,3.0,No Preevolution,1.0,1.0,1.0,1.0,1.0,1.0,1.0,1.0,0.5,0.5,0.5,2.0,2.0,1.0,0.5,1.0,1.0,1.0
440.0,Prinplup,Water,,['Torrent'],['Competitive'],IV,64.0,66.0,68.0,81.0,76.0,50.0,405.0,23.0,0.8,0.875,Penguin Pokémon,45.0,20.0,['Water 1' 'Field'],"Medium Slow
",70.0,0.0,0.0,0.0,0.0,2.0,3.0,Piplup,1.0,1.0,1.0,1.0,1.0,1.0,1.0,1.0,0.5,0.5,0.5,2.0,2.0,1.0,0.5,1.0,1.0,1.0
441.0,Empoleon,Water,Steel,['Torrent'],['Competitive'],IV,84.0,86.0,88.0,111.0,101.0,60.0,530.0,84.5,1.7,0.875,Emperor Pokémon,45.0,20.0,['Water 1' 'Field'],"Medium Slow
",70.0,0.0,0.0,0.0,0.0,3.0,3.0,Prinplup,0.5,2.0,0.5,0.0,2.0,0.5,0.5,1.0,0.25,1.0,0.5,1.0,2.0,0.5,0.25,0.5,1.0,0.5
442.0,Starly,Normal,Flying,['Keen Eye'],[],IV,40.0,55.0,30.0,30.0,30.0,60.0,245.0,2.0,0.3,0.5,Starling Pokémon,255.0,15.0,['Flying'],"Medium Slow
",70.0,0.0,0.0,0.0,0.0,1.0,3.0,No Preevolution,1.0,1.0,1.0,1.0,0.0,2.0,0.5,0.0,1.0,1.0,1.0,0.5,2.0,1.0,2.0,1.0,1.0,1.0
443.0,Staravia,Normal,Flying,['Intimidate'],['Reckless'],IV,55.0,75.0,50.0,40.0,40.0,80.0,340.0,15.5,0.6,0.5,Starling Pokémon,120.0,15.0,['Flying'],"Medium Slow
",70.0,0.0,0.0,0.0,0.0,2.0,3.0,Starly,1.0,1.0,1.0,1.0,0.0,2.0,0.5,0.0,1.0,1.0,1.0,0.5,2.0,1.0,2.0,1.0,1.0,1.0
444.0,Staraptor,Normal,Flying,['Intimidate'],['Reckless'],IV,85.0,120.0,70.0,50.0,60.0,100.0,485.0,24.9,1.2,0.5,Predator Pokémon,45.0,15.0,['Flying'],"Medium Slow
",70.0,0.0,0.0,0.0,0.0,3.0,3.0,Staravia,1.0,1.0,1.0,1.0,0.0,2.0,0.5,0.0,1.0,1.0,1.0,0.5,2.0,1.0,2.0,1.0,1.0,1.0
445.0,Bidoof,Normal,,"['Simple', 'Unaware']",['Moody'],IV,59.0,45.0,40.0,35.0,40.0,31.0,250.0,20.0,0.5,0.5,Plump Mouse Pokémon,255.0,15.0,['Water 1' 'Field'],"Medium Fast
",70.0,0.0,0.0,0.0,0.0,1.0,2.0,No Preevolution,1.0,2.0,1.0,1.0,1.0,1.0,1.0,0.0,1.0,1.0,1.0,1.0,1.0,1.0,1.0,1.0,1.0,1.0
446.0,Bibarel,Normal,Water,"['Simple', 'Unaware']",['Moody'],IV,79.0,85.0,60.0,55.0,60.0,71.0,410.0,31.5,1.0,0.5,Beaver Pokémon,127.0,15.0,['Water 1' 'Field'],"Medium Fast
",70.0,0.0,0.0,0.0,0.0,2.0,2.0,Bidoof,1.0,2.0,1.0,1.0,1.0,1.0,1.0,0.0,0.5,0.5,0.5,2.0,2.0,1.0,0.5,1.0,1.0,1.0
447.0,Kricketot,Bug,,['Shed Skin'],['Run Away'],IV,37.0,25.0,41.0,25.0,41.0,25.0,194.0,2.2,0.3,0.5,Cricket Pokémon,255.0,15.0,['Bug'],"Medium Slow
",70.0,0.0,0.0,0.0,0.0,1.0,2.0,No Preevolution,1.0,0.5,2.0,1.0,0.5,2.0,1.0,1.0,1.0,2.0,1.0,0.5,1.0,1.0,1.0,1.0,1.0,1.0
448.0,Kricketune,Bug,,['Swarm'],['Technician'],IV,77.0,85.0,51.0,55.0,51.0,65.0,384.0,25.5,1.0,0.5,Cricket Pokémon,45.0,15.0,['Bug'],"Medium Slow
",70.0,0.0,0.0,0.0,0.0,2.0,2.0,Kricketot,1.0,0.5,2.0,1.0,0.5,2.0,1.0,1.0,1.0,2.0,1.0,0.5,1.0,1.0,1.0,1.0,1.0,1.0
449.0,Shinx,Electric,,"['Rivalry', 'Intimidate']",['Guts'],IV,45.0,65.0,34.0,40.0,34.0,45.0,263.0,9.5,0.5,0.5,Flash Pokémon,235.0,20.0,['Field'],"Medium Slow
",70.0,0.0,0.0,0.0,0.0,1.0,3.0,No Preevolution,1.0,1.0,0.5,1.0,2.0,1.0,1.0,1.0,0.5,1.0,1.0,1.0,0.5,1.0,1.0,1.0,1.0,1.0
450.0,Luxio,Electric,,"['Rivalry', 'Intimidate']",['Guts'],IV,60.0,85.0,49.0,60.0,49.0,60.0,363.0,30.5,0.9,0.5,Spark Pokémon,120.0,20.0,['Field'],"Medium Slow
",100.0,0.0,0.0,0.0,0.0,2.0,3.0,Shinx,1.0,1.0,0.5,1.0,2.0,1.0,1.0,1.0,0.5,1.0,1.0,1.0,0.5,1.0,1.0,1.0,1.0,1.0
451.0,Luxray,Electric,,"['Rivalry', 'Intimidate']",['Guts'],IV,80.0,120.0,79.0,95.0,79.0,70.0,523.0,42.0,1.4,0.5,Gleam Eyes Pokémon,45.0,20.0,['Field'],"Medium Slow
",70.0,0.0,0.0,0.0,0.0,3.0,3.0,Luxio,1.0,1.0,0.5,1.0,2.0,1.0,1.0,1.0,0.5,1.0,1.0,1.0,0.5,1.0,1.0,1.0,1.0,1.0
452.0,Budew,Grass,Poison,"['Natural Cure', 'Poison Point']",['Leaf Guard'],IV,40.0,30.0,35.0,50.0,70.0,55.0,280.0,1.2,0.2,0.5,Bud Pokémon,255.0,20.0,-,"Medium Slow
",70.0,0.0,0.0,0.0,0.0,1.0,3.0,No Preevolution,1.0,0.5,2.0,1.0,1.0,1.0,1.0,1.0,1.0,2.0,0.5,0.25,0.5,2.0,2.0,1.0,1.0,0.5
453.0,Roserade,Grass,Poison,"['Natural Cure', 'Poison Point']",['Technician'],IV,60.0,70.0,65.0,125.0,105.0,90.0,515.0,14.5,0.9,0.5,Bouquet Pokémon,75.0,20.0,['Fairy' 'Grass'],"Medium Slow
",70.0,0.0,0.0,0.0,0.0,3.0,3.0,Roselia,1.0,0.5,2.0,1.0,1.0,1.0,1.0,1.0,1.0,2.0,0.5,0.25,0.5,2.0,2.0,1.0,1.0,0.5
454.0,Cranidos,Rock,,['Mold Breaker'],['Sheer Force'],IV,67.0,125.0,40.0,30.0,30.0,58.0,350.0,31.5,0.9,0.875,Head Butt Pokémon,45.0,30.0,['Monster'],"Erratic
",70.0,0.0,0.0,0.0,0.0,1.0,2.0,No Preevolution,0.5,2.0,0.5,0.5,2.0,1.0,1.0,1.0,2.0,0.5,2.0,2.0,1.0,1.0,1.0,1.0,1.0,1.0
455.0,Rampardos,Rock,,['Mold Breaker'],['Sheer Force'],IV,97.0,165.0,60.0,65.0,50.0,58.0,495.0,102.5,1.6,0.875,Head Butt Pokémon,45.0,30.0,['Monster'],"Erratic
",70.0,0.0,0.0,0.0,0.0,2.0,2.0,Cranidos,0.5,2.0,0.5,0.5,2.0,1.0,1.0,1.0,2.0,0.5,2.0,2.0,1.0,1.0,1.0,1.0,1.0,1.0
456.0,Shieldon,Rock,Steel,['Sturdy'],['Soundproof'],IV,30.0,42.0,118.0,42.0,88.0,30.0,350.0,57.0,0.5,0.875,Shield Pokémon,45.0,30.0,['Monster'],"Erratic
",70.0,0.0,0.0,0.0,0.0,1.0,2.0,No Preevolution,0.25,4.0,0.25,0.0,4.0,0.5,0.5,1.0,1.0,1.0,2.0,1.0,1.0,0.5,0.5,0.5,1.0,0.5
457.0,Bastiodon,Rock,Steel,['Sturdy'],['Soundproof'],IV,60.0,52.0,168.0,47.0,138.0,30.0,495.0,149.5,1.3,0.875,Shield Pokémon,45.0,30.0,['Monster'],"Erratic
",70.0,0.0,0.0,0.0,0.0,2.0,2.0,Shieldon,0.25,4.0,0.25,0.0,4.0,0.5,0.5,1.0,1.0,1.0,2.0,1.0,1.0,0.5,0.5,0.5,1.0,0.5
458.0,Burmy,Bug,,,,,,,,,,,,,,,,,,,,,,,,,,,,,,,,,,,,,,,,,,,,,
459.0,Wormadam Plant Cloak,Bug,Grass,['Anticipation'],['Overcoat'],IV,60.0,59.0,85.0,79.0,105.0,36.0,424.0,6.5,0.5,0.0,Bagworm Pokémon,45.0,15.0,['Bug'],"Medium Fast
",70.0,0.0,0.0,0.0,0.0,2.0,2.0,Burmy Plant Cloak,1.0,0.5,4.0,2.0,0.25,2.0,2.0,1.0,1.0,4.0,0.5,0.25,0.5,1.0,2.0,1.0,1.0,1.0
460.0,Wormadam Sandy Cloak,Bug,Ground,['Anticipation'],['Overcoat'],IV,60.0,79.0,105.0,59.0,85.0,36.0,424.0,6.5,0.5,0.0,Bagworm Pokémon,45.0,15.0,['Bug'],"Medium Fast
",70.0,0.0,0.0,0.0,0.0,2.0,2.0,Burmy Sandy Cloak,1.0,0.5,2.0,0.5,0.5,1.0,1.0,1.0,1.0,2.0,2.0,1.0,0.0,1.0,2.0,1.0,1.0,1.0
461.0,Wormadam Trash Cloak,Bug,Steel,['Anticipation'],['Overcoat'],IV,60.0,69.0,95.0,69.0,95.0,36.0,424.0,6.5,0.5,0.0,Bagworm Pokémon,45.0,15.0,['Bug'],"Medium Fast
",70.0,0.0,0.0,0.0,0.0,2.0,2.0,Burmy Trash Cloak,0.5,1.0,1.0,0.0,1.0,1.0,0.5,1.0,0.5,4.0,1.0,0.25,1.0,0.5,0.5,0.5,1.0,0.5
462.0,Mothim,Bug,Flying,['Swarm'],['Tinted Lens'],IV,70.0,94.0,50.0,94.0,50.0,66.0,424.0,23.3,0.9,1.0,Moth Pokémon,45.0,15.0,['Bug'],"Medium Fast
",70.0,0.0,0.0,0.0,0.0,2.0,2.0,Burmy,1.0,0.25,2.0,1.0,0.0,4.0,0.5,1.0,1.0,2.0,1.0,0.25,2.0,1.0,2.0,1.0,1.0,1.0
463.0,Combee,Bug,Flying,['Honey Gather'],['Hustle'],IV,30.0,30.0,42.0,30.0,42.0,70.0,244.0,5.5,0.3,0.875,Tiny Bee Pokémon,120.0,15.0,['Bug'],"Medium Slow
",70.0,0.0,0.0,0.0,0.0,1.0,2.0,No Preevolution,1.0,0.25,2.0,1.0,0.0,4.0,0.5,1.0,1.0,2.0,1.0,0.25,2.0,1.0,2.0,1.0,1.0,1.0
464.0,Vespiquen,Bug,Flying,['Pressure'],['Unnerve'],IV,70.0,80.0,102.0,80.0,102.0,40.0,474.0,38.5,1.2,0.0,Beehive Pokémon,45.0,15.0,['Bug'],"Medium Slow
",70.0,0.0,0.0,0.0,0.0,2.0,2.0,Combee,1.0,0.25,2.0,1.0,0.0,4.0,0.5,1.0,1.0,2.0,1.0,0.25,2.0,1.0,2.0,1.0,1.0,1.0
465.0,Pachirisu,Electric,,"['Run Away', 'Pickup']",['Volt Absorb'],IV,60.0,45.0,70.0,45.0,90.0,95.0,405.0,3.9,0.4,0.5,EleSquirrel Pokémon,200.0,10.0,['Field' 'Fairy'],"Medium Fast
",100.0,0.0,0.0,0.0,0.0,1.0,1.0,No Preevolution,1.0,1.0,0.5,1.0,2.0,1.0,1.0,1.0,0.5,1.0,1.0,1.0,0.5,1.0,1.0,1.0,1.0,1.0
466.0,Buizel,Water,,['Swift Swim'],['Water Veil'],IV,55.0,65.0,35.0,60.0,30.0,85.0,330.0,29.5,0.7,0.5,Sea Weasel Pokémon,190.0,20.0,['Water 1' 'Field'],"Medium Fast
",70.0,0.0,0.0,0.0,0.0,1.0,2.0,No Preevolution,1.0,1.0,1.0,1.0,1.0,1.0,1.0,1.0,0.5,0.5,0.5,2.0,2.0,1.0,0.5,1.0,1.0,1.0
467.0,Floatzel,Water,,['Swift Swim'],['Water Veil'],IV,85.0,105.0,55.0,85.0,50.0,115.0,495.0,33.5,1.1,0.5,Sea Weasel Pokémon,75.0,20.0,['Water 1' 'Field'],"Medium Fast
",70.0,0.0,0.0,0.0,0.0,2.0,2.0,Buizel,1.0,1.0,1.0,1.0,1.0,1.0,1.0,1.0,0.5,0.5,0.5,2.0,2.0,1.0,0.5,1.0,1.0,1.0
468.0,Cherubi,Grass,,['Chlorophyll'],[],IV,45.0,35.0,45.0,62.0,53.0,35.0,275.0,3.3,0.4,0.5,Cherry Pokémon,190.0,20.0,['Fairy' 'Grass'],"Medium Fast
",70.0,0.0,0.0,0.0,0.0,1.0,2.0,No Preevolution,1.0,1.0,2.0,2.0,0.5,1.0,2.0,1.0,1.0,2.0,0.5,0.5,0.5,1.0,2.0,1.0,1.0,1.0
469.0,Cherrim,Grass,,,,,,,,,,,,,,,,,,,,,,,,,,,,,,,,,,,,,,,,,,,,,
470.0,Shellos,Water,,,,,,,,,,,,,,,,,,,,,,,,,,,,,,,,,,,,,,,,,,,,,
471.0,Gastrodon,Water,Ground,,,,,,,,,,,,,,,,,,,,,,,,,,,,,,,,,,,,,,,,,,,,
472.0,Ambipom,Normal,,"['Technician', 'Pickup']",['Skill Link'],IV,75.0,100.0,66.0,60.0,66.0,115.0,482.0,20.3,1.2,0.5,Long Tail Pokémon,45.0,20.0,['Field'],"Fast
",100.0,0.0,0.0,0.0,0.0,2.0,2.0,Aipom,1.0,2.0,1.0,1.0,1.0,1.0,1.0,0.0,1.0,1.0,1.0,1.0,1.0,1.0,1.0,1.0,1.0,1.0
473.0,Drifloon,Ghost,Flying,"['Aftermath', 'Unburden']",['Flare Boost'],IV,90.0,50.0,34.0,60.0,44.0,70.0,348.0,1.2,0.4,0.5,Balloon Pokémon,125.0,30.0,['Amorphous'],"Fluctuating
",70.0,0.0,0.0,0.0,0.0,1.0,2.0,No Preevolution,0.0,0.0,1.0,0.5,0.0,2.0,0.25,2.0,1.0,1.0,1.0,0.5,2.0,1.0,2.0,1.0,2.0,1.0
474.0,Drifblim,Ghost,Flying,"['Aftermath', 'Unburden']",['Flare Boost'],IV,150.0,80.0,44.0,90.0,54.0,80.0,498.0,15.0,1.2,0.5,Blimp Pokémon,60.0,30.0,['Amorphous'],"Fluctuating
",70.0,0.0,0.0,0.0,0.0,2.0,2.0,Drifloon,0.0,0.0,1.0,0.5,0.0,2.0,0.25,2.0,1.0,1.0,1.0,0.5,2.0,1.0,2.0,1.0,2.0,1.0
475.0,Buneary,Normal,,"['Run Away', 'Klutz']",['Limber'],IV,55.0,66.0,44.0,44.0,56.0,85.0,350.0,5.5,0.4,0.5,Rabbit Pokémon,190.0,20.0,['Field' 'Human-Like'],"Medium Fast
",0.0,0.0,0.0,0.0,0.0,1.0,2.0,No Preevolution,1.0,2.0,1.0,1.0,1.0,1.0,1.0,0.0,1.0,1.0,1.0,1.0,1.0,1.0,1.0,1.0,1.0,1.0
476.0,Lopunny,Normal,,"['Cute Charm', 'Klutz']",['Limber'],IV,65.0,76.0,84.0,54.0,96.0,105.0,580.0,33.3,1.2,0.5,Rabbit Pokémon,60.0,20.0,['Field' 'Human-Like'],"Medium Fast
",140.0,0.0,0.0,0.0,1.0,2.0,2.0,Buneary,1.0,2.0,1.0,1.0,1.0,1.0,1.0,0.0,1.0,1.0,1.0,1.0,1.0,1.0,1.0,1.0,1.0,1.0
477.0,Mega Lopunny,Normal,Fighting,,,,,,,,,,,,,,,,,,,,,,,,,,,,,,,,,,,,,,,,,,,,
478.0,Mismagius,Ghost,,['Levitate'],[],IV,60.0,60.0,60.0,105.0,105.0,105.0,495.0,4.4,0.9,0.5,Magical Pokémon,45.0,25.0,['Amorphous'],"Fast
",35.0,0.0,0.0,0.0,0.0,2.0,2.0,Misdreavus,0.0,0.0,1.0,0.5,1.0,1.0,0.5,2.0,1.0,1.0,1.0,1.0,1.0,1.0,1.0,1.0,2.0,1.0
479.0,Honchkrow,Dark,Flying,"['Insomnia', 'Super Luck']",['Moxie'],IV,100.0,125.0,52.0,105.0,52.0,71.0,505.0,27.3,0.9,0.5,Big Boss Pokémon,30.0,20.0,['Flying'],"Medium Slow
",35.0,0.0,0.0,0.0,0.0,2.0,2.0,Murkrow,1.0,1.0,1.0,1.0,0.0,2.0,1.0,0.5,1.0,1.0,1.0,0.5,2.0,0.0,2.0,1.0,0.5,2.0
480.0,Glameow,Normal,,"['Limber', 'Own Tempo']",['Keen Eye'],IV,49.0,55.0,42.0,42.0,37.0,85.0,310.0,3.9,0.5,0.25,Catty Pokémon,190.0,20.0,['Field'],"Fast
",70.0,0.0,0.0,0.0,0.0,1.0,2.0,No Preevolution,1.0,2.0,1.0,1.0,1.0,1.0,1.0,0.0,1.0,1.0,1.0,1.0,1.0,1.0,1.0,1.0,1.0,1.0
481.0,Purugly,Normal,,"['Thick Fat', 'Own Tempo']",['Defiant'],IV,71.0,82.0,64.0,64.0,59.0,112.0,452.0,43.8,1.0,0.25,Tiger Cat Pokémon,75.0,20.0,['Field'],"Fast
",70.0,0.0,0.0,0.0,0.0,2.0,2.0,Glameow,1.0,2.0,1.0,1.0,1.0,1.0,1.0,0.0,1.0,1.0,1.0,1.0,1.0,1.0,1.0,1.0,1.0,1.0
482.0,Chingling,Psychic,,['Levitate'],[],IV,45.0,30.0,50.0,65.0,50.0,45.0,285.0,0.6,0.2,0.5,Bell Pokémon,120.0,25.0,-,"Fast
",70.0,0.0,0.0,0.0,0.0,1.0,2.0,No Preevolution,1.0,0.5,1.0,1.0,1.0,1.0,2.0,2.0,1.0,1.0,1.0,1.0,1.0,0.5,1.0,1.0,2.0,1.0
483.0,Stunky,Poison,Dark,"['Stench', 'Aftermath']",['Keen Eye'],IV,63.0,63.0,47.0,41.0,41.0,74.0,329.0,19.2,0.4,0.5,Skunk Pokémon,225.0,20.0,['Field'],"Medium Fast
",70.0,0.0,0.0,0.0,0.0,1.0,2.0,No Preevolution,1.0,1.0,1.0,0.5,2.0,1.0,1.0,0.5,1.0,1.0,1.0,0.5,1.0,0.0,1.0,1.0,0.5,1.0
484.0,Skuntank,Poison,Dark,"['Stench', 'Aftermath']",['Keen Eye'],IV,103.0,93.0,67.0,71.0,61.0,84.0,479.0,38.0,1.0,0.5,Skunk Pokémon,60.0,20.0,['Field'],"Medium Fast
",70.0,0.0,0.0,0.0,0.0,2.0,2.0,Stunky,1.0,1.0,1.0,0.5,2.0,1.0,1.0,0.5,1.0,1.0,1.0,0.5,1.0,0.0,1.0,1.0,0.5,1.0
485.0,Bronzor,Steel,Psychic,"['Levitate', 'Heatproof']",['Heavy Metal'],IV,57.0,24.0,86.0,24.0,86.0,23.0,300.0,60.5,0.5,-,Bronze Pokémon,255.0,20.0,['Mineral'],"Medium Fast
",70.0,0.0,0.0,0.0,0.0,1.0,2.0,No Preevolution,0.5,1.0,0.5,0.0,2.0,0.5,1.0,2.0,0.5,2.0,1.0,0.5,1.0,0.25,0.5,0.5,2.0,0.5
486.0,Bronzong,Steel,Psychic,"['Levitate', 'Heatproof']",['Heavy Metal'],IV,67.0,89.0,116.0,79.0,116.0,33.0,500.0,187.0,1.3,-,Bronze Bell Pokémon,90.0,20.0,['Mineral'],"Medium Fast
",70.0,0.0,0.0,0.0,0.0,2.0,2.0,Bronzor,0.5,1.0,0.5,0.0,2.0,0.5,1.0,2.0,0.5,2.0,1.0,0.5,1.0,0.25,0.5,0.5,2.0,0.5
487.0,Bonsly,Rock,,"['Sturdy', 'Rock Head']",['Rattled'],IV,50.0,80.0,95.0,10.0,45.0,10.0,290.0,15.0,0.5,0.5,Bonsai Pokémon,255.0,20.0,-,"Medium Fast
",70.0,0.0,0.0,0.0,0.0,1.0,2.0,No Preevolution,0.5,2.0,0.5,0.5,2.0,1.0,1.0,1.0,2.0,0.5,2.0,2.0,1.0,1.0,1.0,1.0,1.0,1.0
488.0,Mime Jr.,Psychic,Fairy,"['Soundproof', 'Filter']",['Technician'],IV,20.0,25.0,45.0,70.0,90.0,60.0,310.0,13.0,0.6,0.5,Mime Pokémon,145.0,25.0,-,"Medium Fast
",70.0,0.0,0.0,0.0,0.0,1.0,2.0,No Preevolution,1.0,0.25,1.0,2.0,1.0,1.0,1.0,2.0,2.0,1.0,1.0,1.0,1.0,0.5,1.0,0.0,1.0,1.0
489.0,Happiny,Normal,,"['Natural Cure', 'Serene Grace']",['Friend Guard'],IV,100.0,5.0,5.0,15.0,65.0,30.0,220.0,24.4,0.6,0.0,Playhouse Pokémon,130.0,40.0,-,"Fast
",140.0,0.0,0.0,0.0,0.0,1.0,3.0,No Preevolution,1.0,2.0,1.0,1.0,1.0,1.0,1.0,0.0,1.0,1.0,1.0,1.0,1.0,1.0,1.0,1.0,1.0,1.0
490.0,Chatot,Normal,Flying,"['Keen Eye', 'Tangled Feet']",['Big Pecks'],IV,76.0,65.0,45.0,92.0,42.0,91.0,411.0,1.9,0.5,0.5,Music Note Pokémon,30.0,20.0,['Flying'],"Medium Slow
",35.0,0.0,0.0,0.0,0.0,1.0,1.0,No Preevolution,1.0,1.0,1.0,1.0,0.0,2.0,0.5,0.0,1.0,1.0,1.0,0.5,2.0,1.0,2.0,1.0,1.0,1.0
491.0,Spiritomb,Ghost,Dark,['Pressure'],['Infiltrator'],IV,50.0,92.0,108.0,92.0,108.0,35.0,485.0,108.0,1.0,0.5,Forbidden Pokémon,100.0,30.0,['Amorphous'],"Medium Fast
",70.0,0.0,0.0,0.0,0.0,1.0,1.0,No Preevolution,0.0,0.0,1.0,0.5,1.0,1.0,1.0,1.0,1.0,1.0,1.0,1.0,1.0,0.0,1.0,1.0,1.0,2.0
492.0,Gible,Dragon,Ground,['Sand Veil'],['Rough Skin'],IV,58.0,70.0,45.0,40.0,45.0,42.0,300.0,20.5,0.7,0.5,Land Shark Pokémon,45.0,40.0,['Monster' 'Dragon'],"Slow
",70.0,0.0,0.0,0.0,0.0,1.0,3.0,No Preevolution,1.0,1.0,1.0,0.5,1.0,0.5,1.0,1.0,1.0,0.5,1.0,1.0,0.0,1.0,4.0,2.0,1.0,2.0
493.0,Gabite,Dragon,Ground,['Sand Veil'],['Rough Skin'],IV,68.0,90.0,65.0,50.0,55.0,82.0,410.0,56.0,1.4,0.5,Cave Pokémon,45.0,40.0,['Monster' 'Dragon'],"Slow
",70.0,0.0,0.0,0.0,0.0,2.0,3.0,Gible,1.0,1.0,1.0,0.5,1.0,0.5,1.0,1.0,1.0,0.5,1.0,1.0,0.0,1.0,4.0,2.0,1.0,2.0
494.0,Garchomp,Dragon,Ground,['Sand Veil'],['Rough Skin'],IV,108.0,130.0,95.0,80.0,85.0,102.0,700.0,95.0,1.9,0.5,Mach Pokémon,45.0,40.0,['Monster' 'Dragon'],"Slow
",70.0,0.0,0.0,0.0,1.0,3.0,3.0,Gabite,1.0,1.0,1.0,0.5,1.0,0.5,1.0,1.0,1.0,0.5,1.0,1.0,0.0,1.0,4.0,2.0,1.0,2.0
495.0,Mega Garchomp,Dragon,Ground,,,,,,,,,,,,,,,,,,,,,,,,,,,,,,,,,,,,,,,,,,,,
496.0,Munchlax,Normal,,"['Pickup', 'Thick Fat']",['Gluttony'],IV,135.0,85.0,40.0,40.0,85.0,5.0,390.0,105.0,0.6,0.875,Big Eater Pokémon,50.0,40.0,-,"Slow
",70.0,0.0,0.0,0.0,0.0,1.0,2.0,No Preevolution,1.0,2.0,1.0,1.0,1.0,1.0,1.0,0.0,1.0,1.0,1.0,1.0,1.0,1.0,1.0,1.0,1.0,1.0
497.0,Riolu,Fighting,,"['Steadfast', 'Inner Focus']",['Prankster'],IV,40.0,70.0,40.0,35.0,40.0,60.0,285.0,20.2,0.7,0.875,Emanation Pokémon,75.0,25.0,-,"Medium Slow
",70.0,0.0,0.0,0.0,0.0,1.0,2.0,No Preevolution,1.0,1.0,2.0,1.0,1.0,0.5,0.5,1.0,1.0,1.0,1.0,1.0,1.0,2.0,1.0,1.0,0.5,2.0
498.0,Lucario,Fighting,Steel,"['Steadfast', 'Inner Focus']",['Justified'],IV,70.0,110.0,70.0,115.0,70.0,90.0,625.0,54.0,1.2,0.875,Aura Pokémon,45.0,25.0,['Field' 'Human-Like'],"Medium Slow
",70.0,0.0,0.0,0.0,1.0,2.0,2.0,Riolu,0.5,2.0,1.0,0.0,2.0,0.25,0.25,1.0,0.5,2.0,1.0,0.5,1.0,1.0,0.5,0.5,0.5,1.0
499.0,Mega Lucario,Fighting,Steel,,,,,,,,,,,,,,,,,,,,,,,,,,,,,,,,,,,,,,,,,,,,
500.0,Hippopotas,Ground,,['Sand Stream'],['Sand Force'],IV,68.0,72.0,78.0,38.0,42.0,32.0,330.0,49.5,0.8,0.5,Hippo Pokémon,140.0,30.0,['Field'],"Slow
",70.0,0.0,0.0,0.0,0.0,1.0,2.0,No Preevolution,1.0,1.0,1.0,0.5,1.0,0.5,1.0,1.0,1.0,1.0,2.0,2.0,0.0,1.0,2.0,1.0,1.0,1.0
501.0,Hippowdon,Ground,,['Sand Stream'],['Sand Force'],IV,108.0,112.0,118.0,68.0,72.0,47.0,525.0,300.0,2.0,0.5,Heavyweight Pokémon,60.0,30.0,['Field'],"Slow
",70.0,0.0,0.0,0.0,0.0,2.0,2.0,Hippopotas,1.0,1.0,1.0,0.5,1.0,0.5,1.0,1.0,1.0,1.0,2.0,2.0,0.0,1.0,2.0,1.0,1.0,1.0
502.0,Skorupi,Poison,Bug,"['Battle Armor', 'Sniper']",['Keen Eye'],IV,40.0,50.0,90.0,30.0,55.0,65.0,330.0,12.0,0.8,0.5,Scorpion Pokémon,120.0,20.0,['Bug' 'Water 3'],"Slow
",70.0,0.0,0.0,0.0,0.0,1.0,2.0,No Preevolution,1.0,0.25,2.0,0.5,1.0,2.0,0.5,1.0,1.0,2.0,1.0,0.25,1.0,2.0,1.0,1.0,1.0,0.5
503.0,Drapion,Poison,Dark,"['Battle Armor', 'Sniper']",['Keen Eye'],IV,70.0,90.0,110.0,60.0,75.0,95.0,500.0,61.5,1.3,0.5,Ogre Scorpion Pokémon,45.0,20.0,['Bug' 'Water 3'],"Slow
",70.0,0.0,0.0,0.0,0.0,2.0,2.0,Skorupi,1.0,1.0,1.0,0.5,2.0,1.0,1.0,0.5,1.0,1.0,1.0,0.5,1.0,0.0,1.0,1.0,0.5,1.0
504.0,Croagunk,Poison,Fighting,"['Anticipation', 'Dry Skin']",['Poison Touch'],IV,48.0,61.0,40.0,61.0,40.0,50.0,300.0,23.0,0.7,0.5,Toxic Mouth Pokémon,140.0,10.0,['Human-Like'],"Medium Fast
",100.0,0.0,0.0,0.0,0.0,1.0,2.0,No Preevolution,1.0,0.5,2.0,0.5,2.0,0.5,0.25,1.0,1.0,1.0,1.0,0.5,1.0,4.0,1.0,1.0,0.5,1.0
505.0,Toxicroak,Poison,Fighting,"['Anticipation', 'Dry Skin']",['Poison Touch'],IV,83.0,106.0,65.0,86.0,65.0,85.0,490.0,44.4,1.3,0.5,Toxic Mouth Pokémon,75.0,20.0,['Human-Like'],"Medium Fast
",70.0,0.0,0.0,0.0,0.0,2.0,2.0,Croagunk,1.0,0.5,2.0,0.5,2.0,0.5,0.25,1.0,1.0,1.0,1.0,0.5,1.0,4.0,1.0,1.0,0.5,1.0
506.0,Carnivine,Grass,,['Levitate'],[],IV,74.0,100.0,72.0,90.0,72.0,46.0,454.0,27.0,1.4,0.5,Bug Catcher Pokémon,200.0,25.0,['Grass'],"Slow
",70.0,0.0,0.0,0.0,0.0,1.0,1.0,No Preevolution,1.0,1.0,2.0,2.0,0.5,1.0,2.0,1.0,1.0,2.0,0.5,0.5,0.5,1.0,2.0,1.0,1.0,1.0
507.0,Finneon,Water,,"['Swift Swim', 'Storm Drain']",['Water Veil'],IV,49.0,49.0,56.0,49.0,61.0,66.0,330.0,7.0,0.4,0.5,Wing Fish Pokémon,190.0,20.0,['Water 2'],"Erratic
",70.0,0.0,0.0,0.0,0.0,1.0,2.0,No Preevolution,1.0,1.0,1.0,1.0,1.0,1.0,1.0,1.0,0.5,0.5,0.5,2.0,2.0,1.0,0.5,1.0,1.0,1.0
508.0,Lumineon,Water,,"['Swift Swim', 'Storm Drain']",['Water Veil'],IV,69.0,69.0,76.0,69.0,86.0,91.0,460.0,24.0,1.2,0.5,Neon Pokémon,75.0,20.0,['Water 2'],"Erratic
",70.0,0.0,0.0,0.0,0.0,2.0,2.0,Finneon,1.0,1.0,1.0,1.0,1.0,1.0,1.0,1.0,0.5,0.5,0.5,2.0,2.0,1.0,0.5,1.0,1.0,1.0
509.0,Mantyke,Water,Flying,"['Swift Swim', 'Water Absorb']",['Water Veil'],IV,45.0,20.0,50.0,60.0,120.0,50.0,345.0,65.0,1.0,0.5,Kite Pokémon,25.0,25.0,-,"Slow
",70.0,0.0,0.0,0.0,0.0,1.0,2.0,No Preevolution,1.0,0.5,1.0,1.0,0.0,2.0,0.5,1.0,0.5,0.5,0.5,1.0,4.0,1.0,1.0,1.0,1.0,1.0
510.0,Snover,Grass,Ice,['Snow Warning'],['Soundproof'],IV,60.0,62.0,50.0,62.0,60.0,40.0,334.0,50.5,1.0,0.5,Frost Tree Pokémon,120.0,20.0,['Monster' 'Grass'],"Slow
",70.0,0.0,0.0,0.0,0.0,1.0,2.0,No Preevolution,1.0,2.0,2.0,2.0,0.5,2.0,2.0,1.0,2.0,4.0,0.5,0.5,0.5,1.0,1.0,1.0,1.0,1.0
511.0,Abomasnow,Grass,Ice,['Snow Warning'],['Soundproof'],IV,90.0,92.0,75.0,92.0,85.0,60.0,594.0,135.5,2.2,0.5,Frost Tree Pokémon,60.0,20.0,['Monster' 'Grass'],"Slow
",70.0,0.0,0.0,0.0,1.0,2.0,2.0,Snover,1.0,2.0,2.0,2.0,0.5,2.0,2.0,1.0,2.0,4.0,0.5,0.5,0.5,1.0,1.0,1.0,1.0,1.0
512.0,Mega Abomasnow,Grass,Ice,,,,,,,,,,,,,,,,,,,,,,,,,,,,,,,,,,,,,,,,,,,,
513.0,Weavile,Dark,Ice,['Pressure'],['Pickpocket'],IV,70.0,120.0,65.0,45.0,85.0,125.0,510.0,34.0,1.1,0.5,Sharp Claw Pokémon,45.0,20.0,['Field'],"Medium Slow
",35.0,0.0,0.0,0.0,0.0,2.0,2.0,Sneasel,1.0,4.0,1.0,1.0,1.0,2.0,2.0,0.5,2.0,2.0,1.0,1.0,1.0,0.0,0.5,1.0,0.5,2.0
514.0,Magnezone,Electric,Steel,"['Magnet Pull', 'Sturdy']",['Analytic'],IV,70.0,70.0,115.0,130.0,90.0,60.0,535.0,180.0,1.2,-,Magnet Area Pokémon,30.0,20.0,['Mineral'],"Medium Fast
",70.0,0.0,0.0,0.0,0.0,3.0,3.0,Magneton,0.5,2.0,0.25,0.0,4.0,0.5,0.5,1.0,0.25,2.0,1.0,0.5,0.5,0.5,0.5,0.5,1.0,0.5
515.0,Lickilicky,Normal,,"['Own Tempo', 'Oblivious']",['Cloud Nine'],IV,110.0,85.0,95.0,80.0,95.0,50.0,515.0,140.0,1.7,0.5,Licking Pokémon,30.0,20.0,['Monster'],"Medium Fast
",70.0,0.0,0.0,0.0,0.0,2.0,2.0,Lickitung,1.0,2.0,1.0,1.0,1.0,1.0,1.0,0.0,1.0,1.0,1.0,1.0,1.0,1.0,1.0,1.0,1.0,1.0
516.0,Rhyperior,Ground,Rock,"['Lightning Rod', 'Solid Rock']",['Reckless'],IV,115.0,140.0,130.0,55.0,55.0,40.0,535.0,282.8,2.4,0.5,Drill Pokémon,30.0,20.0,['Monster' 'Field'],"Slow
",70.0,0.0,0.0,0.0,0.0,3.0,3.0,Rhydon,0.5,2.0,0.5,0.25,2.0,0.5,1.0,1.0,2.0,0.5,4.0,4.0,0.0,1.0,2.0,1.0,1.0,1.0
517.0,Tangrowth,Grass,,"['Chlorophyll', 'Leaf Guard']",['Regenerator'],IV,100.0,100.0,125.0,110.0,50.0,50.0,535.0,128.6,2.0,0.5,Vine Pokémon,30.0,20.0,['Grass'],"Medium Fast
",70.0,0.0,0.0,0.0,0.0,2.0,2.0,Tangela,1.0,1.0,2.0,2.0,0.5,1.0,2.0,1.0,1.0,2.0,0.5,0.5,0.5,1.0,2.0,1.0,1.0,1.0
518.0,Electivire,Electric,,['Motor Drive'],['Vital Spirit'],IV,75.0,123.0,67.0,95.0,85.0,95.0,540.0,138.6,1.8,0.75,Thunderbolt Pokémon,30.0,25.0,['Human-Like'],"Medium Fast
",70.0,0.0,0.0,0.0,0.0,3.0,3.0,Electabuzz,1.0,1.0,0.5,1.0,2.0,1.0,1.0,1.0,0.5,1.0,1.0,1.0,0.5,1.0,1.0,1.0,1.0,1.0
519.0,Magmortar,Fire,,['Flame Body'],['Vital Spirit'],IV,75.0,95.0,67.0,125.0,95.0,83.0,540.0,68.0,1.6,0.75,Blast Pokémon,30.0,25.0,['Human-Like'],"Medium Fast
",70.0,0.0,0.0,0.0,0.0,3.0,3.0,Magmar,1.0,1.0,1.0,1.0,2.0,2.0,0.5,1.0,0.5,0.5,2.0,0.5,1.0,1.0,0.5,1.0,1.0,0.5
520.0,Togekiss,Fairy,Flying,"['Hustle', 'Serene Grace']",['Super Luck'],IV,85.0,50.0,95.0,120.0,115.0,80.0,545.0,38.0,1.5,0.875,Jubilee Pokémon,30.0,10.0,['Flying' 'Fairy'],"Fast
",70.0,0.0,0.0,0.0,0.0,3.0,3.0,Togetic,1.0,0.25,1.0,2.0,0.0,2.0,0.25,1.0,2.0,1.0,1.0,0.5,2.0,1.0,2.0,0.0,0.5,1.0
521.0,Yanmega,Bug,Flying,"['Speed Boost', 'Tinted Lens']",['Frisk'],IV,86.0,76.0,86.0,116.0,56.0,95.0,515.0,51.5,1.9,0.5,Ogre Darner Pokémon,30.0,20.0,['Bug'],"Medium Fast
",70.0,0.0,0.0,0.0,0.0,2.0,2.0,Yanma,1.0,0.25,2.0,1.0,0.0,4.0,0.5,1.0,1.0,2.0,1.0,0.25,2.0,1.0,2.0,1.0,1.0,1.0
522.0,Leafeon,Grass,,['Leaf Guard'],['Chlorophyll'],IV,65.0,110.0,130.0,60.0,65.0,95.0,525.0,25.5,1.0,0.875,Verdant Pokémon,45.0,35.0,['Field'],"Medium Fast
",35.0,0.0,0.0,0.0,0.0,2.0,2.0,Eevee,1.0,1.0,2.0,2.0,0.5,1.0,2.0,1.0,1.0,2.0,0.5,0.5,0.5,1.0,2.0,1.0,1.0,1.0
523.0,Glaceon,Ice,,['Snow Cloak'],['Ice Body'],IV,65.0,60.0,110.0,130.0,95.0,65.0,525.0,25.9,0.8,0.875,Fresh Snow Pokémon,45.0,35.0,['Field'],"Medium Fast
",35.0,0.0,0.0,0.0,0.0,2.0,2.0,Eevee,1.0,2.0,1.0,1.0,1.0,2.0,1.0,1.0,2.0,2.0,1.0,1.0,1.0,1.0,0.5,1.0,1.0,1.0
524.0,Gliscor,Ground,Flying,"['Hyper Cutter', 'Sand Veil']",['Poison Heal'],IV,75.0,95.0,125.0,45.0,75.0,95.0,510.0,42.5,2.0,0.5,Fang Scorpion Pokémon,30.0,20.0,['Bug'],"Medium Slow
",70.0,0.0,0.0,0.0,0.0,2.0,2.0,Gligar,1.0,0.5,1.0,0.5,0.0,1.0,0.5,1.0,1.0,1.0,2.0,1.0,0.0,1.0,4.0,1.0,1.0,1.0
525.0,Mamoswine,Ice,Ground,"['Oblivious', 'Snow Cloak']",['Thick Fat'],IV,110.0,130.0,80.0,70.0,60.0,80.0,530.0,291.0,2.5,0.5,Twin Tusk Pokémon,50.0,20.0,['Field'],"Slow
",70.0,0.0,0.0,0.0,0.0,3.0,3.0,Piloswine,1.0,2.0,1.0,0.5,1.0,1.0,1.0,1.0,2.0,2.0,2.0,2.0,0.0,1.0,1.0,1.0,1.0,1.0
526.0,Porygon-Z,Normal,,"['Adaptability', 'Download']",['Analytic'],IV,85.0,80.0,70.0,135.0,75.0,90.0,535.0,34.0,0.9,-,Virtual Pokémon,30.0,20.0,['Mineral'],"Medium Fast
",70.0,0.0,0.0,0.0,0.0,3.0,3.0,Porygon2,1.0,2.0,1.0,1.0,1.0,1.0,1.0,0.0,1.0,1.0,1.0,1.0,1.0,1.0,1.0,1.0,1.0,1.0
527.0,Gallade,Psychic,Fighting,"['Steadfast', 'Sharpness']",['Justified'],IV,68.0,125.0,65.0,65.0,115.0,80.0,618.0,52.0,1.6,1.0,Blade Pokémon,45.0,20.0,['Human-Like' 'Amorphous'],"Slow
",35.0,0.0,0.0,0.0,1.0,3.0,3.0,Kirlia,1.0,0.5,2.0,1.0,1.0,0.5,1.0,2.0,1.0,1.0,1.0,1.0,1.0,1.0,1.0,1.0,1.0,2.0
528.0,Mega Gallade,Psychic,Fighting,,,,,,,,,,,,,,,,,,,,,,,,,,,,,,,,,,,,,,,,,,,,
529.0,Probopass,Rock,Steel,"['Sturdy', 'Magnet Pull']",['Sand Force'],IV,60.0,55.0,145.0,75.0,150.0,40.0,525.0,340.0,1.4,0.5,Compass Pokémon,60.0,20.0,['Mineral'],"Medium Fast
",70.0,0.0,0.0,0.0,0.0,2.0,2.0,Nosepass,0.25,4.0,0.25,0.0,4.0,0.5,0.5,1.0,1.0,1.0,2.0,1.0,1.0,0.5,0.5,0.5,1.0,0.5
530.0,Dusknoir,Ghost,,['Pressure'],['Frisk'],IV,45.0,100.0,135.0,65.0,135.0,45.0,525.0,106.6,2.2,0.5,Gripper Pokémon,45.0,25.0,['Amorphous'],"Fast
",35.0,0.0,0.0,0.0,0.0,3.0,3.0,Dusclops,0.0,0.0,1.0,0.5,1.0,1.0,0.5,2.0,1.0,1.0,1.0,1.0,1.0,1.0,1.0,1.0,2.0,1.0
531.0,Froslass,Ice,Ghost,['Snow Cloak'],['Cursed Body'],IV,70.0,80.0,70.0,80.0,70.0,110.0,480.0,26.6,1.3,0.0,Snow Land Pokémon,75.0,20.0,['Fairy' 'Mineral'],"Medium Fast
",70.0,0.0,0.0,0.0,0.0,2.0,2.0,Snorunt,0.0,0.0,1.0,0.5,1.0,2.0,0.5,2.0,2.0,2.0,1.0,1.0,1.0,1.0,0.5,1.0,2.0,1.0
532.0,Rotom,Electric,Ghost,['Levitate'],[],IV,50.0,50.0,77.0,95.0,77.0,91.0,520.0,0.3,0.3,-,Plasma Pokémon,45.0,20.0,['Amorphous'],"Medium Fast
",70.0,0.0,0.0,0.0,0.0,1.0,1.0,No Preevolution,0.0,0.0,0.5,0.5,2.0,1.0,0.5,2.0,0.5,1.0,1.0,1.0,0.5,1.0,1.0,1.0,2.0,1.0
533.0,Heat Rotom,Electric,Fire,['Levitate'],[],IV,50.0,65.0,107.0,105.0,107.0,86.0,520.0,0.3,0.3,-,Plasma Pokémon,45.0,20.0,['Amorphous'],"Medium Fast
",70.0,0.0,0.0,0.0,0.0,1.0,1.0,No Preevolution,1.0,1.0,0.5,1.0,4.0,2.0,0.5,1.0,0.25,0.5,2.0,0.5,0.5,1.0,0.5,1.0,1.0,0.5
534.0,Wash Rotom,Electric,Water,['Levitate'],[],IV,50.0,65.0,107.0,105.0,107.0,86.0,520.0,0.3,0.3,-,Plasma Pokémon,45.0,20.0,['Amorphous'],"Medium Fast
",70.0,0.0,0.0,0.0,0.0,1.0,1.0,No Preevolution,1.0,1.0,0.5,1.0,2.0,1.0,1.0,1.0,0.25,0.5,0.5,2.0,1.0,1.0,0.5,1.0,1.0,1.0
535.0,Frost Rotom,Electric,Ice,['Levitate'],[],IV,50.0,65.0,107.0,105.0,107.0,86.0,520.0,0.3,0.3,-,Plasma Pokémon,45.0,20.0,['Amorphous'],"Medium Fast
",70.0,0.0,0.0,0.0,0.0,1.0,1.0,No Preevolution,1.0,2.0,0.5,1.0,2.0,2.0,1.0,1.0,1.0,2.0,1.0,1.0,0.5,1.0,0.5,1.0,1.0,1.0
536.0,Fan Rotom,Electric,Flying,['Levitate'],[],IV,50.0,65.0,107.0,105.0,107.0,86.0,520.0,0.3,0.3,-,Plasma Pokémon,45.0,20.0,['Amorphous'],"Medium Fast
",70.0,0.0,0.0,0.0,0.0,1.0,1.0,No Preevolution,1.0,0.5,0.5,1.0,0.0,2.0,0.5,1.0,0.5,1.0,1.0,0.5,1.0,1.0,2.0,1.0,1.0,1.0
537.0,Mow Rotom,Electric,Grass,['Levitate'],[],IV,50.0,65.0,107.0,105.0,107.0,86.0,520.0,0.3,0.3,-,Plasma Pokémon,45.0,20.0,['Amorphous'],"Medium Fast
",70.0,0.0,0.0,0.0,0.0,1.0,1.0,No Preevolution,1.0,1.0,1.0,2.0,1.0,1.0,2.0,1.0,0.5,2.0,0.5,0.5,0.25,1.0,2.0,1.0,1.0,1.0
538.0,Uxie,Psychic,,['Levitate'],[],IV,75.0,75.0,130.0,75.0,130.0,95.0,580.0,0.3,0.3,-,Knowledge Pokémon,3.0,80.0,-,"Slow
",140.0,1.0,0.0,0.0,0.0,1.0,1.0,No Preevolution,1.0,0.5,1.0,1.0,1.0,1.0,2.0,2.0,1.0,1.0,1.0,1.0,1.0,0.5,1.0,1.0,2.0,1.0
539.0,Mesprit,Psychic,,['Levitate'],[],IV,80.0,105.0,105.0,105.0,105.0,80.0,580.0,0.3,0.3,-,Emotion Pokémon,3.0,80.0,-,"Slow
",140.0,1.0,0.0,0.0,0.0,1.0,1.0,No Preevolution,1.0,0.5,1.0,1.0,1.0,1.0,2.0,2.0,1.0,1.0,1.0,1.0,1.0,0.5,1.0,1.0,2.0,1.0
540.0,Azelf,Psychic,,['Levitate'],[],IV,75.0,125.0,70.0,125.0,70.0,115.0,580.0,0.3,0.3,-,Willpower Pokémon,3.0,80.0,-,"Slow
",140.0,1.0,0.0,0.0,0.0,1.0,1.0,No Preevolution,1.0,0.5,1.0,1.0,1.0,1.0,2.0,2.0,1.0,1.0,1.0,1.0,1.0,0.5,1.0,1.0,2.0,1.0
541.0,Dialga,Steel,Dragon,['Pressure'],['Telepathy'],IV,100.0,120.0,120.0,150.0,100.0,90.0,680.0,683.0,5.4,-,Temporal Pokémon,3.0,120.0,-,"Slow
",0.0,1.0,0.0,0.0,0.0,1.0,1.0,No Preevolution,0.5,2.0,0.5,0.0,2.0,0.5,0.5,1.0,0.5,1.0,0.5,0.25,0.5,0.5,1.0,1.0,1.0,1.0
542.0,Palkia,Water,Dragon,['Pressure'],['Telepathy'],IV,90.0,120.0,100.0,150.0,120.0,100.0,680.0,336.0,4.2,-,Spatial Pokémon,3.0,120.0,-,"Slow
",0.0,1.0,0.0,0.0,0.0,1.0,1.0,No Preevolution,1.0,1.0,1.0,1.0,1.0,1.0,1.0,1.0,0.5,0.25,0.25,1.0,1.0,1.0,1.0,2.0,1.0,2.0
543.0,Heatran,Fire,Steel,['Flash Fire'],['Flame Body'],IV,91.0,90.0,106.0,130.0,106.0,77.0,600.0,430.0,1.7,0.5,Lava Dome Pokémon,3.0,10.0,-,"Slow
",100.0,1.0,0.0,0.0,0.0,1.0,1.0,No Preevolution,0.5,2.0,0.5,0.0,4.0,1.0,0.25,1.0,0.25,1.0,2.0,0.25,1.0,0.5,0.25,0.5,1.0,0.25
544.0,Regigigas,Normal,,['Slow Start'],[],IV,110.0,160.0,110.0,80.0,110.0,100.0,670.0,420.0,3.7,-,Colossal Pokémon,3.0,120.0,-,"Slow
",0.0,1.0,0.0,0.0,0.0,1.0,1.0,No Preevolution,1.0,2.0,1.0,1.0,1.0,1.0,1.0,0.0,1.0,1.0,1.0,1.0,1.0,1.0,1.0,1.0,1.0,1.0
545.0,Giratina Altered Forme,Ghost,Dragon,['Pressure'],['Telepathy'],IV,150.0,100.0,120.0,100.0,120.0,90.0,680.0,750.0,4.5,-,Renegade Pokémon,3.0,120.0,-,"Slow
",0.0,1.0,0.0,0.0,0.0,1.0,1.0,No Preevolution,0.0,0.0,1.0,0.5,1.0,1.0,0.5,2.0,1.0,0.5,0.5,0.5,0.5,1.0,2.0,2.0,2.0,2.0
546.0,Giratina Origin Forme,Ghost,Dragon,['Levitate'],[],IV,150.0,120.0,100.0,120.0,100.0,90.0,680.0,750.0,4.5,-,Renegade Pokémon,3.0,120.0,-,"Slow
",0.0,1.0,0.0,0.0,0.0,1.0,1.0,No Preevolution,0.0,0.0,1.0,0.5,1.0,1.0,0.5,2.0,1.0,0.5,0.5,0.5,0.5,1.0,2.0,2.0,2.0,2.0
547.0,Cresselia,Psychic,,['Levitate'],[],IV,120.0,70.0,110.0,75.0,120.0,85.0,580.0,85.6,1.5,0.0,Lunar Pokémon,3.0,120.0,-,"Slow
",100.0,1.0,0.0,0.0,0.0,1.0,1.0,No Preevolution,1.0,0.5,1.0,1.0,1.0,1.0,2.0,2.0,1.0,1.0,1.0,1.0,1.0,0.5,1.0,1.0,2.0,1.0
548.0,Phione,Water,,['Hydration'],[],IV,80.0,80.0,80.0,80.0,80.0,80.0,480.0,3.1,0.4,-,Sea Drifter Pokémon,30.0,40.0,['Water 1' 'Fairy'],"Slow
",70.0,0.0,1.0,0.0,0.0,1.0,1.0,No Preevolution,1.0,1.0,1.0,1.0,1.0,1.0,1.0,1.0,0.5,0.5,0.5,2.0,2.0,1.0,0.5,1.0,1.0,1.0
549.0,Manaphy,Water,,['Hydration'],[],IV,100.0,100.0,100.0,100.0,100.0,100.0,600.0,1.4,0.3,-,Seafaring Pokémon,3.0,10.0,['Water 1' 'Fairy'],"Slow
",70.0,0.0,1.0,0.0,0.0,1.0,1.0,No Preevolution,1.0,1.0,1.0,1.0,1.0,1.0,1.0,1.0,0.5,0.5,0.5,2.0,2.0,1.0,0.5,1.0,1.0,1.0
550.0,Darkrai,Dark,,['Bad Dreams'],[],IV,70.0,90.0,90.0,135.0,90.0,125.0,600.0,50.5,1.5,-,Pitch-Black Pokémon,3.0,120.0,-,"Slow
",0.0,0.0,1.0,0.0,0.0,1.0,1.0,No Preevolution,1.0,2.0,1.0,1.0,1.0,1.0,2.0,0.5,1.0,1.0,1.0,1.0,1.0,0.0,1.0,1.0,0.5,2.0
551.0,Shaymin Land Forme,Grass,,['Natural Cure'],[],IV,100.0,100.0,100.0,100.0,100.0,100.0,600.0,2.1,0.2,-,Gratitude Pokémon,45.0,120.0,-,"Medium Slow
",100.0,0.0,1.0,0.0,0.0,1.0,1.0,No Preevolution,1.0,1.0,2.0,2.0,0.5,1.0,2.0,1.0,1.0,2.0,0.5,0.5,0.5,1.0,2.0,1.0,1.0,1.0
552.0,Shaymin Sky Forme,Grass,Flying,['Serene Grace'],[],IV,100.0,103.0,75.0,120.0,75.0,127.0,600.0,2.1,0.2,-,Gratitude Pokémon,45.0,120.0,-,"Medium Slow
",100.0,0.0,1.0,0.0,0.0,1.0,1.0,No Preevolution,1.0,0.5,2.0,2.0,0.0,2.0,1.0,1.0,1.0,2.0,0.5,0.25,1.0,1.0,4.0,1.0,1.0,1.0
553.0,Arceus,Normal,,['Multitype'],[],IV,120.0,120.0,120.0,120.0,120.0,120.0,720.0,320.0,3.2,-,Alpha Pokémon,3.0,120.0,-,"Slow
",0.0,0.0,1.0,0.0,0.0,1.0,1.0,No Preevolution,1.0,2.0,1.0,1.0,1.0,1.0,1.0,0.0,1.0,1.0,1.0,1.0,1.0,1.0,1.0,1.0,1.0,1.0
554.0,Victini,Psychic,Fire,['Victory Star'],[],V,100.0,100.0,100.0,100.0,100.0,100.0,600.0,4.0,0.4,-,Victory Pokémon,3.0,120.0,-,"Slow
",100.0,0.0,1.0,0.0,0.0,1.0,1.0,No Preevolution,1.0,0.5,1.0,1.0,2.0,2.0,1.0,2.0,0.5,0.5,2.0,0.5,1.0,0.5,0.5,1.0,2.0,0.5
555.0,Snivy,Grass,,['Overgrow'],['Contrary'],V,45.0,45.0,55.0,45.0,55.0,63.0,308.0,8.1,0.6,0.875,Grass Snake Pokémon,45.0,20.0,['Field' 'Grass'],"Medium Slow
",70.0,0.0,0.0,0.0,0.0,1.0,3.0,No Preevolution,1.0,1.0,2.0,2.0,0.5,1.0,2.0,1.0,1.0,2.0,0.5,0.5,0.5,1.0,2.0,1.0,1.0,1.0
556.0,Servine,Grass,,['Overgrow'],['Contrary'],V,60.0,60.0,75.0,60.0,75.0,83.0,413.0,16.0,0.8,0.875,Grass Snake Pokémon,45.0,20.0,['Field' 'Grass'],"Medium Slow
",70.0,0.0,0.0,0.0,0.0,2.0,3.0,Snivy,1.0,1.0,2.0,2.0,0.5,1.0,2.0,1.0,1.0,2.0,0.5,0.5,0.5,1.0,2.0,1.0,1.0,1.0
557.0,Serperior,Grass,,['Overgrow'],['Contrary'],V,75.0,75.0,95.0,75.0,95.0,113.0,528.0,63.0,3.3,0.875,Regal Pokémon,45.0,20.0,['Field' 'Grass'],"Medium Slow
",70.0,0.0,0.0,0.0,0.0,3.0,3.0,Servine,1.0,1.0,2.0,2.0,0.5,1.0,2.0,1.0,1.0,2.0,0.5,0.5,0.5,1.0,2.0,1.0,1.0,1.0
558.0,Tepig,Fire,,['Blaze'],['Thick Fat'],V,65.0,63.0,45.0,45.0,45.0,45.0,308.0,9.9,0.5,0.875,Fire Pig Pokémon,45.0,20.0,['Field'],"Medium Slow
",70.0,0.0,0.0,0.0,0.0,1.0,3.0,No Preevolution,1.0,1.0,1.0,1.0,2.0,2.0,0.5,1.0,0.5,0.5,2.0,0.5,1.0,1.0,0.5,1.0,1.0,0.5
559.0,Pignite,Fire,Fighting,['Blaze'],['Thick Fat'],V,90.0,93.0,55.0,70.0,55.0,55.0,418.0,55.5,1.0,0.875,Fire Pig Pokémon,45.0,20.0,['Field'],"Medium Slow
",70.0,0.0,0.0,0.0,0.0,2.0,3.0,Tepig,1.0,1.0,2.0,1.0,2.0,1.0,0.25,1.0,0.5,0.5,2.0,0.5,1.0,2.0,0.5,1.0,0.5,1.0
560.0,Emboar,Fire,Fighting,['Blaze'],['Reckless'],V,110.0,123.0,65.0,100.0,65.0,65.0,528.0,150.0,1.6,0.875,Mega Fire Pig Pokémon,45.0,20.0,['Field'],"Medium Slow
",70.0,0.0,0.0,0.0,0.0,3.0,3.0,Pignite,1.0,1.0,2.0,1.0,2.0,1.0,0.25,1.0,0.5,0.5,2.0,0.5,1.0,2.0,0.5,1.0,0.5,1.0
561.0,Oshawott,Water,,['Torrent'],['Shell Armor'],V,55.0,55.0,45.0,63.0,45.0,45.0,308.0,5.9,0.5,0.875,Sea Otter Pokémon,45.0,20.0,['Field'],"Medium Slow
",70.0,0.0,0.0,0.0,0.0,1.0,3.0,No Preevolution,1.0,1.0,1.0,1.0,1.0,1.0,1.0,1.0,0.5,0.5,0.5,2.0,2.0,1.0,0.5,1.0,1.0,1.0
562.0,Dewott,Water,,['Torrent'],['Shell Armor'],V,75.0,75.0,60.0,83.0,60.0,60.0,413.0,24.5,0.8,0.875,Discipline Pokémon,45.0,20.0,['Field'],"Medium Slow
",70.0,0.0,0.0,0.0,0.0,2.0,3.0,Oshawott,1.0,1.0,1.0,1.0,1.0,1.0,1.0,1.0,0.5,0.5,0.5,2.0,2.0,1.0,0.5,1.0,1.0,1.0
563.0,Samurott,Water,,['Torrent'],['Shell Armor'],V,95.0,100.0,85.0,108.0,70.0,70.0,528.0,94.6,1.5,0.875,Formidable Pokémon,45.0,20.0,['Field'],"Medium Slow
",70.0,0.0,0.0,0.0,0.0,3.0,3.0,Dewott,1.0,1.0,1.0,1.0,1.0,1.0,1.0,1.0,0.5,0.5,0.5,2.0,2.0,1.0,0.5,1.0,1.0,1.0
564.0,Patrat,Normal,,"['Run Away', 'Keen Eye']",['Analytic'],V,45.0,55.0,39.0,35.0,39.0,42.0,255.0,11.6,0.5,0.5,Scout Pokémon,255.0,15.0,['Field'],"Medium Fast
",70.0,0.0,0.0,0.0,0.0,1.0,2.0,No Preevolution,1.0,2.0,1.0,1.0,1.0,1.0,1.0,0.0,1.0,1.0,1.0,1.0,1.0,1.0,1.0,1.0,1.0,1.0
565.0,Watchog,Normal,,"['Illuminate', 'Keen Eye']",['Analytic'],V,60.0,85.0,69.0,60.0,69.0,77.0,420.0,27.0,1.1,0.5,Lookout Pokémon,255.0,20.0,['Field'],"Medium Fast
",70.0,0.0,0.0,0.0,0.0,2.0,2.0,Patrat,1.0,2.0,1.0,1.0,1.0,1.0,1.0,0.0,1.0,1.0,1.0,1.0,1.0,1.0,1.0,1.0,1.0,1.0
566.0,Lillipup,Normal,,"['Vital Spirit', 'Pickup']",['Run Away'],V,45.0,60.0,45.0,25.0,45.0,55.0,275.0,4.1,0.4,0.5,Puppy Pokémon,255.0,15.0,['Field'],"Medium Slow
",70.0,0.0,0.0,0.0,0.0,1.0,3.0,No Preevolution,1.0,2.0,1.0,1.0,1.0,1.0,1.0,0.0,1.0,1.0,1.0,1.0,1.0,1.0,1.0,1.0,1.0,1.0
567.0,Herdier,Normal,,"['Intimidate', 'Sand Rush']",['Scrappy'],V,65.0,80.0,65.0,35.0,65.0,60.0,370.0,14.7,0.9,0.5,Loyal Dog Pokémon,120.0,15.0,['Field'],"Medium Slow
",70.0,0.0,0.0,0.0,0.0,2.0,3.0,Lillipup,1.0,2.0,1.0,1.0,1.0,1.0,1.0,0.0,1.0,1.0,1.0,1.0,1.0,1.0,1.0,1.0,1.0,1.0
568.0,Stoutland,Normal,,"['Intimidate', 'Sand Rush']",['Scrappy'],V,85.0,110.0,90.0,45.0,90.0,80.0,500.0,61.0,1.2,0.5,Big-Hearted Pokémon,45.0,15.0,['Field'],"Medium Slow
",70.0,0.0,0.0,0.0,0.0,3.0,3.0,Herdier,1.0,2.0,1.0,1.0,1.0,1.0,1.0,0.0,1.0,1.0,1.0,1.0,1.0,1.0,1.0,1.0,1.0,1.0
569.0,Purrloin,Dark,,"['Limber', 'Unburden']",['Prankster'],V,41.0,50.0,37.0,50.0,37.0,66.0,281.0,10.1,0.4,0.5,Devious Pokémon,255.0,20.0,['Field'],"Medium Fast
",70.0,0.0,0.0,0.0,0.0,1.0,2.0,No Preevolution,1.0,2.0,1.0,1.0,1.0,1.0,2.0,0.5,1.0,1.0,1.0,1.0,1.0,0.0,1.0,1.0,0.5,2.0
570.0,Liepard,Dark,,"['Limber', 'Unburden']",['Prankster'],V,64.0,88.0,50.0,88.0,50.0,106.0,446.0,37.5,1.1,0.5,Cruel Pokémon,90.0,20.0,['Field'],"Medium Fast
",70.0,0.0,0.0,0.0,0.0,2.0,2.0,Purrloin,1.0,2.0,1.0,1.0,1.0,1.0,2.0,0.5,1.0,1.0,1.0,1.0,1.0,0.0,1.0,1.0,0.5,2.0
571.0,Pansage,Grass,,['Gluttony'],['Overgrow'],V,50.0,53.0,48.0,53.0,48.0,64.0,316.0,10.5,0.6,0.875,Grass Monkey Pokémon,190.0,20.0,['Field'],"Medium Fast
",70.0,0.0,0.0,0.0,0.0,1.0,2.0,No Preevolution,1.0,1.0,2.0,2.0,0.5,1.0,2.0,1.0,1.0,2.0,0.5,0.5,0.5,1.0,2.0,1.0,1.0,1.0
572.0,Simisage,Grass,,['Gluttony'],['Overgrow'],V,75.0,98.0,63.0,98.0,63.0,101.0,498.0,30.5,1.1,0.875,Thorn Monkey Pokémon,75.0,20.0,['Field'],"Medium Fast
",70.0,0.0,0.0,0.0,0.0,2.0,2.0,Pansage,1.0,1.0,2.0,2.0,0.5,1.0,2.0,1.0,1.0,2.0,0.5,0.5,0.5,1.0,2.0,1.0,1.0,1.0
573.0,Pansear,Fire,,['Gluttony'],['Blaze'],V,50.0,53.0,48.0,53.0,48.0,64.0,316.0,11.0,0.6,0.875,High Temp Pokémon,190.0,20.0,['Field'],"Medium Fast
",70.0,0.0,0.0,0.0,0.0,1.0,2.0,No Preevolution,1.0,1.0,1.0,1.0,2.0,2.0,0.5,1.0,0.5,0.5,2.0,0.5,1.0,1.0,0.5,1.0,1.0,0.5
574.0,Simisear,Fire,,['Gluttony'],['Blaze'],V,75.0,98.0,63.0,98.0,63.0,101.0,498.0,28.0,1.0,0.875,Ember Pokémon,75.0,20.0,['Field'],"Medium Fast
",70.0,0.0,0.0,0.0,0.0,2.0,2.0,Pansear,1.0,1.0,1.0,1.0,2.0,2.0,0.5,1.0,0.5,0.5,2.0,0.5,1.0,1.0,0.5,1.0,1.0,0.5
575.0,Panpour,Water,,['Gluttony'],['Torrent'],V,50.0,53.0,48.0,53.0,48.0,64.0,316.0,13.5,0.6,0.875,Spray Pokémon,190.0,20.0,['Field'],"Medium Fast
",70.0,0.0,0.0,0.0,0.0,1.0,2.0,No Preevolution,1.0,1.0,1.0,1.0,1.0,1.0,1.0,1.0,0.5,0.5,0.5,2.0,2.0,1.0,0.5,1.0,1.0,1.0
576.0,Simipour,Water,,['Gluttony'],['Torrent'],V,75.0,98.0,63.0,98.0,63.0,101.0,498.0,29.0,1.0,0.875,Geyser Pokémon,75.0,20.0,['Field'],"Medium Fast
",70.0,0.0,0.0,0.0,0.0,2.0,2.0,Panpour,1.0,1.0,1.0,1.0,1.0,1.0,1.0,1.0,0.5,0.5,0.5,2.0,2.0,1.0,0.5,1.0,1.0,1.0
577.0,Munna,Psychic,,"['Forewarn', 'Synchronize']",['Telepathy'],V,76.0,25.0,45.0,67.0,55.0,24.0,292.0,23.3,0.6,0.5,Dream Eater Pokémon,190.0,10.0,['Field'],"Fast
",70.0,0.0,0.0,0.0,0.0,1.0,2.0,No Preevolution,1.0,0.5,1.0,1.0,1.0,1.0,2.0,2.0,1.0,1.0,1.0,1.0,1.0,0.5,1.0,1.0,2.0,1.0
578.0,Musharna,Psychic,,"['Forewarn', 'Synchronize']",['Telepathy'],V,116.0,55.0,85.0,107.0,95.0,29.0,487.0,60.5,1.1,0.5,Drowsing Pokémon,75.0,10.0,['Field'],"Fast
",70.0,0.0,0.0,0.0,0.0,2.0,2.0,Munna,1.0,0.5,1.0,1.0,1.0,1.0,2.0,2.0,1.0,1.0,1.0,1.0,1.0,0.5,1.0,1.0,2.0,1.0
579.0,Pidove,Normal,Flying,"['Big Pecks', 'Super Luck']",['Rivalry'],V,50.0,55.0,50.0,36.0,30.0,43.0,264.0,2.1,0.3,0.5,Tiny Pigeon Pokémon,255.0,15.0,['Flying'],"Medium Slow
",70.0,0.0,0.0,0.0,0.0,1.0,3.0,No Preevolution,1.0,1.0,1.0,1.0,0.0,2.0,0.5,0.0,1.0,1.0,1.0,0.5,2.0,1.0,2.0,1.0,1.0,1.0
580.0,Tranquill,Normal,Flying,"['Big Pecks', 'Super Luck']",['Rivalry'],V,62.0,77.0,62.0,50.0,42.0,65.0,358.0,15.0,0.6,0.5,Wild Pigeon Pokémon,120.0,15.0,['Flying'],"Medium Slow
",70.0,0.0,0.0,0.0,0.0,2.0,3.0,Pidove,1.0,1.0,1.0,1.0,0.0,2.0,0.5,0.0,1.0,1.0,1.0,0.5,2.0,1.0,2.0,1.0,1.0,1.0
581.0,Unfezant,Normal,Flying,"['Big Pecks', 'Super Luck']",['Rivalry'],V,80.0,115.0,80.0,65.0,55.0,93.0,488.0,29.0,1.2,0.5,Proud Pokémon,45.0,15.0,['Flying'],"Medium Slow
",70.0,0.0,0.0,0.0,0.0,3.0,3.0,Tranquill,1.0,1.0,1.0,1.0,0.0,2.0,0.5,0.0,1.0,1.0,1.0,0.5,2.0,1.0,2.0,1.0,1.0,1.0
582.0,Blitzle,Electric,,"['Lightning Rod', 'Motor Drive']",['Sap Sipper'],V,45.0,60.0,32.0,50.0,32.0,76.0,295.0,29.8,0.8,0.5,Electrified Pokémon,190.0,20.0,['Field'],"Medium Fast
",70.0,0.0,0.0,0.0,0.0,1.0,2.0,No Preevolution,1.0,1.0,0.5,1.0,2.0,1.0,1.0,1.0,0.5,1.0,1.0,1.0,0.5,1.0,1.0,1.0,1.0,1.0
583.0,Zebstrika,Electric,,"['Lightning Rod', 'Motor Drive']",['Sap Sipper'],V,75.0,100.0,63.0,80.0,63.0,116.0,497.0,79.5,1.6,0.5,Thunderbolt Pokémon,75.0,20.0,['Field'],"Medium Fast
",70.0,0.0,0.0,0.0,0.0,2.0,2.0,Blitzle,1.0,1.0,0.5,1.0,2.0,1.0,1.0,1.0,0.5,1.0,1.0,1.0,0.5,1.0,1.0,1.0,1.0,1.0
584.0,Roggenrola,Rock,,"['Sturdy', 'Weak Armor']",['Sand Force'],V,55.0,75.0,85.0,25.0,25.0,15.0,280.0,18.0,0.4,0.5,Mantle Pokémon,255.0,15.0,['Mineral'],"Medium Slow
",70.0,0.0,0.0,0.0,0.0,1.0,3.0,No Preevolution,0.5,2.0,0.5,0.5,2.0,1.0,1.0,1.0,2.0,0.5,2.0,2.0,1.0,1.0,1.0,1.0,1.0,1.0
585.0,Boldore,Rock,,"['Sturdy', 'Weak Armor']",['Sand Force'],V,70.0,105.0,105.0,50.0,40.0,20.0,390.0,102.0,0.9,0.5,Ore Pokémon,120.0,15.0,['Mineral'],"Medium Slow
",70.0,0.0,0.0,0.0,0.0,2.0,3.0,Roggenrola,0.5,2.0,0.5,0.5,2.0,1.0,1.0,1.0,2.0,0.5,2.0,2.0,1.0,1.0,1.0,1.0,1.0,1.0
586.0,Gigalith,Rock,,"['Sturdy', 'Sand Stream']",['Sand Force'],V,85.0,135.0,130.0,60.0,80.0,25.0,515.0,260.0,1.7,0.5,Compressed Pokémon,45.0,15.0,['Mineral'],"Medium Slow
",70.0,0.0,0.0,0.0,0.0,3.0,3.0,Boldore,0.5,2.0,0.5,0.5,2.0,1.0,1.0,1.0,2.0,0.5,2.0,2.0,1.0,1.0,1.0,1.0,1.0,1.0
587.0,Woobat,Psychic,Flying,"['Unaware', 'Klutz']",['Simple'],V,65.0,45.0,43.0,55.0,43.0,72.0,323.0,2.1,0.4,0.5,Bat Pokémon,190.0,15.0,['Field' 'Flying'],"Medium Fast
",70.0,0.0,0.0,0.0,0.0,1.0,2.0,No Preevolution,1.0,0.25,1.0,1.0,0.0,2.0,1.0,2.0,1.0,1.0,1.0,0.5,2.0,0.5,2.0,1.0,2.0,1.0
588.0,Swoobat,Psychic,Flying,"['Unaware', 'Klutz']",['Simple'],V,67.0,57.0,55.0,77.0,55.0,114.0,425.0,10.5,0.9,0.5,Courting Pokémon,45.0,15.0,['Field' 'Flying'],"Medium Fast
",70.0,0.0,0.0,0.0,0.0,2.0,2.0,Woobat,1.0,0.25,1.0,1.0,0.0,2.0,1.0,2.0,1.0,1.0,1.0,0.5,2.0,0.5,2.0,1.0,2.0,1.0
589.0,Drilbur,Ground,,"['Sand Rush', 'Sand Force']",['Mold Breaker'],V,60.0,85.0,40.0,30.0,45.0,68.0,328.0,8.5,0.3,0.5,Mole Pokémon,120.0,20.0,['Field'],"Medium Fast
",70.0,0.0,0.0,0.0,0.0,1.0,2.0,No Preevolution,1.0,1.0,1.0,0.5,1.0,0.5,1.0,1.0,1.0,1.0,2.0,2.0,0.0,1.0,2.0,1.0,1.0,1.0
590.0,Excadrill,Ground,Steel,"['Sand Rush', 'Sand Force']",['Mold Breaker'],V,110.0,135.0,60.0,50.0,65.0,88.0,508.0,40.4,0.7,0.5,Subterrene Pokémon,60.0,20.0,['Field'],"Medium Fast
",70.0,0.0,0.0,0.0,0.0,2.0,2.0,Drilbur,0.5,2.0,0.5,0.0,2.0,0.25,0.5,1.0,0.5,2.0,2.0,1.0,0.0,0.5,1.0,0.5,1.0,0.5
591.0,Audino,Normal,,"['Healer', 'Regenerator']",['Klutz'],V,103.0,60.0,86.0,60.0,86.0,50.0,545.0,31.0,1.1,0.5,Hearing Pokémon,255.0,20.0,['Fairy'],"Fast
",70.0,0.0,0.0,0.0,1.0,1.0,1.0,No Preevolution,1.0,2.0,1.0,1.0,1.0,1.0,1.0,0.0,1.0,1.0,1.0,1.0,1.0,1.0,1.0,1.0,1.0,1.0
592.0,Mega Audino,Normal,Fairy,,,,,,,,,,,,,,,,,,,,,,,,,,,,,,,,,,,,,,,,,,,,
593.0,Timburr,Fighting,,"['Guts', 'Sheer Force']",['Iron Fist'],V,75.0,80.0,55.0,25.0,35.0,35.0,305.0,12.5,0.6,0.75,Muscular Pokémon,180.0,20.0,['Human-Like'],"Medium Slow
",70.0,0.0,0.0,0.0,0.0,1.0,3.0,No Preevolution,1.0,1.0,2.0,1.0,1.0,0.5,0.5,1.0,1.0,1.0,1.0,1.0,1.0,2.0,1.0,1.0,0.5,2.0
594.0,Gurdurr,Fighting,,"['Guts', 'Sheer Force']",['Iron Fist'],V,85.0,105.0,85.0,40.0,50.0,40.0,405.0,40.0,1.2,0.75,Muscular Pokémon,90.0,20.0,['Human-Like'],"Medium Slow
",70.0,0.0,0.0,0.0,0.0,2.0,3.0,Timburr,1.0,1.0,2.0,1.0,1.0,0.5,0.5,1.0,1.0,1.0,1.0,1.0,1.0,2.0,1.0,1.0,0.5,2.0
595.0,Conkeldurr,Fighting,,"['Guts', 'Sheer Force']",['Iron Fist'],V,105.0,140.0,95.0,55.0,65.0,45.0,505.0,87.0,1.4,0.75,Muscular Pokémon,45.0,20.0,['Human-Like'],"Medium Slow
",70.0,0.0,0.0,0.0,0.0,3.0,3.0,Gurdurr,1.0,1.0,2.0,1.0,1.0,0.5,0.5,1.0,1.0,1.0,1.0,1.0,1.0,2.0,1.0,1.0,0.5,2.0
596.0,Tympole,Water,,"['Swift Swim', 'Hydration']",['Water Absorb'],V,50.0,50.0,40.0,50.0,40.0,64.0,294.0,4.5,0.5,0.5,Tadpole Pokémon,255.0,20.0,['Water 1'],"Medium Slow
",70.0,0.0,0.0,0.0,0.0,1.0,3.0,No Preevolution,1.0,1.0,1.0,1.0,1.0,1.0,1.0,1.0,0.5,0.5,0.5,2.0,2.0,1.0,0.5,1.0,1.0,1.0
597.0,Palpitoad,Water,Ground,"['Swift Swim', 'Hydration']",['Water Absorb'],V,75.0,65.0,55.0,65.0,55.0,69.0,384.0,17.0,0.8,0.5,Vibration Pokémon,120.0,20.0,['Water 1'],"Medium Slow
",70.0,0.0,0.0,0.0,0.0,2.0,3.0,Tympole,1.0,1.0,1.0,0.5,1.0,0.5,1.0,1.0,0.5,0.5,1.0,4.0,0.0,1.0,1.0,1.0,1.0,1.0
598.0,Seismitoad,Water,Ground,"['Swift Swim', 'Poison Touch']",['Water Absorb'],V,105.0,95.0,75.0,85.0,75.0,74.0,509.0,62.0,1.5,0.5,Vibration Pokémon,45.0,20.0,['Water 1'],"Medium Slow
",70.0,0.0,0.0,0.0,0.0,3.0,3.0,Palpitoad,1.0,1.0,1.0,0.5,1.0,0.5,1.0,1.0,0.5,0.5,1.0,4.0,0.0,1.0,1.0,1.0,1.0,1.0
599.0,Throh,Fighting,,"['Guts', 'Inner Focus']",['Mold Breaker'],V,120.0,100.0,85.0,30.0,85.0,45.0,465.0,55.5,1.3,1.0,Judo Pokémon,45.0,20.0,['Human-Like'],"Medium Fast
",70.0,0.0,0.0,0.0,0.0,1.0,1.0,No Preevolution,1.0,1.0,2.0,1.0,1.0,0.5,0.5,1.0,1.0,1.0,1.0,1.0,1.0,2.0,1.0,1.0,0.5,2.0
600.0,Sawk,Fighting,,"['Sturdy', 'Inner Focus']",['Mold Breaker'],V,75.0,125.0,75.0,30.0,75.0,85.0,465.0,51.0,1.4,1.0,Karate Pokémon,45.0,20.0,['Human-Like'],"Medium Fast
",70.0,0.0,0.0,0.0,0.0,1.0,1.0,No Preevolution,1.0,1.0,2.0,1.0,1.0,0.5,0.5,1.0,1.0,1.0,1.0,1.0,1.0,2.0,1.0,1.0,0.5,2.0
601.0,Sewaddle,Bug,Grass,"['Swarm', 'Chlorophyll']",['Overcoat'],V,45.0,53.0,70.0,40.0,60.0,42.0,310.0,2.5,0.3,0.5,Sewing Pokémon,255.0,15.0,['Bug'],"Medium Slow
",70.0,0.0,0.0,0.0,0.0,1.0,3.0,No Preevolution,1.0,0.5,4.0,2.0,0.25,2.0,2.0,1.0,1.0,4.0,0.5,0.25,0.5,1.0,2.0,1.0,1.0,1.0
602.0,Swadloon,Bug,Grass,"['Leaf Guard', 'Chlorophyll']",['Overcoat'],V,55.0,63.0,90.0,50.0,80.0,42.0,380.0,7.3,0.5,0.5,Leaf-Wrapped Pokémon,120.0,15.0,['Bug'],"Medium Slow
",70.0,0.0,0.0,0.0,0.0,2.0,3.0,Sewaddle,1.0,0.5,4.0,2.0,0.25,2.0,2.0,1.0,1.0,4.0,0.5,0.25,0.5,1.0,2.0,1.0,1.0,1.0
603.0,Leavanny,Bug,Grass,"['Swarm', 'Chlorophyll']",['Overcoat'],V,75.0,103.0,80.0,70.0,80.0,92.0,500.0,20.5,1.2,0.5,Nurturing Pokémon,45.0,15.0,['Bug'],"Medium Slow
",70.0,0.0,0.0,0.0,0.0,3.0,3.0,Swadloon,1.0,0.5,4.0,2.0,0.25,2.0,2.0,1.0,1.0,4.0,0.5,0.25,0.5,1.0,2.0,1.0,1.0,1.0
604.0,Venipede,Bug,Poison,"['Poison Point', 'Swarm']",['Speed Boost'],V,30.0,45.0,59.0,30.0,39.0,57.0,260.0,5.3,0.4,0.5,Centipede Pokémon,255.0,15.0,['Bug'],"Medium Slow
",70.0,0.0,0.0,0.0,0.0,1.0,3.0,No Preevolution,1.0,0.25,2.0,0.5,1.0,2.0,0.5,1.0,1.0,2.0,1.0,0.25,1.0,2.0,1.0,1.0,1.0,0.5
605.0,Whirlipede,Bug,Poison,"['Poison Point', 'Swarm']",['Speed Boost'],V,40.0,55.0,99.0,40.0,79.0,47.0,360.0,58.5,1.2,0.5,Curlipede Pokémon,120.0,15.0,['Bug'],"Medium Slow
",70.0,0.0,0.0,0.0,0.0,2.0,3.0,Venipede,1.0,0.25,2.0,0.5,1.0,2.0,0.5,1.0,1.0,2.0,1.0,0.25,1.0,2.0,1.0,1.0,1.0,0.5
606.0,Scolipede,Bug,Poison,"['Poison Point', 'Swarm']",['Speed Boost'],V,60.0,100.0,89.0,55.0,69.0,112.0,485.0,200.5,2.5,0.5,Megapede Pokémon,45.0,20.0,['Bug'],"Medium Slow
",70.0,0.0,0.0,0.0,0.0,3.0,3.0,Whirlipede,1.0,0.25,2.0,0.5,1.0,2.0,0.5,1.0,1.0,2.0,1.0,0.25,1.0,2.0,1.0,1.0,1.0,0.5
607.0,Cottonee,Grass,Fairy,"['Prankster', 'Infiltrator']",['Chlorophyll'],V,40.0,27.0,60.0,37.0,50.0,66.0,280.0,0.6,0.3,0.5,Cotton Puff Pokémon,190.0,20.0,['Grass' 'Fairy'],"Medium Fast
",70.0,0.0,0.0,0.0,0.0,1.0,2.0,No Preevolution,1.0,0.5,2.0,4.0,0.5,1.0,1.0,1.0,2.0,2.0,0.5,0.5,0.5,1.0,2.0,0.0,0.5,1.0
608.0,Whimsicott,Grass,Fairy,"['Prankster', 'Infiltrator']",['Chlorophyll'],V,60.0,67.0,85.0,77.0,75.0,116.0,480.0,6.6,0.7,0.5,Windveiled Pokémon,75.0,20.0,['Grass' 'Fairy'],"Medium Fast
",70.0,0.0,0.0,0.0,0.0,2.0,2.0,Cottonee,1.0,0.5,2.0,4.0,0.5,1.0,1.0,1.0,2.0,2.0,0.5,0.5,0.5,1.0,2.0,0.0,0.5,1.0
609.0,Petilil,Grass,,"['Chlorophyll', 'Own Tempo']",['Leaf Guard'],V,45.0,35.0,50.0,70.0,50.0,30.0,280.0,6.6,0.5,0.0,Bulb Pokémon,190.0,20.0,['Grass'],"Medium Fast
",70.0,0.0,0.0,0.0,0.0,1.0,2.0,No Preevolution,1.0,1.0,2.0,2.0,0.5,1.0,2.0,1.0,1.0,2.0,0.5,0.5,0.5,1.0,2.0,1.0,1.0,1.0
610.0,Lilligant,Grass,,"['Chlorophyll', 'Own Tempo']",['Leaf Guard'],V,70.0,60.0,75.0,110.0,75.0,90.0,480.0,16.3,1.1,0.0,Flowering Pokémon,75.0,20.0,['Grass'],"Medium Fast
",70.0,0.0,0.0,0.0,0.0,2.0,2.0,Petilil,1.0,1.0,2.0,2.0,0.5,1.0,2.0,1.0,1.0,2.0,0.5,0.5,0.5,1.0,2.0,1.0,1.0,1.0
611.0,Basculin,Water,,,,,,,,,,,,,,,,,,,,,,,,,,,,,,,,,,,,,,,,,,,,,
612.0,Sandile,Ground,Dark,"['Intimidate', 'Moxie']",['Anger Point'],V,50.0,72.0,35.0,35.0,35.0,65.0,292.0,15.2,0.7,0.5,Desert Croc Pokémon,180.0,20.0,['Field'],"Medium Slow
",70.0,0.0,0.0,0.0,0.0,1.0,3.0,No Preevolution,1.0,2.0,1.0,0.5,1.0,0.5,2.0,0.5,1.0,1.0,2.0,2.0,0.0,0.0,2.0,1.0,0.5,2.0
613.0,Krokorok,Ground,Dark,"['Intimidate', 'Moxie']",['Anger Point'],V,60.0,82.0,45.0,45.0,45.0,74.0,351.0,33.4,1.0,0.5,Desert Croc Pokémon,90.0,20.0,['Field'],"Medium Slow
",70.0,0.0,0.0,0.0,0.0,2.0,3.0,Sandile,1.0,2.0,1.0,0.5,1.0,0.5,2.0,0.5,1.0,1.0,2.0,2.0,0.0,0.0,2.0,1.0,0.5,2.0
614.0,Krookodile,Ground,Dark,"['Intimidate', 'Moxie']",['Anger Point'],V,95.0,117.0,80.0,65.0,70.0,92.0,519.0,96.3,1.5,0.5,Intimidation Pokémon,45.0,20.0,['Field'],"Medium Slow
",70.0,0.0,0.0,0.0,0.0,3.0,3.0,Krokorok,1.0,2.0,1.0,0.5,1.0,0.5,2.0,0.5,1.0,1.0,2.0,2.0,0.0,0.0,2.0,1.0,0.5,2.0
615.0,Darumaka,Fire,,['Hustle'],['Inner Focus'],V,70.0,90.0,45.0,15.0,45.0,50.0,315.0,37.5,0.6,0.5,Zen Charm Pokémon,120.0,20.0,['Field'],"Medium Slow
",70.0,0.0,0.0,0.0,0.0,1.0,2.0,No Preevolution,1.0,1.0,1.0,1.0,2.0,2.0,0.5,1.0,0.5,0.5,2.0,0.5,1.0,1.0,0.5,1.0,1.0,0.5
616.0,Darmanitan Standard Mode,Fire,,['Sheer Force'],['Zen Mode'],V,105.0,140.0,55.0,30.0,55.0,95.0,540.0,92.9,1.3,0.5,Blazing Pokémon,60.0,20.0,['Field'],"Medium Slow
",70.0,0.0,0.0,0.0,0.0,2.0,2.0,Darumaka,1.0,1.0,1.0,1.0,2.0,2.0,0.5,1.0,0.5,0.5,2.0,0.5,1.0,1.0,0.5,1.0,1.0,0.5
617.0,Darmanitan Zen Mode,Fire,Psychic,[],['Zen Mode'],V,105.0,30.0,105.0,140.0,105.0,55.0,540.0,92.9,1.3,0.5,Blazing Pokémon,60.0,20.0,['Field'],"Medium Slow
",70.0,0.0,0.0,0.0,0.0,2.0,2.0,Darumaka,1.0,0.5,1.0,1.0,2.0,2.0,1.0,2.0,0.5,0.5,2.0,0.5,1.0,0.5,0.5,1.0,2.0,0.5
618.0,Maractus,Grass,,"['Water Absorb', 'Chlorophyll']",['Storm Drain'],V,75.0,86.0,67.0,106.0,67.0,60.0,461.0,28.0,1.0,0.5,Cactus Pokémon,255.0,20.0,['Grass'],"Medium Fast
",70.0,0.0,0.0,0.0,0.0,1.0,1.0,No Preevolution,1.0,1.0,2.0,2.0,0.5,1.0,2.0,1.0,1.0,2.0,0.5,0.5,0.5,1.0,2.0,1.0,1.0,1.0
619.0,Dwebble,Bug,Rock,"['Sturdy', 'Shell Armor']",['Weak Armor'],V,50.0,65.0,85.0,35.0,35.0,55.0,325.0,14.5,0.3,0.5,Rock Inn Pokémon,190.0,20.0,['Bug' 'Mineral'],"Medium Fast
",70.0,0.0,0.0,0.0,0.0,1.0,2.0,No Preevolution,0.5,1.0,1.0,0.5,1.0,2.0,1.0,1.0,2.0,1.0,2.0,1.0,1.0,1.0,1.0,1.0,1.0,1.0
620.0,Crustle,Bug,Rock,"['Sturdy', 'Shell Armor']",['Weak Armor'],V,70.0,105.0,125.0,65.0,75.0,45.0,485.0,200.0,1.4,0.5,Stone Home Pokémon,75.0,20.0,['Bug' 'Mineral'],"Medium Fast
",70.0,0.0,0.0,0.0,0.0,2.0,2.0,Dwebble,0.5,1.0,1.0,0.5,1.0,2.0,1.0,1.0,2.0,1.0,2.0,1.0,1.0,1.0,1.0,1.0,1.0,1.0
621.0,Scraggy,Dark,Fighting,"['Shed Skin', 'Moxie']",['Intimidate'],V,50.0,75.0,70.0,35.0,70.0,48.0,348.0,11.8,0.6,0.5,Shedding Pokémon,180.0,15.0,['Field' 'Dragon'],"Medium Fast
",35.0,0.0,0.0,0.0,0.0,1.0,2.0,No Preevolution,1.0,2.0,2.0,1.0,1.0,0.5,1.0,0.5,1.0,1.0,1.0,1.0,1.0,0.0,1.0,1.0,0.25,4.0
622.0,Scrafty,Dark,Fighting,"['Shed Skin', 'Moxie']",['Intimidate'],V,65.0,90.0,115.0,45.0,115.0,58.0,488.0,30.0,1.1,0.5,Hoodlum Pokémon,90.0,15.0,['Field' 'Dragon'],"Medium Fast
",70.0,0.0,0.0,0.0,0.0,2.0,2.0,Scraggy,1.0,2.0,2.0,1.0,1.0,0.5,1.0,0.5,1.0,1.0,1.0,1.0,1.0,0.0,1.0,1.0,0.25,4.0
623.0,Sigilyph,Psychic,Flying,"['Wonder Skin', 'Magic Guard']",['Tinted Lens'],V,72.0,58.0,80.0,103.0,80.0,97.0,490.0,14.0,1.4,0.5,Avianoid Pokémon,45.0,20.0,['Flying'],"Medium Fast
",70.0,0.0,0.0,0.0,0.0,1.0,1.0,No Preevolution,1.0,0.25,1.0,1.0,0.0,2.0,1.0,2.0,1.0,1.0,1.0,0.5,2.0,0.5,2.0,1.0,2.0,1.0
624.0,Yamask,Ghost,,['Mummy'],[],V,38.0,30.0,85.0,55.0,65.0,30.0,303.0,1.5,0.5,0.5,Spirit Pokémon,190.0,25.0,['Mineral' 'Amorphous'],"Medium Fast
",70.0,0.0,0.0,0.0,0.0,1.0,2.0,No Preevolution,0.0,0.0,1.0,0.5,1.0,1.0,0.5,2.0,1.0,1.0,1.0,1.0,1.0,1.0,1.0,1.0,2.0,1.0
625.0,Cofagrigus,Ghost,,['Mummy'],[],V,58.0,50.0,145.0,95.0,105.0,30.0,483.0,76.5,1.7,0.5,Coffin Pokémon,90.0,25.0,['Mineral' 'Amorphous'],"Medium Fast
",70.0,0.0,0.0,0.0,0.0,2.0,2.0,Yamask,0.0,0.0,1.0,0.5,1.0,1.0,0.5,2.0,1.0,1.0,1.0,1.0,1.0,1.0,1.0,1.0,2.0,1.0
626.0,Tirtouga,Water,Rock,"['Solid Rock', 'Sturdy']",['Swift Swim'],V,54.0,78.0,103.0,53.0,45.0,22.0,355.0,16.5,0.7,0.875,Prototurtle Pokémon,45.0,30.0,['Water 1' 'Water 3'],"Medium Fast
",70.0,0.0,0.0,0.0,0.0,1.0,2.0,No Preevolution,0.5,2.0,0.5,0.5,2.0,1.0,1.0,1.0,1.0,0.25,1.0,4.0,2.0,1.0,0.5,1.0,1.0,1.0
627.0,Carracosta,Water,Rock,"['Solid Rock', 'Sturdy']",['Swift Swim'],V,74.0,108.0,133.0,83.0,65.0,32.0,495.0,81.0,1.2,0.875,Prototurtle Pokémon,45.0,30.0,['Water 1' 'Water 3'],"Medium Fast
",70.0,0.0,0.0,0.0,0.0,2.0,2.0,Tirtouga,0.5,2.0,0.5,0.5,2.0,1.0,1.0,1.0,1.0,0.25,1.0,4.0,2.0,1.0,0.5,1.0,1.0,1.0
628.0,Archen,Rock,Flying,['Defeatist'],[],V,55.0,112.0,45.0,74.0,45.0,70.0,401.0,9.5,0.5,0.875,First Bird Pokémon,45.0,30.0,['Flying' 'Water 3'],"Medium Fast
",70.0,0.0,0.0,0.0,0.0,1.0,2.0,No Preevolution,0.5,1.0,0.5,0.5,0.0,2.0,0.5,1.0,2.0,0.5,2.0,1.0,2.0,1.0,2.0,1.0,1.0,1.0
629.0,Archeops,Rock,Flying,['Defeatist'],[],V,75.0,140.0,65.0,112.0,65.0,110.0,567.0,32.0,1.4,0.875,First Bird Pokémon,45.0,30.0,['Flying' 'Water 3'],"Medium Fast
",70.0,0.0,0.0,0.0,0.0,2.0,2.0,Archen,0.5,1.0,0.5,0.5,0.0,2.0,0.5,1.0,2.0,0.5,2.0,1.0,2.0,1.0,2.0,1.0,1.0,1.0
630.0,Trubbish,Poison,,"['Stench', 'Sticky Hold']",['Aftermath'],V,50.0,50.0,62.0,40.0,62.0,65.0,329.0,31.0,0.6,0.5,Trash Bag Pokémon,190.0,20.0,['Mineral'],"Medium Fast
",70.0,0.0,0.0,0.0,0.0,1.0,2.0,No Preevolution,1.0,0.5,1.0,0.5,2.0,1.0,0.5,1.0,1.0,1.0,1.0,0.5,1.0,2.0,1.0,1.0,1.0,0.5
631.0,Garbodor,Poison,,"['Stench', 'Weak Armor']",['Aftermath'],V,80.0,95.0,82.0,60.0,82.0,75.0,474.0,107.3,1.9,0.5,Trash Heap Pokémon,60.0,20.0,['Mineral'],"Medium Fast
",70.0,0.0,0.0,0.0,0.0,2.0,2.0,Trubbish,1.0,0.5,1.0,0.5,2.0,1.0,0.5,1.0,1.0,1.0,1.0,0.5,1.0,2.0,1.0,1.0,1.0,0.5
632.0,Zorua,Dark,,['Illusion'],[],V,40.0,65.0,40.0,80.0,40.0,65.0,330.0,12.5,0.7,0.875,Tricky Fox Pokémon,75.0,25.0,['Field'],"Medium Slow
",70.0,0.0,0.0,0.0,0.0,1.0,2.0,No Preevolution,1.0,2.0,1.0,1.0,1.0,1.0,2.0,0.5,1.0,1.0,1.0,1.0,1.0,0.0,1.0,1.0,0.5,2.0
633.0,Zoroark,Dark,,['Illusion'],[],V,60.0,105.0,60.0,120.0,60.0,105.0,510.0,81.1,1.6,0.875,Illusion Fox Pokémon,45.0,20.0,['Field'],"Medium Slow
",70.0,0.0,0.0,0.0,0.0,2.0,2.0,Zorua,1.0,2.0,1.0,1.0,1.0,1.0,2.0,0.5,1.0,1.0,1.0,1.0,1.0,0.0,1.0,1.0,0.5,2.0
634.0,Minccino,Normal,,"['Cute Charm', 'Technician']",['Skill Link'],V,55.0,50.0,40.0,40.0,40.0,75.0,300.0,5.8,0.4,0.25,Chinchilla Pokémon,255.0,15.0,['Field'],"Fast
",70.0,0.0,0.0,0.0,0.0,1.0,2.0,No Preevolution,1.0,2.0,1.0,1.0,1.0,1.0,1.0,0.0,1.0,1.0,1.0,1.0,1.0,1.0,1.0,1.0,1.0,1.0
635.0,Cinccino,Normal,,"['Cute Charm', 'Technician']",['Skill Link'],V,75.0,95.0,60.0,65.0,60.0,115.0,470.0,7.5,0.5,0.25,Scarf Pokémon,60.0,15.0,['Field'],"Fast
",70.0,0.0,0.0,0.0,0.0,2.0,2.0,Minccino,1.0,2.0,1.0,1.0,1.0,1.0,1.0,0.0,1.0,1.0,1.0,1.0,1.0,1.0,1.0,1.0,1.0,1.0
636.0,Gothita,Psychic,,"['Frisk', 'Competitive']",['Shadow Tag'],V,45.0,30.0,50.0,55.0,65.0,45.0,290.0,5.8,0.4,0.25,Fixation Pokémon,200.0,20.0,['Human-Like'],"Medium Slow
",70.0,0.0,0.0,0.0,0.0,1.0,3.0,No Preevolution,1.0,0.5,1.0,1.0,1.0,1.0,2.0,2.0,1.0,1.0,1.0,1.0,1.0,0.5,1.0,1.0,2.0,1.0
637.0,Gothorita,Psychic,,"['Frisk', 'Competitive']",['Shadow Tag'],V,60.0,45.0,70.0,75.0,85.0,55.0,390.0,18.0,0.7,0.25,Manipulate Pokémon,100.0,20.0,['Human-Like'],"Medium Slow
",70.0,0.0,0.0,0.0,0.0,2.0,3.0,Gothita,1.0,0.5,1.0,1.0,1.0,1.0,2.0,2.0,1.0,1.0,1.0,1.0,1.0,0.5,1.0,1.0,2.0,1.0
638.0,Gothitelle,Psychic,,"['Frisk', 'Competitive']",['Shadow Tag'],V,70.0,55.0,95.0,95.0,110.0,65.0,490.0,44.0,1.5,0.25,Astral Body Pokémon,50.0,20.0,['Human-Like'],"Medium Slow
",70.0,0.0,0.0,0.0,0.0,3.0,3.0,Gothorita,1.0,0.5,1.0,1.0,1.0,1.0,2.0,2.0,1.0,1.0,1.0,1.0,1.0,0.5,1.0,1.0,2.0,1.0
639.0,Solosis,Psychic,,"['Overcoat', 'Magic Guard']",['Regenerator'],V,45.0,30.0,40.0,105.0,50.0,20.0,290.0,1.0,0.3,0.5,Cell Pokémon,200.0,20.0,['Amorphous'],"Medium Slow
",70.0,0.0,0.0,0.0,0.0,1.0,3.0,No Preevolution,1.0,0.5,1.0,1.0,1.0,1.0,2.0,2.0,1.0,1.0,1.0,1.0,1.0,0.5,1.0,1.0,2.0,1.0
640.0,Duosion,Psychic,,"['Overcoat', 'Magic Guard']",['Regenerator'],V,65.0,40.0,50.0,125.0,60.0,30.0,370.0,8.0,0.6,0.5,Mitosis Pokémon,100.0,20.0,['Amorphous'],"Medium Slow
",70.0,0.0,0.0,0.0,0.0,2.0,3.0,Solosis,1.0,0.5,1.0,1.0,1.0,1.0,2.0,2.0,1.0,1.0,1.0,1.0,1.0,0.5,1.0,1.0,2.0,1.0
641.0,Reuniclus,Psychic,,"['Overcoat', 'Magic Guard']",['Regenerator'],V,110.0,65.0,75.0,125.0,85.0,30.0,490.0,20.1,1.0,0.5,Multiplying Pokémon,50.0,20.0,['Amorphous'],"Medium Slow
",70.0,0.0,0.0,0.0,0.0,3.0,3.0,Duosion,1.0,0.5,1.0,1.0,1.0,1.0,2.0,2.0,1.0,1.0,1.0,1.0,1.0,0.5,1.0,1.0,2.0,1.0
642.0,Ducklett,Water,Flying,"['Keen Eye', 'Big Pecks']",['Hydration'],V,62.0,44.0,50.0,44.0,50.0,55.0,305.0,5.5,0.5,0.5,Water Bird Pokémon,190.0,20.0,['Water 1' 'Flying'],"Medium Fast
",70.0,0.0,0.0,0.0,0.0,1.0,2.0,No Preevolution,1.0,0.5,1.0,1.0,0.0,2.0,0.5,1.0,0.5,0.5,0.5,1.0,4.0,1.0,1.0,1.0,1.0,1.0
643.0,Swanna,Water,Flying,"['Keen Eye', 'Big Pecks']",['Hydration'],V,75.0,87.0,63.0,87.0,63.0,98.0,473.0,24.2,1.3,0.5,White Bird Pokémon,45.0,20.0,['Water 1' 'Flying'],"Medium Fast
",70.0,0.0,0.0,0.0,0.0,2.0,2.0,Ducklett,1.0,0.5,1.0,1.0,0.0,2.0,0.5,1.0,0.5,0.5,0.5,1.0,4.0,1.0,1.0,1.0,1.0,1.0
644.0,Vanillite,Ice,,"['Ice Body', 'Snow Cloak']",['Weak Armor'],V,36.0,50.0,50.0,65.0,60.0,44.0,305.0,5.7,0.4,0.5,Fresh Snow Pokémon,255.0,20.0,['Mineral'],"Slow
",70.0,0.0,0.0,0.0,0.0,1.0,3.0,No Preevolution,1.0,2.0,1.0,1.0,1.0,2.0,1.0,1.0,2.0,2.0,1.0,1.0,1.0,1.0,0.5,1.0,1.0,1.0
645.0,Vanillish,Ice,,"['Ice Body', 'Snow Cloak']",['Weak Armor'],V,51.0,65.0,65.0,80.0,75.0,59.0,395.0,41.0,1.1,0.5,Icy Snow Pokémon,120.0,20.0,['Mineral'],"Slow
",70.0,0.0,0.0,0.0,0.0,2.0,3.0,Vanillite,1.0,2.0,1.0,1.0,1.0,2.0,1.0,1.0,2.0,2.0,1.0,1.0,1.0,1.0,0.5,1.0,1.0,1.0
646.0,Vanilluxe,Ice,,"['Ice Body', 'Snow Warning']",['Weak Armor'],V,71.0,95.0,85.0,110.0,95.0,79.0,535.0,57.5,1.3,0.5,Snowstorm Pokémon,45.0,20.0,['Mineral'],"Slow
",70.0,0.0,0.0,0.0,0.0,3.0,3.0,Vanillish,1.0,2.0,1.0,1.0,1.0,2.0,1.0,1.0,2.0,2.0,1.0,1.0,1.0,1.0,0.5,1.0,1.0,1.0
647.0,Deerling,Normal,Grass,,,,,,,,,,,,,,,,,,,,,,,,,,,,,,,,,,,,,,,,,,,,
648.0,Sawsbuck,Normal,Grass,,,,,,,,,,,,,,,,,,,,,,,,,,,,,,,,,,,,,,,,,,,,
649.0,Emolga,Electric,Flying,['Static'],['Motor Drive'],V,55.0,75.0,60.0,75.0,60.0,103.0,428.0,5.0,0.4,0.5,Sky Squirrel Pokémon,200.0,20.0,['Field'],"Medium Fast
",70.0,0.0,0.0,0.0,0.0,1.0,1.0,No Preevolution,1.0,0.5,0.5,1.0,0.0,2.0,0.5,1.0,0.5,1.0,1.0,0.5,1.0,1.0,2.0,1.0,1.0,1.0
650.0,Karrablast,Bug,,"['Swarm', 'Shed Skin']",['No Guard'],V,50.0,75.0,45.0,40.0,45.0,60.0,315.0,5.9,0.5,0.5,Clamping Pokémon,200.0,15.0,['Bug'],"Medium Fast
",70.0,0.0,0.0,0.0,0.0,1.0,2.0,No Preevolution,1.0,0.5,2.0,1.0,0.5,2.0,1.0,1.0,1.0,2.0,1.0,0.5,1.0,1.0,1.0,1.0,1.0,1.0
651.0,Escavalier,Bug,Steel,"['Swarm', 'Shell Armor']",['Overcoat'],V,70.0,135.0,105.0,60.0,105.0,20.0,495.0,33.0,1.0,0.5,Cavalry Pokémon,75.0,15.0,['Bug'],"Medium Fast
",70.0,0.0,0.0,0.0,0.0,2.0,2.0,Karrablast,0.5,1.0,1.0,0.0,1.0,1.0,0.5,1.0,0.5,4.0,1.0,0.25,1.0,0.5,0.5,0.5,1.0,0.5
652.0,Foongus,Grass,Poison,['Effect Spore'],['Regenerator'],V,69.0,55.0,45.0,55.0,55.0,15.0,294.0,1.0,0.2,0.5,Mushroom Pokémon,190.0,20.0,['Grass'],"Medium Fast
",70.0,0.0,0.0,0.0,0.0,1.0,2.0,No Preevolution,1.0,0.5,2.0,1.0,1.0,1.0,1.0,1.0,1.0,2.0,0.5,0.25,0.5,2.0,2.0,1.0,1.0,0.5
653.0,Amoonguss,Grass,Poison,['Effect Spore'],['Regenerator'],V,114.0,85.0,70.0,85.0,80.0,30.0,464.0,10.5,0.6,0.5,Mushroom Pokémon,75.0,20.0,['Grass'],"Medium Fast
",70.0,0.0,0.0,0.0,0.0,2.0,2.0,Foongus,1.0,0.5,2.0,1.0,1.0,1.0,1.0,1.0,1.0,2.0,0.5,0.25,0.5,2.0,2.0,1.0,1.0,0.5
654.0,Frillish,Water,Ghost,"['Water Absorb', 'Cursed Body']",['Damp'],V,55.0,40.0,50.0,65.0,85.0,40.0,335.0,33.0,1.2,0.5,Floating Pokémon,190.0,20.0,['Amorphous'],"Medium Fast
",70.0,0.0,0.0,0.0,0.0,1.0,2.0,No Preevolution,0.0,0.0,1.0,0.5,1.0,1.0,0.5,2.0,0.5,0.5,0.5,2.0,2.0,1.0,0.5,1.0,2.0,1.0
655.0,Jellicent,Water,Ghost,"['Water Absorb', 'Cursed Body']",['Damp'],V,100.0,60.0,70.0,85.0,105.0,60.0,480.0,135.0,2.2,0.5,Floating Pokémon,60.0,20.0,['Amorphous'],"Medium Fast
",70.0,0.0,0.0,0.0,0.0,2.0,2.0,Frillish,0.0,0.0,1.0,0.5,1.0,1.0,0.5,2.0,0.5,0.5,0.5,2.0,2.0,1.0,0.5,1.0,2.0,1.0
656.0,Alomomola,Water,,"['Healer', 'Hydration']",['Regenerator'],V,165.0,75.0,80.0,40.0,45.0,65.0,470.0,31.6,1.2,0.5,Caring Pokémon,75.0,40.0,['Water 1' 'Water 2'],"Fast
",70.0,0.0,0.0,0.0,0.0,1.0,1.0,No Preevolution,1.0,1.0,1.0,1.0,1.0,1.0,1.0,1.0,0.5,0.5,0.5,2.0,2.0,1.0,0.5,1.0,1.0,1.0
657.0,Joltik,Bug,Electric,"['Compound Eyes', 'Unnerve']",['Swarm'],V,50.0,47.0,50.0,57.0,50.0,65.0,319.0,0.6,0.1,0.5,Attaching Pokémon,190.0,20.0,['Bug'],"Medium Fast
",70.0,0.0,0.0,0.0,0.0,1.0,2.0,No Preevolution,1.0,0.5,1.0,1.0,1.0,2.0,1.0,1.0,0.5,2.0,1.0,0.5,0.5,1.0,1.0,1.0,1.0,1.0
658.0,Galvantula,Bug,Electric,"['Compound Eyes', 'Unnerve']",['Swarm'],V,70.0,77.0,60.0,97.0,60.0,108.0,472.0,14.3,0.8,0.5,EleSpider Pokémon,75.0,20.0,['Bug'],"Medium Fast
",70.0,0.0,0.0,0.0,0.0,2.0,2.0,Joltik,1.0,0.5,1.0,1.0,1.0,2.0,1.0,1.0,0.5,2.0,1.0,0.5,0.5,1.0,1.0,1.0,1.0,1.0
659.0,Ferroseed,Grass,Steel,['Iron Barbs'],[],V,44.0,50.0,91.0,24.0,86.0,10.0,305.0,18.8,0.6,0.5,Thorn Seed Pokémon,255.0,20.0,['Grass' 'Mineral'],"Medium Fast
",70.0,0.0,0.0,0.0,0.0,1.0,2.0,No Preevolution,0.5,2.0,1.0,0.0,1.0,0.5,1.0,1.0,0.5,4.0,0.5,0.25,0.5,0.5,1.0,0.5,1.0,0.5
660.0,Ferrothorn,Grass,Steel,['Iron Barbs'],['Anticipation'],V,74.0,94.0,131.0,54.0,116.0,20.0,489.0,110.0,1.0,0.5,Thorn Pod Pokémon,90.0,20.0,['Grass' 'Mineral'],"Medium Fast
",70.0,0.0,0.0,0.0,0.0,2.0,2.0,Ferroseed,0.5,2.0,1.0,0.0,1.0,0.5,1.0,1.0,0.5,4.0,0.5,0.25,0.5,0.5,1.0,0.5,1.0,0.5
661.0,Klink,Steel,,"['Plus', 'Minus']",['Clear Body'],V,40.0,55.0,70.0,45.0,60.0,30.0,300.0,21.0,0.3,-,Gear Pokémon,130.0,20.0,['Mineral'],"Medium Slow
",70.0,0.0,0.0,0.0,0.0,1.0,3.0,No Preevolution,0.5,2.0,0.5,0.0,2.0,0.5,0.5,1.0,0.5,2.0,1.0,0.5,1.0,0.5,0.5,0.5,1.0,0.5
662.0,Klang,Steel,,"['Plus', 'Minus']",['Clear Body'],V,60.0,80.0,95.0,70.0,85.0,50.0,440.0,51.0,0.6,-,Gear Pokémon,60.0,20.0,['Mineral'],"Medium Slow
",70.0,0.0,0.0,0.0,0.0,2.0,3.0,Klink,0.5,2.0,0.5,0.0,2.0,0.5,0.5,1.0,0.5,2.0,1.0,0.5,1.0,0.5,0.5,0.5,1.0,0.5
663.0,Klinklang,Steel,,"['Plus', 'Minus']",['Clear Body'],V,60.0,100.0,115.0,70.0,85.0,90.0,520.0,81.0,0.6,-,Gear Pokémon,30.0,20.0,['Mineral'],"Medium Slow
",70.0,0.0,0.0,0.0,0.0,3.0,3.0,Klang,0.5,2.0,0.5,0.0,2.0,0.5,0.5,1.0,0.5,2.0,1.0,0.5,1.0,0.5,0.5,0.5,1.0,0.5
664.0,Tynamo,Electric,,['Levitate'],[],V,35.0,55.0,40.0,45.0,40.0,60.0,275.0,0.3,0.2,0.5,EleFish Pokémon,190.0,20.0,['Amorphous'],"Slow
",70.0,0.0,0.0,0.0,0.0,1.0,3.0,No Preevolution,1.0,1.0,0.5,1.0,2.0,1.0,1.0,1.0,0.5,1.0,1.0,1.0,0.5,1.0,1.0,1.0,1.0,1.0
665.0,Eelektrik,Electric,,['Levitate'],[],V,65.0,85.0,70.0,75.0,70.0,40.0,405.0,22.0,1.2,0.5,EleFish Pokémon,60.0,20.0,['Amorphous'],"Slow
",70.0,0.0,0.0,0.0,0.0,2.0,3.0,Tynamo,1.0,1.0,0.5,1.0,2.0,1.0,1.0,1.0,0.5,1.0,1.0,1.0,0.5,1.0,1.0,1.0,1.0,1.0
666.0,Eelektross,Electric,,['Levitate'],[],V,85.0,115.0,80.0,105.0,80.0,50.0,515.0,80.5,2.1,0.5,EleFish Pokémon,30.0,20.0,['Amorphous'],"Slow
",70.0,0.0,0.0,0.0,0.0,3.0,3.0,Eelektrik,1.0,1.0,0.5,1.0,2.0,1.0,1.0,1.0,0.5,1.0,1.0,1.0,0.5,1.0,1.0,1.0,1.0,1.0
667.0,Elgyem,Psychic,,"['Telepathy', 'Synchronize']",['Analytic'],V,55.0,55.0,55.0,85.0,55.0,30.0,335.0,9.0,0.5,0.5,Cerebral Pokémon,255.0,20.0,['Human-Like'],"Medium Fast
",70.0,0.0,0.0,0.0,0.0,1.0,2.0,No Preevolution,1.0,0.5,1.0,1.0,1.0,1.0,2.0,2.0,1.0,1.0,1.0,1.0,1.0,0.5,1.0,1.0,2.0,1.0
668.0,Beheeyem,Psychic,,"['Telepathy', 'Synchronize']",['Analytic'],V,75.0,75.0,75.0,125.0,95.0,40.0,485.0,34.5,1.0,0.5,Cerebral Pokémon,90.0,20.0,['Human-Like'],"Medium Fast
",70.0,0.0,0.0,0.0,0.0,2.0,2.0,Elgyem,1.0,0.5,1.0,1.0,1.0,1.0,2.0,2.0,1.0,1.0,1.0,1.0,1.0,0.5,1.0,1.0,2.0,1.0
669.0,Litwick,Ghost,Fire,"['Flash Fire', 'Flame Body']",['Infiltrator'],V,50.0,30.0,55.0,65.0,55.0,20.0,275.0,3.1,0.3,0.5,Candle Pokémon,190.0,20.0,['Amorphous'],"Medium Slow
",70.0,0.0,0.0,0.0,0.0,1.0,3.0,No Preevolution,0.0,0.0,1.0,0.5,2.0,2.0,0.25,2.0,0.5,0.5,2.0,0.5,1.0,1.0,0.5,1.0,2.0,0.5
670.0,Lampent,Ghost,Fire,"['Flash Fire', 'Flame Body']",['Infiltrator'],V,60.0,40.0,60.0,95.0,60.0,55.0,370.0,13.0,0.6,0.5,Lamp Pokémon,90.0,20.0,['Amorphous'],"Medium Slow
",70.0,0.0,0.0,0.0,0.0,2.0,3.0,Litwick,0.0,0.0,1.0,0.5,2.0,2.0,0.25,2.0,0.5,0.5,2.0,0.5,1.0,1.0,0.5,1.0,2.0,0.5
671.0,Chandelure,Ghost,Fire,"['Flash Fire', 'Flame Body']",['Infiltrator'],V,60.0,55.0,90.0,145.0,90.0,80.0,520.0,34.3,1.0,0.5,Luring Pokémon,45.0,20.0,['Amorphous'],"Medium Slow
",70.0,0.0,0.0,0.0,0.0,3.0,3.0,Lampent,0.0,0.0,1.0,0.5,2.0,2.0,0.25,2.0,0.5,0.5,2.0,0.5,1.0,1.0,0.5,1.0,2.0,0.5
672.0,Axew,Dragon,,"['Rivalry', 'Mold Breaker']",['Unnerve'],V,46.0,87.0,60.0,30.0,40.0,57.0,320.0,18.0,0.6,0.5,Tusk Pokémon,75.0,40.0,['Monster' 'Dragon'],"Slow
",35.0,0.0,0.0,0.0,0.0,1.0,3.0,No Preevolution,1.0,1.0,1.0,1.0,1.0,1.0,1.0,1.0,1.0,0.5,0.5,0.5,0.5,1.0,2.0,2.0,1.0,2.0
673.0,Fraxure,Dragon,,"['Rivalry', 'Mold Breaker']",['Unnerve'],V,66.0,117.0,70.0,40.0,50.0,67.0,410.0,36.0,1.0,0.5,Axe Jaw Pokémon,60.0,40.0,['Monster' 'Dragon'],"Slow
",35.0,0.0,0.0,0.0,0.0,2.0,3.0,Axew,1.0,1.0,1.0,1.0,1.0,1.0,1.0,1.0,1.0,0.5,0.5,0.5,0.5,1.0,2.0,2.0,1.0,2.0
674.0,Haxorus,Dragon,,"['Rivalry', 'Mold Breaker']",['Unnerve'],V,76.0,147.0,90.0,60.0,70.0,97.0,540.0,105.5,1.8,0.5,Axe Jaw Pokémon,45.0,40.0,['Monster' 'Dragon'],"Slow
",35.0,0.0,0.0,0.0,0.0,3.0,3.0,Fraxure,1.0,1.0,1.0,1.0,1.0,1.0,1.0,1.0,1.0,0.5,0.5,0.5,0.5,1.0,2.0,2.0,1.0,2.0
675.0,Cubchoo,Ice,,"['Snow Cloak', 'Slush Rush']",['Rattled'],V,55.0,70.0,40.0,60.0,40.0,40.0,305.0,8.5,0.5,0.5,Chill Pokémon,120.0,20.0,['Field'],"Medium Fast
",70.0,0.0,0.0,0.0,0.0,1.0,2.0,No Preevolution,1.0,2.0,1.0,1.0,1.0,2.0,1.0,1.0,2.0,2.0,1.0,1.0,1.0,1.0,0.5,1.0,1.0,1.0
676.0,Beartic,Ice,,"['Snow Cloak', 'Slush Rush']",['Swift Swim'],V,95.0,130.0,80.0,70.0,80.0,50.0,505.0,260.0,2.6,0.5,Freezing Pokémon,60.0,20.0,['Field'],"Medium Fast
",70.0,0.0,0.0,0.0,0.0,2.0,2.0,Cubchoo,1.0,2.0,1.0,1.0,1.0,2.0,1.0,1.0,2.0,2.0,1.0,1.0,1.0,1.0,0.5,1.0,1.0,1.0
677.0,Cryogonal,Ice,,['Levitate'],[],V,80.0,50.0,50.0,95.0,135.0,105.0,515.0,148.0,1.1,-,Crystallizing Pokémon,25.0,25.0,['Mineral'],"Medium Fast
",70.0,0.0,0.0,0.0,0.0,1.0,1.0,No Preevolution,1.0,2.0,1.0,1.0,1.0,2.0,1.0,1.0,2.0,2.0,1.0,1.0,1.0,1.0,0.5,1.0,1.0,1.0
678.0,Shelmet,Bug,,"['Hydration', 'Shell Armor']",['Overcoat'],V,50.0,40.0,85.0,40.0,65.0,25.0,305.0,7.7,0.4,0.5,Snail Pokémon,200.0,15.0,['Bug'],"Medium Fast
",70.0,0.0,0.0,0.0,0.0,1.0,2.0,No Preevolution,1.0,0.5,2.0,1.0,0.5,2.0,1.0,1.0,1.0,2.0,1.0,0.5,1.0,1.0,1.0,1.0,1.0,1.0
679.0,Accelgor,Bug,,"['Hydration', 'Sticky Hold']",['Unburden'],V,80.0,70.0,40.0,100.0,60.0,145.0,495.0,25.3,0.8,0.5,Shell Out Pokémon,75.0,15.0,['Bug'],"Medium Fast
",70.0,0.0,0.0,0.0,0.0,2.0,2.0,Shelmet,1.0,0.5,2.0,1.0,0.5,2.0,1.0,1.0,1.0,2.0,1.0,0.5,1.0,1.0,1.0,1.0,1.0,1.0
680.0,Stunfisk,Ground,Electric,"['Static', 'Limber']",['Sand Veil'],V,109.0,66.0,84.0,81.0,99.0,32.0,471.0,11.0,0.7,0.5,Trap Pokémon,75.0,20.0,['Water 1' 'Amorphous'],"Medium Fast
",70.0,0.0,0.0,0.0,0.0,1.0,1.0,No Preevolution,1.0,1.0,0.5,0.5,2.0,0.5,1.0,1.0,0.5,1.0,2.0,2.0,0.0,1.0,2.0,1.0,1.0,1.0
681.0,Mienfoo,Fighting,,"['Inner Focus', 'Regenerator']",['Reckless'],V,45.0,85.0,50.0,55.0,50.0,65.0,350.0,20.0,0.9,0.5,Martial Arts Pokémon,180.0,25.0,['Field' 'Human-Like'],"Medium Slow
",70.0,0.0,0.0,0.0,0.0,1.0,2.0,No Preevolution,1.0,1.0,2.0,1.0,1.0,0.5,0.5,1.0,1.0,1.0,1.0,1.0,1.0,2.0,1.0,1.0,0.5,2.0
682.0,Mienshao,Fighting,,"['Inner Focus', 'Regenerator']",['Reckless'],V,65.0,125.0,60.0,95.0,60.0,105.0,510.0,35.5,1.4,0.5,Martial Arts Pokémon,45.0,25.0,['Field' 'Human-Like'],"Medium Slow
",70.0,0.0,0.0,0.0,0.0,2.0,2.0,Mienfoo,1.0,1.0,2.0,1.0,1.0,0.5,0.5,1.0,1.0,1.0,1.0,1.0,1.0,2.0,1.0,1.0,0.5,2.0
683.0,Druddigon,Dragon,,"['Rough Skin', 'Sheer Force']",['Mold Breaker'],V,77.0,120.0,90.0,60.0,90.0,48.0,485.0,139.0,1.6,0.5,Cave Pokémon,45.0,30.0,['Dragon' 'Monster'],"Medium Fast
",70.0,0.0,0.0,0.0,0.0,1.0,1.0,No Preevolution,1.0,1.0,1.0,1.0,1.0,1.0,1.0,1.0,1.0,0.5,0.5,0.5,0.5,1.0,2.0,2.0,1.0,2.0
684.0,Golett,Ground,Ghost,"['Iron Fist', 'Klutz']",['No Guard'],V,59.0,74.0,50.0,35.0,50.0,35.0,303.0,92.0,1.0,-,Automaton Pokémon,190.0,25.0,['Mineral'],"Medium Fast
",70.0,0.0,0.0,0.0,0.0,1.0,2.0,No Preevolution,0.0,0.0,1.0,0.25,1.0,0.5,0.5,2.0,1.0,1.0,2.0,2.0,0.0,1.0,2.0,1.0,2.0,1.0
685.0,Golurk,Ground,Ghost,"['Iron Fist', 'Klutz']",['No Guard'],V,89.0,124.0,80.0,55.0,80.0,55.0,483.0,330.0,2.8,-,Automaton Pokémon,90.0,25.0,['Mineral'],"Medium Fast
",70.0,0.0,0.0,0.0,0.0,2.0,2.0,Golett,0.0,0.0,1.0,0.25,1.0,0.5,0.5,2.0,1.0,1.0,2.0,2.0,0.0,1.0,2.0,1.0,2.0,1.0
686.0,Pawniard,Dark,Steel,"['Defiant', 'Inner Focus']",['Pressure'],V,45.0,85.0,70.0,40.0,40.0,60.0,340.0,10.2,0.5,0.5,Sharp Blade Pokémon,120.0,20.0,['Human-Like'],"Medium Fast
",35.0,0.0,0.0,0.0,0.0,1.0,3.0,No Preevolution,0.5,4.0,0.5,0.0,2.0,0.5,1.0,0.5,0.5,2.0,1.0,0.5,1.0,0.0,0.5,0.5,0.5,1.0
687.0,Bisharp,Dark,Steel,"['Defiant', 'Inner Focus']",['Pressure'],V,65.0,125.0,100.0,60.0,70.0,70.0,490.0,70.0,1.6,0.5,Sword Blade Pokémon,45.0,20.0,['Human-Like'],"Medium Fast
",35.0,0.0,0.0,0.0,0.0,2.0,3.0,Pawniard,0.5,4.0,0.5,0.0,2.0,0.5,1.0,0.5,0.5,2.0,1.0,0.5,1.0,0.0,0.5,0.5,0.5,1.0
688.0,Bouffalant,Normal,,"['Reckless', 'Sap Sipper']",['Soundproof'],V,95.0,110.0,95.0,40.0,95.0,55.0,490.0,94.6,1.6,0.5,Bash Buffalo Pokémon,45.0,20.0,['Field'],"Medium Fast
",70.0,0.0,0.0,0.0,0.0,1.0,1.0,No Preevolution,1.0,2.0,1.0,1.0,1.0,1.0,1.0,0.0,1.0,1.0,1.0,1.0,1.0,1.0,1.0,1.0,1.0,1.0
689.0,Rufflet,Normal,Flying,"['Keen Eye', 'Sheer Force']",['Hustle'],V,70.0,83.0,50.0,37.0,50.0,60.0,350.0,10.5,0.5,1.0,Eaglet Pokémon,190.0,20.0,['Flying'],"Slow
",70.0,0.0,0.0,0.0,0.0,1.0,2.0,No Preevolution,1.0,1.0,1.0,1.0,0.0,2.0,0.5,0.0,1.0,1.0,1.0,0.5,2.0,1.0,2.0,1.0,1.0,1.0
690.0,Braviary,Normal,Flying,"['Keen Eye', 'Sheer Force']",['Defiant'],V,100.0,123.0,75.0,57.0,75.0,80.0,510.0,41.0,1.5,1.0,Valiant Pokémon,60.0,20.0,['Flying'],"Slow
",70.0,0.0,0.0,0.0,0.0,2.0,2.0,Rufflet,1.0,1.0,1.0,1.0,0.0,2.0,0.5,0.0,1.0,1.0,1.0,0.5,2.0,1.0,2.0,1.0,1.0,1.0
691.0,Vullaby,Dark,Flying,"['Big Pecks', 'Overcoat']",['Weak Armor'],V,70.0,55.0,75.0,45.0,65.0,60.0,370.0,9.0,0.5,0.0,Diapered Pokémon,190.0,20.0,['Flying'],"Slow
",35.0,0.0,0.0,0.0,0.0,1.0,2.0,No Preevolution,1.0,1.0,1.0,1.0,0.0,2.0,1.0,0.5,1.0,1.0,1.0,0.5,2.0,0.0,2.0,1.0,0.5,2.0
692.0,Mandibuzz,Dark,Flying,"['Big Pecks', 'Overcoat']",['Weak Armor'],V,110.0,65.0,105.0,55.0,95.0,80.0,510.0,39.5,1.2,0.0,Bone Vulture Pokémon,60.0,20.0,['Flying'],"Slow
",35.0,0.0,0.0,0.0,0.0,2.0,2.0,Vullaby,1.0,1.0,1.0,1.0,0.0,2.0,1.0,0.5,1.0,1.0,1.0,0.5,2.0,0.0,2.0,1.0,0.5,2.0
693.0,Heatmor,Fire,,"['Gluttony', 'Flash Fire']",['White Smoke'],V,85.0,97.0,66.0,105.0,66.0,65.0,484.0,58.0,1.4,0.5,Anteater Pokémon,90.0,20.0,['Field'],"Medium Fast
",70.0,0.0,0.0,0.0,0.0,1.0,1.0,No Preevolution,1.0,1.0,1.0,1.0,2.0,2.0,0.5,1.0,0.5,0.5,2.0,0.5,1.0,1.0,0.5,1.0,1.0,0.5
694.0,Durant,Bug,Steel,"['Swarm', 'Hustle']",['Truant'],V,58.0,109.0,112.0,48.0,48.0,109.0,484.0,33.0,0.3,0.5,Iron Ant Pokémon,90.0,20.0,['Bug'],"Medium Fast
",70.0,0.0,0.0,0.0,0.0,1.0,1.0,No Preevolution,0.5,1.0,1.0,0.0,1.0,1.0,0.5,1.0,0.5,4.0,1.0,0.25,1.0,0.5,0.5,0.5,1.0,0.5
695.0,Deino,Dark,Dragon,['Hustle'],[],V,52.0,65.0,50.0,45.0,50.0,38.0,300.0,17.3,0.8,0.5,Irate Pokémon,45.0,40.0,['Dragon'],"Slow
",35.0,0.0,0.0,0.0,0.0,1.0,3.0,No Preevolution,1.0,2.0,1.0,1.0,1.0,1.0,2.0,0.5,1.0,0.5,0.5,0.5,0.5,0.0,2.0,2.0,0.5,4.0
696.0,Zweilous,Dark,Dragon,['Hustle'],[],V,72.0,85.0,70.0,65.0,70.0,58.0,420.0,50.0,1.4,0.5,Hostile Pokémon,45.0,40.0,['Dragon'],"Slow
",35.0,0.0,0.0,0.0,0.0,2.0,3.0,Deino,1.0,2.0,1.0,1.0,1.0,1.0,2.0,0.5,1.0,0.5,0.5,0.5,0.5,0.0,2.0,2.0,0.5,4.0
697.0,Hydreigon,Dark,Dragon,['Levitate'],[],V,92.0,105.0,90.0,125.0,90.0,98.0,600.0,160.0,1.8,0.5,Brutal Pokémon,45.0,40.0,['Dragon'],"Slow
",35.0,0.0,0.0,0.0,0.0,3.0,3.0,Zweilous,1.0,2.0,1.0,1.0,1.0,1.0,2.0,0.5,1.0,0.5,0.5,0.5,0.5,0.0,2.0,2.0,0.5,4.0
698.0,Larvesta,Bug,Fire,['Flame Body'],['Swarm'],V,55.0,85.0,55.0,50.0,55.0,60.0,360.0,28.8,1.1,0.5,Torch Pokémon,45.0,40.0,['Bug'],"Slow
",70.0,0.0,0.0,0.0,0.0,1.0,2.0,No Preevolution,1.0,0.5,2.0,1.0,1.0,4.0,0.5,1.0,0.5,1.0,2.0,0.25,1.0,1.0,0.5,1.0,1.0,0.5
699.0,Volcarona,Bug,Fire,['Flame Body'],['Swarm'],V,85.0,60.0,65.0,135.0,105.0,100.0,550.0,46.0,1.6,0.5,Sun Pokémon,15.0,40.0,['Bug'],"Slow
",70.0,0.0,0.0,0.0,0.0,2.0,2.0,Larvesta,1.0,0.5,2.0,1.0,1.0,4.0,0.5,1.0,0.5,1.0,2.0,0.25,1.0,1.0,0.5,1.0,1.0,0.5
700.0,Cobalion,Steel,Fighting,['Justified'],[],V,91.0,90.0,129.0,90.0,72.0,108.0,580.0,250.0,2.1,-,Iron Will Pokémon,3.0,80.0,-,"Slow
",35.0,1.0,0.0,0.0,0.0,1.0,1.0,No Preevolution,0.5,2.0,1.0,0.0,2.0,0.25,0.25,1.0,0.5,2.0,1.0,0.5,1.0,1.0,0.5,0.5,0.5,1.0
701.0,Terrakion,Rock,Fighting,['Justified'],[],V,91.0,129.0,90.0,72.0,90.0,108.0,580.0,260.0,1.9,-,Cavern Pokémon,3.0,80.0,-,"Slow
",35.0,1.0,0.0,0.0,0.0,1.0,1.0,No Preevolution,0.5,2.0,1.0,0.5,2.0,0.5,0.5,1.0,2.0,0.5,2.0,2.0,1.0,2.0,1.0,1.0,0.5,2.0
702.0,Virizion,Grass,Fighting,['Justified'],[],V,91.0,90.0,72.0,90.0,129.0,108.0,580.0,200.0,2.0,-,Grassland Pokémon,3.0,80.0,-,"Slow
",35.0,1.0,0.0,0.0,0.0,1.0,1.0,No Preevolution,1.0,1.0,4.0,2.0,0.5,0.5,1.0,1.0,1.0,2.0,0.5,0.5,0.5,2.0,2.0,1.0,0.5,2.0
703.0,Tornadus Incarnate Forme,Flying,,['Prankster'],['Defiant'],V,79.0,115.0,70.0,125.0,80.0,111.0,580.0,63.0,1.5,1.0,Cyclone Pokémon,3.0,120.0,-,"Slow
",90.0,1.0,0.0,0.0,0.0,1.0,1.0,No Preevolution,1.0,0.5,1.0,1.0,0.0,2.0,0.5,1.0,1.0,1.0,1.0,0.5,2.0,1.0,2.0,1.0,1.0,1.0
704.0,Tornadus Therian Forme,Flying,,['Regenerator'],[],V,79.0,100.0,80.0,110.0,90.0,121.0,580.0,63.0,1.5,1.0,Cyclone Pokémon,3.0,120.0,-,"Slow
",90.0,1.0,0.0,0.0,0.0,1.0,1.0,No Preevolution,1.0,0.5,1.0,1.0,0.0,2.0,0.5,1.0,1.0,1.0,1.0,0.5,2.0,1.0,2.0,1.0,1.0,1.0
705.0,Thundurus Incarnate Forme,Electric,Flying,['Prankster'],['Defiant'],V,79.0,115.0,70.0,125.0,80.0,111.0,580.0,61.0,1.5,1.0,Bolt Strike Pokémon,3.0,120.0,-,"Slow
",90.0,1.0,0.0,0.0,0.0,1.0,1.0,No Preevolution,1.0,0.5,0.5,1.0,0.0,2.0,0.5,1.0,0.5,1.0,1.0,0.5,1.0,1.0,2.0,1.0,1.0,1.0
706.0,Thundurus Therian Forme,Electric,Flying,['Volt Absorb'],[],V,79.0,105.0,70.0,145.0,80.0,101.0,580.0,61.0,1.5,1.0,Bolt Strike Pokémon,3.0,120.0,-,"Slow
",90.0,1.0,0.0,0.0,0.0,1.0,1.0,No Preevolution,1.0,0.5,0.5,1.0,0.0,2.0,0.5,1.0,0.5,1.0,1.0,0.5,1.0,1.0,2.0,1.0,1.0,1.0
707.0,Reshiram,Dragon,Fire,['Turboblaze'],[],V,100.0,120.0,100.0,150.0,120.0,90.0,680.0,330.0,3.2,-,Vast White Pokémon,3.0,120.0,-,"Slow
",0.0,1.0,0.0,0.0,0.0,1.0,1.0,No Preevolution,1.0,1.0,1.0,1.0,2.0,2.0,0.5,1.0,0.5,0.25,1.0,0.25,0.5,1.0,1.0,2.0,1.0,1.0
708.0,Zekrom,Dragon,Electric,['Teravolt'],[],V,100.0,150.0,120.0,120.0,100.0,90.0,680.0,345.0,2.9,-,Deep Black Pokémon,3.0,120.0,-,"Slow
",0.0,1.0,0.0,0.0,0.0,1.0,1.0,No Preevolution,1.0,1.0,0.5,1.0,2.0,1.0,1.0,1.0,0.5,0.5,0.5,0.5,0.25,1.0,2.0,2.0,1.0,2.0
709.0,Landorus Incarnate Forme,Ground,Flying,['Sand Force'],['Sheer Force'],V,89.0,125.0,90.0,115.0,80.0,101.0,600.0,68.0,1.5,1.0,Abundance Pokémon,3.0,120.0,-,"Slow
",90.0,1.0,0.0,0.0,0.0,1.0,1.0,No Preevolution,1.0,0.5,1.0,0.5,0.0,1.0,0.5,1.0,1.0,1.0,2.0,1.0,0.0,1.0,4.0,1.0,1.0,1.0
710.0,Landorus Therian Forme,Ground,Flying,['Intimidate'],[],V,89.0,145.0,90.0,105.0,80.0,91.0,600.0,68.0,1.5,1.0,Abundance Pokémon,3.0,120.0,-,"Slow
",90.0,1.0,0.0,0.0,0.0,1.0,1.0,No Preevolution,1.0,0.5,1.0,0.5,0.0,1.0,0.5,1.0,1.0,1.0,2.0,1.0,0.0,1.0,4.0,1.0,1.0,1.0
711.0,Kyurem,Dragon,Ice,['Pressure'],[],V,125.0,130.0,90.0,130.0,90.0,95.0,700.0,325.0,3.0,-,Boundary Pokémon,3.0,120.0,-,"Slow
",0.0,1.0,0.0,0.0,0.0,1.0,1.0,No Preevolution,1.0,2.0,1.0,1.0,1.0,2.0,1.0,1.0,2.0,1.0,0.5,0.5,0.5,1.0,1.0,2.0,1.0,2.0
712.0,Kyurem Black Kyurem,Dragon,Ice,,,,,,,,,,,,,,,,,,,,,,,,,,,,,,,,,,,,,,,,,,,,
713.0,Kyurem White Kyurem,Dragon,Ice,,,,,,,,,,,,,,,,,,,,,,,,,,,,,,,,,,,,,,,,,,,,
714.0,Keldeo Ordinary Forme,Water,Fighting,,,,,,,,,,,,,,,,,,,,,,,,,,,,,,,,,,,,,,,,,,,,
715.0,Keldeo Resolute Forme,Water,Fighting,,,,,,,,,,,,,,,,,,,,,,,,,,,,,,,,,,,,,,,,,,,,
716.0,Meloetta Aria Forme,Normal,Psychic,['Serene Grace'],[],V,100.0,77.0,77.0,128.0,128.0,90.0,600.0,6.5,0.6,-,Melody Pokémon,3.0,120.0,-,"Slow
",100.0,0.0,1.0,0.0,0.0,1.0,1.0,No Preevolution,1.0,1.0,1.0,1.0,1.0,1.0,2.0,0.0,1.0,1.0,1.0,1.0,1.0,0.5,1.0,1.0,2.0,1.0
717.0,Meloetta Pirouette Forme,Normal,Fighting,['Serene Grace'],[],V,100.0,128.0,90.0,77.0,77.0,128.0,600.0,6.5,0.6,-,Melody Pokémon,3.0,120.0,-,"Slow
",100.0,0.0,1.0,0.0,0.0,1.0,1.0,No Preevolution,1.0,2.0,2.0,1.0,1.0,0.5,0.5,0.0,1.0,1.0,1.0,1.0,1.0,2.0,1.0,1.0,0.5,2.0
718.0,Genesect,Bug,Steel,,,,,,,,,,,,,,,,,,,,,,,,,,,,,,,,,,,,,,,,,,,,
719.0,Chespin,Grass,,['Overgrow'],['Bulletproof'],VI,56.0,61.0,65.0,48.0,45.0,38.0,313.0,9.0,0.4,0.875,Spiny Nut Pokémon,45.0,20.0,['Field'],"Medium Slow
",70.0,0.0,0.0,0.0,0.0,1.0,3.0,No Preevolution,1.0,1.0,2.0,2.0,0.5,1.0,2.0,1.0,1.0,2.0,0.5,0.5,0.5,1.0,2.0,1.0,1.0,1.0
720.0,Quilladin,Grass,,['Overgrow'],['Bulletproof'],VI,61.0,78.0,95.0,56.0,58.0,57.0,405.0,29.0,0.7,0.875,Spiny Armor Pokémon,45.0,20.0,['Field'],"Medium Slow
",70.0,0.0,0.0,0.0,0.0,2.0,3.0,Chespin,1.0,1.0,2.0,2.0,0.5,1.0,2.0,1.0,1.0,2.0,0.5,0.5,0.5,1.0,2.0,1.0,1.0,1.0
721.0,Chesnaught,Grass,Fighting,['Overgrow'],['Bulletproof'],VI,88.0,107.0,122.0,74.0,75.0,64.0,530.0,90.0,1.6,0.875,Spiny Armor Pokémon,45.0,20.0,['Field'],"Medium Slow
",70.0,0.0,0.0,0.0,0.0,3.0,3.0,Quilladin,1.0,1.0,4.0,2.0,0.5,0.5,1.0,1.0,1.0,2.0,0.5,0.5,0.5,2.0,2.0,1.0,0.5,2.0
722.0,Fennekin,Fire,,['Blaze'],['Magician'],VI,40.0,45.0,40.0,62.0,60.0,60.0,307.0,9.4,0.4,0.875,Fox Pokémon,45.0,20.0,['Field'],"Medium Slow
",70.0,0.0,0.0,0.0,0.0,1.0,3.0,No Preevolution,1.0,1.0,1.0,1.0,2.0,2.0,0.5,1.0,0.5,0.5,2.0,0.5,1.0,1.0,0.5,1.0,1.0,0.5
723.0,Braixen,Fire,,['Blaze'],['Magician'],VI,59.0,59.0,58.0,90.0,70.0,73.0,409.0,14.5,1.0,0.875,Fox Pokémon,45.0,20.0,['Field'],"Medium Slow
",70.0,0.0,0.0,0.0,0.0,2.0,3.0,Fennekin,1.0,1.0,1.0,1.0,2.0,2.0,0.5,1.0,0.5,0.5,2.0,0.5,1.0,1.0,0.5,1.0,1.0,0.5
724.0,Delphox,Fire,Psychic,['Blaze'],['Magician'],VI,75.0,69.0,72.0,114.0,100.0,104.0,534.0,39.0,1.5,0.875,Fox Pokémon,45.0,20.0,['Field'],"Medium Slow
",70.0,0.0,0.0,0.0,0.0,3.0,3.0,Braixen,1.0,0.5,1.0,1.0,2.0,2.0,1.0,2.0,0.5,0.5,2.0,0.5,1.0,0.5,0.5,1.0,2.0,0.5
725.0,Froakie,Water,,['Torrent'],['Protean'],VI,41.0,56.0,40.0,62.0,44.0,71.0,314.0,7.0,0.3,0.875,Bubble Frog Pokémon,45.0,20.0,['Water 1'],"Medium Slow
",70.0,0.0,0.0,0.0,0.0,1.0,3.0,No Preevolution,1.0,1.0,1.0,1.0,1.0,1.0,1.0,1.0,0.5,0.5,0.5,2.0,2.0,1.0,0.5,1.0,1.0,1.0
726.0,Frogadier,Water,,['Torrent'],['Protean'],VI,54.0,63.0,52.0,83.0,56.0,97.0,405.0,10.9,0.6,0.875,Bubble Frog Pokémon,45.0,20.0,['Water 1'],"Medium Slow
",70.0,0.0,0.0,0.0,0.0,2.0,3.0,Froakie,1.0,1.0,1.0,1.0,1.0,1.0,1.0,1.0,0.5,0.5,0.5,2.0,2.0,1.0,0.5,1.0,1.0,1.0
727.0,Greninja,Water,Dark,['Torrent'],['Protean'],VI,72.0,95.0,67.0,103.0,71.0,122.0,640.0,40.0,1.5,0.875,Ninja Pokémon,45.0,20.0,['Water 1'],"Medium Slow
",70.0,0.0,0.0,0.0,0.0,3.0,3.0,Frogadier,1.0,2.0,1.0,1.0,1.0,1.0,2.0,0.5,0.5,0.5,0.5,2.0,2.0,0.0,0.5,1.0,0.5,2.0
728.0,Bunnelby,Normal,,"['Pickup', 'Cheek Pouch']",['Huge Power'],VI,38.0,36.0,38.0,32.0,36.0,57.0,237.0,5.0,0.4,0.5,Digging Pokémon,255.0,15.0,['Field'],"Medium Fast
",70.0,0.0,0.0,0.0,0.0,1.0,2.0,No Preevolution,1.0,2.0,1.0,1.0,1.0,1.0,1.0,0.0,1.0,1.0,1.0,1.0,1.0,1.0,1.0,1.0,1.0,1.0
729.0,Diggersby,Normal,Ground,"['Pickup', 'Cheek Pouch']",['Huge Power'],VI,85.0,56.0,77.0,50.0,77.0,78.0,423.0,42.4,1.0,0.5,Digging Pokémon,127.0,15.0,['Field'],"Medium Fast
",70.0,0.0,0.0,0.0,0.0,2.0,2.0,Bunnelby,1.0,2.0,1.0,0.5,1.0,0.5,1.0,0.0,1.0,1.0,2.0,2.0,0.0,1.0,2.0,1.0,1.0,1.0
730.0,Fletchling,Normal,Flying,['Big Pecks'],['Gale Wings'],VI,45.0,50.0,43.0,40.0,38.0,62.0,278.0,1.7,0.3,0.5,Tiny Robin Pokémon,255.0,15.0,['Flying'],"Medium Slow
",70.0,0.0,0.0,0.0,0.0,1.0,3.0,No Preevolution,1.0,1.0,1.0,1.0,0.0,2.0,0.5,0.0,1.0,1.0,1.0,0.5,2.0,1.0,2.0,1.0,1.0,1.0
731.0,Fletchinder,Fire,Flying,['Flame Body'],['Gale Wings'],VI,62.0,73.0,55.0,56.0,52.0,84.0,382.0,16.0,0.7,0.5,Ember Pokémon,120.0,15.0,['Flying'],"Medium Slow
",70.0,0.0,0.0,0.0,0.0,2.0,3.0,Fletchling,1.0,0.5,1.0,1.0,0.0,4.0,0.25,1.0,0.5,0.5,2.0,0.25,2.0,1.0,1.0,1.0,1.0,0.5
732.0,Talonflame,Fire,Flying,['Flame Body'],['Gale Wings'],VI,78.0,81.0,71.0,74.0,69.0,126.0,499.0,24.5,1.2,0.5,Scorching Pokémon,45.0,15.0,['Flying'],"Medium Slow
",70.0,0.0,0.0,0.0,0.0,3.0,3.0,Fletchinder,1.0,0.5,1.0,1.0,0.0,4.0,0.25,1.0,0.5,0.5,2.0,0.25,2.0,1.0,1.0,1.0,1.0,0.5
733.0,Scatterbug,Bug,,"['Shield Dust', 'Compound Eyes']",['Friend Guard'],VI,38.0,35.0,40.0,27.0,25.0,35.0,200.0,2.5,0.3,0.5,Scatterdust Pokémon,255.0,15.0,['Bug'],"Medium Fast
",70.0,0.0,0.0,0.0,0.0,1.0,3.0,No Preevolution,1.0,0.5,2.0,1.0,0.5,2.0,1.0,1.0,1.0,2.0,1.0,0.5,1.0,1.0,1.0,1.0,1.0,1.0
734.0,Spewpa,Bug,,['Shed Skin'],['Friend Guard'],VI,45.0,22.0,60.0,27.0,30.0,29.0,213.0,8.4,0.3,0.5,Scatterdust Pokémon,120.0,15.0,['Bug'],"Medium Fast
",70.0,0.0,0.0,0.0,0.0,2.0,3.0,Scatterbug,1.0,0.5,2.0,1.0,0.5,2.0,1.0,1.0,1.0,2.0,1.0,0.5,1.0,1.0,1.0,1.0,1.0,1.0
735.0,Vivillon,Bug,Flying,,,,,,,,,,,,,,,,,,,,,,,,,,,,,,,,,,,,,,,,,,,,
736.0,Litleo,Fire,Normal,"['Rivalry', 'Unnerve']",['Moxie'],VI,62.0,50.0,58.0,73.0,54.0,72.0,369.0,13.5,0.6,0.125,Lion Cub Pokémon,220.0,20.0,['Field'],"Medium Slow
",70.0,0.0,0.0,0.0,0.0,1.0,2.0,No Preevolution,1.0,2.0,1.0,1.0,2.0,2.0,0.5,0.0,0.5,0.5,2.0,0.5,1.0,1.0,0.5,1.0,1.0,0.5
737.0,Pyroar,Fire,Normal,"['Rivalry', 'Unnerve']",['Moxie'],VI,86.0,68.0,72.0,109.0,66.0,106.0,507.0,81.5,1.5,0.125,Royal Pokémon,65.0,20.0,['Field'],"Medium Slow
",70.0,0.0,0.0,0.0,0.0,2.0,2.0,Litleo,1.0,2.0,1.0,1.0,2.0,2.0,0.5,0.0,0.5,0.5,2.0,0.5,1.0,1.0,0.5,1.0,1.0,0.5
738.0,Flabébé,Fairy,,,,,,,,,,,,,,,,,,,,,,,,,,,,,,,,,,,,,,,,,,,,,
739.0,Floette,Fairy,,,,,,,,,,,,,,,,,,,,,,,,,,,,,,,,,,,,,,,,,,,,,
740.0,Florges,Fairy,,,,,,,,,,,,,,,,,,,,,,,,,,,,,,,,,,,,,,,,,,,,,
741.0,Skiddo,Grass,,['Sap Sipper'],['Grass Pelt'],VI,66.0,65.0,48.0,62.0,57.0,52.0,350.0,31.0,0.9,0.5,Mount Pokémon,200.0,20.0,['Field'],"Medium Fast
",70.0,0.0,0.0,0.0,0.0,1.0,2.0,No Preevolution,1.0,1.0,2.0,2.0,0.5,1.0,2.0,1.0,1.0,2.0,0.5,0.5,0.5,1.0,2.0,1.0,1.0,1.0
742.0,Gogoat,Grass,,['Sap Sipper'],['Grass Pelt'],VI,123.0,100.0,62.0,97.0,81.0,68.0,531.0,91.0,1.7,0.5,Mount Pokémon,45.0,20.0,['Field'],"Medium Fast
",70.0,0.0,0.0,0.0,0.0,2.0,2.0,Skiddo,1.0,1.0,2.0,2.0,0.5,1.0,2.0,1.0,1.0,2.0,0.5,0.5,0.5,1.0,2.0,1.0,1.0,1.0
743.0,Pancham,Fighting,,"['Iron Fist', 'Mold Breaker']",['Scrappy'],VI,67.0,82.0,62.0,46.0,48.0,43.0,348.0,8.0,0.6,0.5,Playful Pokémon,220.0,25.0,['Field' 'Human-Like'],"Medium Fast
",70.0,0.0,0.0,0.0,0.0,1.0,2.0,No Preevolution,1.0,1.0,2.0,1.0,1.0,0.5,0.5,1.0,1.0,1.0,1.0,1.0,1.0,2.0,1.0,1.0,0.5,2.0
744.0,Pangoro,Fighting,Dark,"['Iron Fist', 'Mold Breaker']",['Scrappy'],VI,95.0,124.0,78.0,69.0,71.0,58.0,495.0,136.0,2.1,0.5,Daunting Pokémon,65.0,25.0,['Field' 'Human-Like'],"Medium Fast
",70.0,0.0,0.0,0.0,0.0,2.0,2.0,Pancham,1.0,2.0,2.0,1.0,1.0,0.5,1.0,0.5,1.0,1.0,1.0,1.0,1.0,0.0,1.0,1.0,0.25,4.0
745.0,Furfrou,Normal,,,,,,,,,,,,,,,,,,,,,,,,,,,,,,,,,,,,,,,,,,,,,
746.0,Espurr,Psychic,,"['Keen Eye', 'Infiltrator']",['Own Tempo'],VI,62.0,48.0,54.0,63.0,60.0,68.0,355.0,3.5,0.3,0.5,Restraint Pokémon,190.0,20.0,['Field'],"Medium Fast
",70.0,0.0,0.0,0.0,0.0,1.0,2.0,No Preevolution,1.0,0.5,1.0,1.0,1.0,1.0,2.0,2.0,1.0,1.0,1.0,1.0,1.0,0.5,1.0,1.0,2.0,1.0
747.0,Meowstic Male,Psychic,,"['Keen Eye', 'Infiltrator']",[],VI,74.0,48.0,76.0,83.0,81.0,104.0,466.0,8.5,0.6,0.5,Constraint Pokémon,75.0,20.0,['Field'],"Medium Fast
",70.0,0.0,0.0,0.0,0.0,2.0,2.0,Espurr,1.0,0.5,1.0,1.0,1.0,1.0,2.0,2.0,1.0,1.0,1.0,1.0,1.0,0.5,1.0,1.0,2.0,1.0
748.0,Meowstic Female,Psychic,,"['Keen Eye', 'Infiltrator']",[],VI,74.0,48.0,76.0,83.0,81.0,104.0,466.0,8.5,0.6,0.5,Constraint Pokémon,75.0,20.0,['Field'],"Medium Fast
",70.0,0.0,0.0,0.0,0.0,2.0,2.0,Espurr,1.0,0.5,1.0,1.0,1.0,1.0,2.0,2.0,1.0,1.0,1.0,1.0,1.0,0.5,1.0,1.0,2.0,1.0
749.0,Honedge,Steel,Ghost,['No Guard'],[],VI,45.0,80.0,100.0,35.0,37.0,28.0,325.0,2.0,0.8,0.5,Sword Pokémon,180.0,20.0,['Mineral'],"Medium Fast
",70.0,0.0,0.0,0.0,0.0,1.0,3.0,No Preevolution,0.0,0.0,0.5,0.0,2.0,0.5,0.25,2.0,0.5,2.0,1.0,0.5,1.0,0.5,0.5,0.5,2.0,0.5
750.0,Doublade,Steel,Ghost,['No Guard'],[],VI,59.0,110.0,150.0,45.0,49.0,35.0,448.0,4.5,0.8,0.5,Sword Pokémon,90.0,20.0,['Mineral'],"Medium Fast
",70.0,0.0,0.0,0.0,0.0,2.0,3.0,Honedge,0.0,0.0,0.5,0.0,2.0,0.5,0.25,2.0,0.5,2.0,1.0,0.5,1.0,0.5,0.5,0.5,2.0,0.5
751.0,Aegislash Blade Forme,Steel,Ghost,['Stance Change'],[],VI,60.0,140.0,50.0,140.0,50.0,60.0,500.0,53.0,1.7,0.5,Royal Sword Pokémon,45.0,20.0,['Mineral'],"Medium Fast
",70.0,0.0,0.0,0.0,0.0,3.0,3.0,Doublade,0.0,0.0,0.5,0.0,2.0,0.5,0.25,2.0,0.5,2.0,1.0,0.5,1.0,0.5,0.5,0.5,2.0,0.5
752.0,Aegislash Shield Forme,Steel,Ghost,['Stance Change'],[],VI,60.0,50.0,140.0,50.0,140.0,60.0,500.0,53.0,1.7,0.5,Royal Sword Pokémon,45.0,20.0,['Mineral'],"Medium Fast
",70.0,0.0,0.0,0.0,0.0,3.0,3.0,Doublade,0.0,0.0,0.5,0.0,2.0,0.5,0.25,2.0,0.5,2.0,1.0,0.5,1.0,0.5,0.5,0.5,2.0,0.5
753.0,Spritzee,Fairy,,['Healer'],['Aroma Veil'],VI,78.0,52.0,60.0,63.0,65.0,23.0,341.0,0.5,0.2,0.5,Perfume Pokémon,200.0,20.0,['Fairy'],"Medium Fast
",70.0,0.0,0.0,0.0,0.0,1.0,2.0,No Preevolution,1.0,0.5,1.0,2.0,1.0,1.0,0.5,1.0,2.0,1.0,1.0,1.0,1.0,1.0,1.0,0.0,0.5,1.0
754.0,Aromatisse,Fairy,,['Healer'],['Aroma Veil'],VI,101.0,72.0,72.0,99.0,89.0,29.0,462.0,15.5,0.8,0.5,Fragrance Pokémon,140.0,20.0,['Fairy'],"Medium Fast
",70.0,0.0,0.0,0.0,0.0,2.0,2.0,Spritzee,1.0,0.5,1.0,2.0,1.0,1.0,0.5,1.0,2.0,1.0,1.0,1.0,1.0,1.0,1.0,0.0,0.5,1.0
755.0,Swirlix,Fairy,,['Sweet Veil'],['Unburden'],VI,62.0,48.0,66.0,59.0,57.0,49.0,341.0,3.5,0.4,0.5,Cotton Candy Pokémon,200.0,20.0,['Fairy'],"Medium Fast
",70.0,0.0,0.0,0.0,0.0,1.0,2.0,No Preevolution,1.0,0.5,1.0,2.0,1.0,1.0,0.5,1.0,2.0,1.0,1.0,1.0,1.0,1.0,1.0,0.0,0.5,1.0
756.0,Slurpuff,Fairy,,['Sweet Veil'],['Unburden'],VI,82.0,80.0,86.0,85.0,75.0,72.0,480.0,5.0,0.8,0.5,Meringue Pokémon,140.0,20.0,['Fairy'],"Medium Fast
",70.0,0.0,0.0,0.0,0.0,2.0,2.0,Swirlix,1.0,0.5,1.0,2.0,1.0,1.0,0.5,1.0,2.0,1.0,1.0,1.0,1.0,1.0,1.0,0.0,0.5,1.0
757.0,Inkay,Dark,Psychic,"['Contrary', 'Suction Cups']",['Infiltrator'],VI,53.0,54.0,53.0,37.0,46.0,45.0,288.0,3.5,0.4,0.5,Revolving Pokémon,190.0,20.0,['Water 1' 'Water 2'],"Medium Fast
",70.0,0.0,0.0,0.0,0.0,1.0,2.0,No Preevolution,1.0,1.0,1.0,1.0,1.0,1.0,4.0,1.0,1.0,1.0,1.0,1.0,1.0,0.0,1.0,1.0,1.0,2.0
758.0,Malamar,Dark,Psychic,"['Contrary', 'Suction Cups']",['Infiltrator'],VI,86.0,92.0,88.0,68.0,75.0,73.0,482.0,47.0,1.5,0.5,Overturning Pokémon,80.0,20.0,['Water 1' 'Water 2'],"Medium Fast
",70.0,0.0,0.0,0.0,0.0,2.0,2.0,Inkay,1.0,1.0,1.0,1.0,1.0,1.0,4.0,1.0,1.0,1.0,1.0,1.0,1.0,0.0,1.0,1.0,1.0,2.0
759.0,Binacle,Rock,Water,"['Tough Claws', 'Sniper']",['Pickpocket'],VI,42.0,52.0,67.0,39.0,56.0,50.0,306.0,31.0,0.5,0.5,Two-Handed Pokémon,120.0,20.0,['Water 3'],"Medium Fast
",70.0,0.0,0.0,0.0,0.0,1.0,2.0,No Preevolution,0.5,2.0,0.5,0.5,2.0,1.0,1.0,1.0,1.0,0.25,1.0,4.0,2.0,1.0,0.5,1.0,1.0,1.0
760.0,Barbaracle,Rock,Water,"['Tough Claws', 'Sniper']",['Pickpocket'],VI,72.0,105.0,115.0,54.0,86.0,68.0,500.0,96.0,1.3,0.5,Collective Pokémon,45.0,20.0,['Water 3'],"Medium Fast
",70.0,0.0,0.0,0.0,0.0,2.0,2.0,Binacle,0.5,2.0,0.5,0.5,2.0,1.0,1.0,1.0,1.0,0.25,1.0,4.0,2.0,1.0,0.5,1.0,1.0,1.0
761.0,Skrelp,Poison,Water,"['Poison Point', 'Poison Touch']",['Adaptability'],VI,50.0,60.0,60.0,60.0,60.0,30.0,320.0,7.3,0.5,0.5,Mock Kelp Pokémon,225.0,20.0,['Water 1' 'Dragon'],"Medium Fast
",70.0,0.0,0.0,0.0,0.0,1.0,2.0,No Preevolution,1.0,0.5,1.0,0.5,2.0,1.0,0.5,1.0,0.5,0.5,0.5,1.0,2.0,2.0,0.5,1.0,1.0,0.5
762.0,Dragalge,Poison,Dragon,"['Poison Point', 'Poison Touch']",['Adaptability'],VI,65.0,75.0,90.0,97.0,123.0,44.0,494.0,81.5,1.8,0.5,Mock Kelp Pokémon,55.0,20.0,['Water 1' 'Dragon'],"Medium Fast
",70.0,0.0,0.0,0.0,0.0,2.0,2.0,Skrelp,1.0,0.5,1.0,0.5,2.0,1.0,0.5,1.0,1.0,0.5,0.5,0.25,0.5,2.0,2.0,2.0,1.0,1.0
763.0,Clauncher,Water,,['Mega Launcher'],[],VI,50.0,53.0,62.0,58.0,63.0,44.0,330.0,8.3,0.5,0.5,Water Gun Pokémon,225.0,15.0,['Water 1' 'Water 3'],"Slow
",70.0,0.0,0.0,0.0,0.0,1.0,2.0,No Preevolution,1.0,1.0,1.0,1.0,1.0,1.0,1.0,1.0,0.5,0.5,0.5,2.0,2.0,1.0,0.5,1.0,1.0,1.0
764.0,Clawitzer,Water,,['Mega Launcher'],[],VI,71.0,73.0,88.0,120.0,89.0,59.0,500.0,35.3,1.3,0.5,Howitzer Pokémon,55.0,15.0,['Water 1' 'Water 3'],"Slow
",70.0,0.0,0.0,0.0,0.0,2.0,2.0,Clauncher,1.0,1.0,1.0,1.0,1.0,1.0,1.0,1.0,0.5,0.5,0.5,2.0,2.0,1.0,0.5,1.0,1.0,1.0
765.0,Helioptile,Electric,Normal,"['Dry Skin', 'Sand Veil']",['Solar Power'],VI,44.0,38.0,33.0,61.0,43.0,70.0,289.0,6.0,0.5,0.5,Generator Pokémon,190.0,20.0,['Monster' 'Dragon'],"Medium Fast
",70.0,0.0,0.0,0.0,0.0,1.0,2.0,No Preevolution,1.0,2.0,0.5,1.0,2.0,1.0,1.0,0.0,0.5,1.0,1.0,1.0,0.5,1.0,1.0,1.0,1.0,1.0
766.0,Heliolisk,Electric,Normal,"['Dry Skin', 'Sand Veil']",['Solar Power'],VI,62.0,55.0,52.0,109.0,94.0,109.0,481.0,21.0,1.0,0.5,Generator Pokémon,75.0,20.0,['Monster' 'Dragon'],"Medium Fast
",70.0,0.0,0.0,0.0,0.0,2.0,2.0,Helioptile,1.0,2.0,0.5,1.0,2.0,1.0,1.0,0.0,0.5,1.0,1.0,1.0,0.5,1.0,1.0,1.0,1.0,1.0
767.0,Tyrunt,Rock,Dragon,['Strong Jaw'],['Sturdy'],VI,58.0,89.0,77.0,45.0,45.0,48.0,362.0,26.0,0.8,0.875,Royal Heir Pokémon,45.0,30.0,['Monster' 'Dragon'],"Medium Fast
",70.0,0.0,0.0,0.0,0.0,1.0,2.0,No Preevolution,0.5,2.0,0.5,0.5,2.0,1.0,1.0,1.0,2.0,0.25,1.0,1.0,0.5,1.0,2.0,2.0,1.0,2.0
768.0,Tyrantrum,Rock,Dragon,['Strong Jaw'],['Rock Head'],VI,82.0,121.0,119.0,69.0,59.0,71.0,521.0,270.0,2.5,0.875,Despot Pokémon,45.0,30.0,['Monster' 'Dragon'],"Medium Fast
",70.0,0.0,0.0,0.0,0.0,2.0,2.0,Tyrunt,0.5,2.0,0.5,0.5,2.0,1.0,1.0,1.0,2.0,0.25,1.0,1.0,0.5,1.0,2.0,2.0,1.0,2.0
769.0,Amaura,Rock,Ice,['Refrigerate'],['Snow Warning'],VI,77.0,59.0,50.0,67.0,63.0,46.0,362.0,25.2,1.3,0.875,Tundra Pokémon,45.0,30.0,['Monster'],"Medium Fast
",70.0,0.0,0.0,0.0,0.0,1.0,2.0,No Preevolution,0.5,4.0,0.5,0.5,2.0,2.0,1.0,1.0,4.0,1.0,2.0,2.0,1.0,1.0,0.5,1.0,1.0,1.0
770.0,Aurorus,Rock,Ice,['Refrigerate'],['Snow Warning'],VI,123.0,77.0,72.0,99.0,92.0,58.0,521.0,225.0,2.7,0.875,Tundra Pokémon,45.0,30.0,['Monster'],"Medium Fast
",70.0,0.0,0.0,0.0,0.0,2.0,2.0,Amaura,0.5,4.0,0.5,0.5,2.0,2.0,1.0,1.0,4.0,1.0,2.0,2.0,1.0,1.0,0.5,1.0,1.0,1.0
771.0,Sylveon,Fairy,,['Cute Charm'],['Pixilate'],VI,95.0,65.0,65.0,110.0,130.0,60.0,525.0,23.5,1.0,0.875,Intertwining Pokémon,45.0,35.0,['Field'],"Medium Fast
",70.0,0.0,0.0,0.0,0.0,2.0,2.0,Eevee,1.0,0.5,1.0,2.0,1.0,1.0,0.5,1.0,2.0,1.0,1.0,1.0,1.0,1.0,1.0,0.0,0.5,1.0
772.0,Hawlucha,Fighting,Flying,"['Limber', 'Unburden']",['Mold Breaker'],VI,78.0,92.0,75.0,74.0,63.0,118.0,500.0,21.5,0.8,0.5,Wrestling Pokémon,100.0,20.0,['Flying' 'Human-Like'],"Medium Fast
",70.0,0.0,0.0,0.0,0.0,1.0,1.0,No Preevolution,1.0,0.5,2.0,1.0,0.0,1.0,0.25,1.0,1.0,1.0,1.0,0.5,2.0,2.0,2.0,1.0,0.5,2.0
773.0,Dedenne,Electric,Fairy,"['Cheek Pouch', 'Pickup']",['Plus'],VI,67.0,58.0,57.0,81.0,67.0,101.0,431.0,2.2,0.2,0.5,Antenna Pokémon,180.0,20.0,['Field' 'Fairy'],"Medium Fast
",70.0,0.0,0.0,0.0,0.0,1.0,1.0,No Preevolution,1.0,0.5,0.5,2.0,2.0,1.0,0.5,1.0,1.0,1.0,1.0,1.0,0.5,1.0,1.0,0.0,0.5,1.0
774.0,Carbink,Rock,Fairy,['Clear Body'],['Sturdy'],VI,50.0,50.0,150.0,50.0,150.0,50.0,500.0,5.7,0.3,-,Jewel Pokémon,60.0,25.0,['Fairy' 'Mineral'],"Slow
",70.0,0.0,0.0,0.0,0.0,1.0,1.0,No Preevolution,0.5,1.0,0.5,1.0,2.0,1.0,0.5,1.0,4.0,0.5,2.0,2.0,1.0,1.0,1.0,0.0,0.5,1.0
775.0,Goomy,Dragon,,"['Sap Sipper', 'Hydration']",['Gooey'],VI,45.0,50.0,35.0,55.0,75.0,40.0,300.0,2.8,0.3,0.5,Soft Tissue Pokémon,45.0,40.0,['Dragon'],"Slow
",35.0,0.0,0.0,0.0,0.0,1.0,3.0,No Preevolution,1.0,1.0,1.0,1.0,1.0,1.0,1.0,1.0,1.0,0.5,0.5,0.5,0.5,1.0,2.0,2.0,1.0,2.0
776.0,Sliggoo,Dragon,,"['Sap Sipper', 'Hydration']",['Gooey'],VI,68.0,75.0,53.0,83.0,113.0,60.0,452.0,17.5,0.8,0.5,Soft Tissue Pokémon,45.0,40.0,['Dragon'],"Slow
",35.0,0.0,0.0,0.0,0.0,2.0,3.0,Goomy,1.0,1.0,1.0,1.0,1.0,1.0,1.0,1.0,1.0,0.5,0.5,0.5,0.5,1.0,2.0,2.0,1.0,2.0
777.0,Goodra,Dragon,,"['Sap Sipper', 'Hydration']",['Gooey'],VI,90.0,100.0,70.0,110.0,150.0,80.0,600.0,150.5,2.0,0.5,Dragon Pokémon,45.0,40.0,['Dragon'],"Slow
",35.0,0.0,0.0,0.0,0.0,3.0,3.0,Sliggoo,1.0,1.0,1.0,1.0,1.0,1.0,1.0,1.0,1.0,0.5,0.5,0.5,0.5,1.0,2.0,2.0,1.0,2.0
778.0,Klefki,Steel,Fairy,['Prankster'],['Magician'],VI,57.0,80.0,91.0,80.0,87.0,75.0,470.0,3.0,0.2,0.5,Key Ring Pokémon,75.0,20.0,['Mineral'],"Fast
",70.0,0.0,0.0,0.0,0.0,1.0,1.0,No Preevolution,0.5,1.0,0.5,0.0,2.0,0.5,0.25,1.0,1.0,2.0,1.0,0.5,1.0,0.5,0.5,0.0,0.5,0.5
779.0,Phantump,Ghost,Grass,"['Natural Cure', 'Frisk']",['Harvest'],VI,43.0,70.0,48.0,50.0,60.0,38.0,309.0,7.0,0.4,0.5,Stump Pokémon,120.0,20.0,['Grass' 'Amorphous'],"Medium Fast
",70.0,0.0,0.0,0.0,0.0,1.0,2.0,No Preevolution,0.0,0.0,2.0,1.0,0.5,1.0,1.0,2.0,1.0,2.0,0.5,0.5,0.5,1.0,2.0,1.0,2.0,1.0
780.0,Trevenant,Ghost,Grass,"['Natural Cure', 'Frisk']",['Harvest'],VI,85.0,110.0,76.0,65.0,82.0,56.0,474.0,71.0,1.5,0.5,Elder Tree Pokémon,60.0,20.0,['Grass' 'Amorphous'],"Medium Fast
",70.0,0.0,0.0,0.0,0.0,2.0,2.0,Phantump,0.0,0.0,2.0,1.0,0.5,1.0,1.0,2.0,1.0,2.0,0.5,0.5,0.5,1.0,2.0,1.0,2.0,1.0
781.0,Pumpkaboo Average Size,Ghost,Grass,,,,,,,,,,,,,,,,,,,,,,,,,,,,,,,,,,,,,,,,,,,,
782.0,Pumpkaboo Small Size,Ghost,Grass,,,,,,,,,,,,,,,,,,,,,,,,,,,,,,,,,,,,,,,,,,,,
783.0,Pumpkaboo Large Size,Ghost,Grass,,,,,,,,,,,,,,,,,,,,,,,,,,,,,,,,,,,,,,,,,,,,
784.0,Pumpkaboo Super Size,Ghost,Grass,,,,,,,,,,,,,,,,,,,,,,,,,,,,,,,,,,,,,,,,,,,,
785.0,Gourgeist Average Size,Ghost,Grass,,,,,,,,,,,,,,,,,,,,,,,,,,,,,,,,,,,,,,,,,,,,
786.0,Gourgeist Small Size,Ghost,Grass,,,,,,,,,,,,,,,,,,,,,,,,,,,,,,,,,,,,,,,,,,,,
787.0,Gourgeist Large Size,Ghost,Grass,,,,,,,,,,,,,,,,,,,,,,,,,,,,,,,,,,,,,,,,,,,,
788.0,Gourgeist Super Size,Ghost,Grass,,,,,,,,,,,,,,,,,,,,,,,,,,,,,,,,,,,,,,,,,,,,
789.0,Bergmite,Ice,,"['Own Tempo', 'Ice Body']",['Sturdy'],VI,55.0,69.0,85.0,32.0,35.0,28.0,304.0,99.5,1.0,0.5,Ice Chunk Pokémon,190.0,20.0,['Monster' 'Mineral'],"Medium Fast
",70.0,0.0,0.0,0.0,0.0,1.0,2.0,No Preevolution,1.0,2.0,1.0,1.0,1.0,2.0,1.0,1.0,2.0,2.0,1.0,1.0,1.0,1.0,0.5,1.0,1.0,1.0
790.0,Avalugg,Ice,,"['Own Tempo', 'Ice Body']",['Sturdy'],VI,95.0,117.0,184.0,44.0,46.0,28.0,514.0,505.0,2.0,0.5,Iceberg Pokémon,55.0,20.0,['Monster' 'Mineral'],"Medium Fast
",70.0,0.0,0.0,0.0,0.0,2.0,2.0,Bergmite,1.0,2.0,1.0,1.0,1.0,2.0,1.0,1.0,2.0,2.0,1.0,1.0,1.0,1.0,0.5,1.0,1.0,1.0
791.0,Noibat,Flying,Dragon,"['Frisk', 'Infiltrator']",['Telepathy'],VI,40.0,30.0,35.0,45.0,40.0,55.0,245.0,8.0,0.5,0.5,Sound Wave Pokémon,190.0,20.0,['Flying' 'Dragon'],"Medium Fast
",70.0,0.0,0.0,0.0,0.0,1.0,2.0,No Preevolution,1.0,0.5,1.0,1.0,0.0,2.0,0.5,1.0,1.0,0.5,0.5,0.25,1.0,1.0,4.0,2.0,1.0,2.0
792.0,Noivern,Flying,Dragon,"['Frisk', 'Infiltrator']",['Telepathy'],VI,85.0,70.0,80.0,97.0,80.0,123.0,535.0,85.0,1.5,0.5,Sound Wave Pokémon,45.0,20.0,['Flying' 'Dragon'],"Medium Fast
",70.0,0.0,0.0,0.0,0.0,2.0,2.0,Noibat,1.0,0.5,1.0,1.0,0.0,2.0,0.5,1.0,1.0,0.5,0.5,0.25,1.0,1.0,4.0,2.0,1.0,2.0
793.0,Xerneas,Fairy,,,,,,,,,,,,,,,,,,,,,,,,,,,,,,,,,,,,,,,,,,,,,
794.0,Yveltal,Dark,Flying,['Dark Aura'],[],VI,126.0,131.0,95.0,131.0,98.0,99.0,680.0,203.0,5.8,-,Destruction Pokémon,45.0,120.0,-,"Slow
",0.0,1.0,0.0,0.0,0.0,1.0,1.0,No Preevolution,1.0,1.0,1.0,1.0,0.0,2.0,1.0,0.5,1.0,1.0,1.0,0.5,2.0,0.0,2.0,1.0,0.5,2.0
795.0,Zygarde Half Forme,Dragon,Ground,,,,,,,,,,,,,,,,,,,,,,,,,,,,,,,,,,,,,,,,,,,,
796.0,Diancie,Rock,Fairy,['Clear Body'],[],VI,50.0,100.0,150.0,100.0,150.0,50.0,700.0,8.8,0.7,-,Jewel Pokémon,3.0,25.0,-,"Slow
",70.0,0.0,1.0,0.0,1.0,1.0,1.0,No Preevolution,0.5,1.0,0.5,1.0,2.0,1.0,0.5,1.0,4.0,0.5,2.0,2.0,1.0,1.0,1.0,0.0,0.5,1.0
797.0,Mega Diancie,Rock,Fairy,,,,,,,,,,,,,,,,,,,,,,,,,,,,,,,,,,,,,,,,,,,,
798.0,Hoopa Confined,Psychic,Ghost,['Magician'],[],VI,80.0,110.0,60.0,150.0,130.0,70.0,680.0,9.0,0.5,-,Mischief Pokémon,3.0,120.0,-,"Slow
",100.0,0.0,1.0,0.0,0.0,1.0,1.0,No Preevolution,0.0,0.0,1.0,0.5,1.0,1.0,1.0,4.0,1.0,1.0,1.0,1.0,1.0,0.5,1.0,1.0,4.0,1.0
799.0,Hoopa Unbound,Psychic,Dark,['Magician'],[],VI,80.0,160.0,60.0,170.0,130.0,80.0,680.0,9.0,0.5,-,Mischief Pokémon,3.0,120.0,-,"Slow
",100.0,0.0,1.0,0.0,0.0,1.0,1.0,No Preevolution,1.0,1.0,1.0,1.0,1.0,1.0,4.0,1.0,1.0,1.0,1.0,1.0,1.0,0.0,1.0,1.0,1.0,2.0
800.0,Volcanion,Fire,Water,['Water Absorb'],[],VI,80.0,110.0,120.0,130.0,90.0,70.0,600.0,195.0,1.7,-,Steam Pokémon,3.0,120.0,-,"Slow
",100.0,0.0,1.0,0.0,0.0,1.0,1.0,No Preevolution,1.0,1.0,1.0,1.0,2.0,2.0,0.5,1.0,0.25,0.25,1.0,1.0,2.0,1.0,0.25,1.0,1.0,0.5
