ID,Name,HiddenAbility,Generation,Hp,Attack,Defense,SpecialAttack,SpecialDefense,Speed,TotalStats,Weight,Height,GenderProbM,Category,CatchRate,EggCycles,LevelingRate,BaseFriendship,IsLegendary,IsMythical,HasMega,EvoStage,TotalEvoStages,PreevoName,DamageFromNormal,DamageFromFighting,DamageFromFlying,DamageFromPoison,DamageFromGround,DamageFromRock,DamageFromBug,DamageFromGhost,DamageFromSteel,DamageFromFire,DamageFromWater,DamageFromGrass,DamageFromElectric,DamageFromPsychic,DamageFromIce,DamageFromDragon,DamageFromDark,DamageFromFairy,Ability 1,Ability 2,NoGender,IsMega,FightsWon,TotalFights,WinPercentage,Type_Bug,Type_Dark,Type_Dragon,Type_Electric,Type_Fairy,Type_Fighting,Type_Fire,Type_Flying,Type_Ghost,Type_Grass,Type_Ground,Type_Ice,Type_Normal,Type_Poison,Type_Psychic,Type_Rock,Type_Steel,Type_Water,Egg_Amorphous,Egg_Bug,Egg_Ditto,Egg_Dragon,Egg_Fairy,Egg_Field,Egg_Flying,Egg_Grass,Egg_Human-Like,Egg_Mineral,Egg_Monster,Egg_No Eggs Discovered,Egg_Water 1,Egg_Water 2,Egg_Water 3,Alpha_Strike,Durability_Score,Glass_Cannon_Index,Type_Vulnerability,Insta_Kill_Risk,Tank_Bias,Versatility_Bonus,Legendary_Factor
1,Bulbasaur,Chlorophyll,1,45.0,49.0,49.0,65.0,65.0,45.0,318.0,6.9,0.7,0.875,Seed Pokémon,45,20,1059860,70,0,0,0,1,3,No Preevolution,1.0,0.5,2.0,1.0,1.0,1.0,1.0,1.0,1.0,2.0,0.5,0.25,0.5,2.0,2.0,1.0,1.0,0.5,Overgrow,None,0,0,37,133,0.278195,0,0,0,0,0,0,0,0,0,1,0,0,0,1,0,0,0,0,0,0,0.0,0,0,0,0,1,0,0,1,0,0,0,0,114.0,51.3,0.991304347826087,8.0,0,0.3584905660377358,1,0
2,Ivysaur,Chlorophyll,1,60.0,62.0,63.0,80.0,80.0,60.0,405.0,13.0,1.0,0.875,Seed Pokémon,45,20,1059860,70,0,0,0,2,3,Bulbasaur,1.0,0.5,2.0,1.0,1.0,1.0,1.0,1.0,1.0,2.0,0.5,0.25,0.5,2.0,2.0,1.0,1.0,0.5,Overgrow,None,0,0,46,121,0.380165,0,0,0,0,0,0,0,0,0,1,0,0,0,1,0,0,0,0,0,0,0.0,0,0,0,0,1,0,0,1,0,0,0,0,142.0,85.8,0.9861111111111112,8.0,0,0.3530864197530864,1,0
3,Venusaur,Chlorophyll,1,80.0,82.0,83.0,100.0,100.0,80.0,525.0,100.0,2.0,0.875,Seed Pokémon,45,20,1059860,70,0,0,1,3,3,Ivysaur,1.0,0.5,2.0,1.0,1.0,1.0,1.0,1.0,1.0,2.0,0.5,0.25,0.5,2.0,2.0,1.0,1.0,0.5,Overgrow,None,0,0,89,132,0.674242,0,0,0,0,0,0,0,0,0,1,0,0,0,1,0,0,0,0,0,0,0.0,0,0,0,0,1,0,0,1,0,0,0,0,182.0,146.4,0.9891304347826086,8.0,0,0.3485714285714286,1,1
4,Mega Venusaur,None,1,80.0,100.0,123.0,122.0,120.0,80.0,625.0,155.5,2.4,0.875,Seed Pokémon,45,20,1059860,70,0,0,1,3,3,Venusaur,1.0,0.5,2.0,1.0,1.0,1.0,1.0,1.0,1.0,1.0,0.5,0.25,0.5,2.0,1.0,1.0,1.0,0.5,Thick Fat,None,0,1,70,125,0.56,0,0,0,0,0,0,0,0,0,1,0,0,0,1,0,0,0,0,0,0,0.0,0,0,0,0,1,0,0,1,0,0,0,0,222.0,194.4,0.9098360655737705,4.0,0,0.3888,1,1
5,Charmander,Solar Power,1,39.0,52.0,43.0,60.0,50.0,65.0,309.0,8.5,0.6,0.875,Lizard Pokémon,45,20,1059860,70,0,0,0,1,3,No Preevolution,1.0,1.0,1.0,1.0,2.0,2.0,0.5,1.0,0.5,0.5,2.0,0.5,1.0,1.0,0.5,1.0,1.0,0.5,Blaze,None,0,0,55,112,0.491071,0,0,0,0,0,0,2,0,0,0,0,0,0,0,0,0,0,0,0,0,0.0,1,0,0,0,0,0,0,1,0,0,0,0,112.0,36.27,1.1914893617021276,6.0,0,0.30097087378640774,1,0
6,Charmeleon,Solar Power,1,58.0,64.0,58.0,80.0,65.0,80.0,405.0,19.0,1.1,0.875,Flame Pokémon,45,20,1059860,70,0,0,0,2,3,Charmander,1.0,1.0,1.0,1.0,2.0,2.0,0.5,1.0,0.5,0.5,2.0,0.5,1.0,1.0,0.5,1.0,1.0,0.5,Blaze,None,0,0,64,118,0.542373,0,0,0,0,0,0,2,0,0,0,0,0,0,0,0,0,0,0,0,0,0.0,1,0,0,0,0,0,0,1,0,0,0,0,144.0,71.34,1.1612903225806452,6.0,0,0.3037037037037037,1,0
7,Charizard,Solar Power,1,78.0,84.0,78.0,109.0,85.0,100.0,534.0,90.5,1.7,0.875,Flame Pokémon,45,20,1059860,70,0,0,1,3,3,Charmeleon,1.0,0.5,1.0,1.0,0.0,4.0,0.25,1.0,0.5,0.5,2.0,0.25,2.0,1.0,1.0,1.0,1.0,0.5,Blaze,None,0,0,115,133,0.864662,0,0,0,0,0,0,1,1,0,0,0,0,0,0,0,0,0,0,0,0,0.0,1,0,0,0,0,0,0,1,0,0,0,0,193.0,127.14,1.1768292682926829,8.0,1,0.3052434456928839,1,1
8,Mega Charizard X,None,1,78.0,130.0,111.0,130.0,85.0,100.0,634.0,110.5,1.7,0.875,Flame Pokémon,45,20,1059860,70,0,0,1,3,3,Charizard,1.0,1.0,1.0,1.0,2.0,2.0,0.5,1.0,0.5,0.25,1.0,0.25,0.5,1.0,1.0,2.0,1.0,1.0,Tough Claws,None,0,1,119,139,0.856115,0,0,1,0,0,0,1,0,0,0,0,0,0,0,0,0,0,0,0,0,0.0,1,0,0,0,0,0,0,1,0,0,0,0,260.0,152.88,1.3197969543147208,6.0,0,0.30914826498422715,1,1
9,Mega Charizard Y,None,1,78.0,104.0,78.0,159.0,115.0,100.0,634.0,100.5,1.7,0.875,Flame Pokémon,45,20,1059860,70,0,0,1,3,3,Charizard,1.0,0.5,1.0,1.0,0.0,4.0,0.25,1.0,0.5,0.5,2.0,0.25,2.0,1.0,1.0,1.0,1.0,0.5,Drought,None,0,1,114,135,0.844444,0,0,0,0,0,0,1,1,0,0,0,0,0,0,0,0,0,0,0,0,0.0,1,0,0,0,0,0,0,1,0,0,0,0,263.0,150.54,1.3556701030927836,8.0,1,0.30441640378548895,1,1
10,Squirtle,Rain Dish,1,44.0,48.0,65.0,50.0,64.0,43.0,314.0,9.0,0.5,0.875,Tiny Turtle Pokémon,45,20,1059860,70,0,0,0,1,3,No Preevolution,1.0,1.0,1.0,1.0,1.0,1.0,1.0,1.0,0.5,0.5,0.5,2.0,2.0,1.0,0.5,1.0,1.0,1.0,Torrent,None,0,0,19,117,0.162393,0,0,0,0,0,0,0,0,0,0,0,0,0,0,0,0,0,2,0,0,0.0,0,0,0,0,0,0,0,1,0,1,0,0,98.0,56.76,0.7538461538461538,4.0,0,0.410828025477707,1,0
11,Wartortle,Rain Dish,1,59.0,63.0,80.0,65.0,80.0,58.0,405.0,22.5,1.0,0.875,Turtle Pokémon,45,20,1059860,70,0,0,0,2,3,Squirtle,1.0,1.0,1.0,1.0,1.0,1.0,1.0,1.0,0.5,0.5,0.5,2.0,2.0,1.0,0.5,1.0,1.0,1.0,Torrent,None,0,0,59,141,0.41844,0,0,0,0,0,0,0,0,0,0,0,0,0,0,0,0,0,2,0,0,0.0,0,0,0,0,0,0,0,1,0,1,0,0,128.0,94.4,0.7950310559006211,4.0,0,0.3950617283950617,1,0
12,Blastoise,Rain Dish,1,79.0,83.0,100.0,85.0,105.0,78.0,530.0,85.5,1.6,0.875,Shellfish Pokémon,45,20,1059860,70,0,0,1,3,3,Wartortle,1.0,1.0,1.0,1.0,1.0,1.0,1.0,1.0,0.5,0.5,0.5,2.0,2.0,1.0,0.5,1.0,1.0,1.0,Torrent,None,0,0,0,0,0.0,0,0,0,0,0,0,0,0,0,0,0,0,0,0,0,0,0,2,0,0,0.0,0,0,0,0,0,0,0,1,0,1,0,0,168.0,161.95,0.8155339805825242,4.0,0,0.3867924528301887,1,1
13,Mega Blastoise,None,1,79.0,103.0,120.0,135.0,115.0,78.0,630.0,101.1,1.6,0.875,Shellfish Pokémon,45,20,1059860,70,0,0,1,3,3,Blastoise,1.0,1.0,1.0,1.0,1.0,1.0,1.0,1.0,0.5,0.5,0.5,2.0,2.0,1.0,0.5,1.0,1.0,1.0,Mega Launcher,None,0,1,83,144,0.576389,0,0,0,0,0,0,0,0,0,0,0,0,0,0,0,0,0,2,0,0,0.0,0,0,0,0,0,0,0,1,0,1,0,0,238.0,185.65,1.0084745762711864,4.0,0,0.373015873015873,1,1
14,Caterpie,Run Away,1,45.0,30.0,35.0,20.0,20.0,45.0,195.0,2.9,0.3,0.5,Worm Pokémon,255,15,1000000,70,0,0,0,1,3,No Preevolution,1.0,0.5,2.0,1.0,0.5,2.0,1.0,1.0,1.0,2.0,1.0,0.5,1.0,1.0,1.0,1.0,1.0,1.0,Shield Dust,None,0,0,17,115,0.147826,2,0,0,0,0,0,0,0,0,0,0,0,0,0,0,0,0,0,0,1,0.0,0,0,0,0,0,0,0,0,1,0,0,0,50.0,24.75,0.8928571428571429,6.0,0,0.28205128205128205,1,0
15,Metapod,None,1,50.0,20.0,55.0,25.0,25.0,30.0,205.0,9.9,0.7,0.5,Cocoon Pokémon,120,15,1000000,70,0,0,0,2,3,Caterpie,1.0,0.5,2.0,1.0,0.5,2.0,1.0,1.0,1.0,2.0,1.0,0.5,1.0,1.0,1.0,1.0,1.0,1.0,Shed Skin,None,0,0,13,133,0.097744,2,0,0,0,0,0,0,0,0,0,0,0,0,0,0,0,0,0,0,1,0.0,0,0,0,0,0,0,0,0,1,0,0,0,45.0,40.0,0.5555555555555556,6.0,0,0.3902439024390244,1,0
16,Butterfree,Tinted Lens,1,60.0,45.0,50.0,90.0,80.0,70.0,395.0,32.0,1.1,0.5,Butterfly Pokémon,45,15,1000000,70,0,0,0,3,3,Metapod,1.0,0.25,2.0,1.0,0.0,4.0,0.5,1.0,1.0,2.0,1.0,0.25,2.0,1.0,2.0,1.0,1.0,1.0,Compound Eyes,None,0,0,75,120,0.625,1,0,0,0,0,0,0,1,0,0,0,0,0,0,0,0,0,0,0,1,0.0,0,0,0,0,0,0,0,0,1,0,0,0,135.0,78.0,1.0305343511450382,12.0,1,0.3291139240506329,1,0
17,Weedle,Run Away,1,40.0,35.0,30.0,20.0,20.0,50.0,195.0,3.2,0.3,0.5,Hairy Bug Pokémon,255,15,1000000,70,0,0,0,1,3,No Preevolution,1.0,0.25,2.0,0.5,1.0,2.0,0.5,1.0,1.0,2.0,1.0,0.25,1.0,2.0,1.0,1.0,1.0,0.5,Shield Dust,None,0,0,26,111,0.234234,1,0,0,0,0,0,0,0,0,0,0,0,0,1,0,0,0,0,0,1,0.0,0,0,0,0,0,0,0,0,1,0,0,0,55.0,20.0,1.0784313725490196,8.0,0,0.2564102564102564,1,0
18,Kakuna,None,1,45.0,25.0,50.0,25.0,25.0,35.0,205.0,10.0,0.6,0.5,Cocoon Pokémon,120,15,1000000,70,0,0,0,2,3,Weedle,1.0,0.25,2.0,0.5,1.0,2.0,0.5,1.0,1.0,2.0,1.0,0.25,1.0,2.0,1.0,1.0,1.0,0.5,Shed Skin,None,0,0,17,130,0.130769,1,0,0,0,0,0,0,0,0,0,0,0,0,1,0,0,0,0,0,1,0.0,0,0,0,0,0,0,0,0,1,0,0,0,50.0,33.75,0.6578947368421053,8.0,0,0.36585365853658536,1,0
19,Beedrill,Sniper,1,65.0,90.0,40.0,45.0,80.0,75.0,395.0,29.5,1.0,0.5,Poison Bee Pokémon,45,15,1000000,70,0,0,1,3,3,Kakuna,1.0,0.25,2.0,0.5,1.0,2.0,0.5,1.0,1.0,2.0,1.0,0.25,1.0,2.0,1.0,1.0,1.0,0.5,Swarm,None,0,0,80,128,0.625,1,0,0,0,0,0,0,0,0,0,0,0,0,1,0,0,0,0,0,1,0.0,0,0,0,0,0,0,0,0,1,0,0,0,135.0,78.0,1.115702479338843,8.0,0,0.3037974683544304,1,1
20,Mega Beedrill,None,1,65.0,150.0,40.0,15.0,80.0,145.0,495.0,40.5,1.4,0.5,Poison Bee Pokémon,45,15,1000000,70,0,0,1,3,3,Beedrill,1.0,0.25,2.0,0.5,1.0,2.0,0.5,1.0,1.0,2.0,1.0,0.25,1.0,2.0,1.0,1.0,1.0,0.5,Adaptability,None,0,1,115,119,0.966387,1,0,0,0,0,0,0,0,0,0,0,0,0,1,0,0,0,0,0,1,0.0,0,0,0,0,0,0,0,0,1,0,0,0,165.0,78.0,1.3636363636363635,8.0,0,0.24242424242424243,1,1
21,Pidgey,Big Pecks,1,40.0,45.0,40.0,35.0,35.0,56.0,251.0,1.8,0.3,0.5,Tiny Bird Pokémon,255,15,1059860,70,0,0,0,1,3,No Preevolution,1.0,1.0,1.0,1.0,0.0,2.0,0.5,0.0,1.0,1.0,1.0,0.5,2.0,1.0,2.0,1.0,1.0,1.0,Keen Eye,Tangled Feet,0,0,47,126,0.373016,0,0,0,0,0,0,0,1,0,0,0,0,1,0,0,0,0,0,0,0,0.0,0,0,0,1,0,0,0,0,1,0,0,0,80.0,30.0,1.0526315789473684,6.0,0,0.29880478087649404,1,0
22,Pidgeotto,Big Pecks,1,63.0,60.0,55.0,50.0,50.0,71.0,349.0,30.0,1.1,0.5,Bird Pokémon,120,15,1059860,70,0,0,0,2,3,Pidgey,1.0,1.0,1.0,1.0,0.0,2.0,0.5,0.0,1.0,1.0,1.0,0.5,2.0,1.0,2.0,1.0,1.0,1.0,Keen Eye,Tangled Feet,0,0,64,121,0.528926,0,0,0,0,0,0,0,1,0,0,0,0,1,0,0,0,0,0,0,0,0.0,0,0,0,1,0,0,0,0,1,0,0,0,110.0,66.15,1.0377358490566038,6.0,0,0.3008595988538682,1,0
23,Pidgeot,Big Pecks,1,83.0,80.0,75.0,70.0,70.0,101.0,479.0,39.5,1.5,0.5,Bird Pokémon,45,15,1059860,70,0,0,1,3,3,Pidgeotto,1.0,1.0,1.0,1.0,0.0,2.0,0.5,0.0,1.0,1.0,1.0,0.5,2.0,1.0,2.0,1.0,1.0,1.0,Keen Eye,Tangled Feet,0,0,112,130,0.861538,0,0,0,0,0,0,0,1,0,0,0,0,1,0,0,0,0,0,0,0,0.0,0,0,0,1,0,0,0,0,1,0,0,0,150.0,120.35,1.0273972602739727,6.0,0,0.302713987473904,1,1
24,Mega Pidgeot,None,1,83.0,80.0,80.0,135.0,80.0,121.0,579.0,50.5,2.2,0.5,Bird Pokémon,45,15,1059860,70,0,0,1,3,3,Pidgeot,1.0,1.0,1.0,1.0,0.0,2.0,0.5,0.0,1.0,1.0,1.0,0.5,2.0,1.0,2.0,1.0,1.0,1.0,No Guard,None,0,1,119,126,0.944444,0,0,0,0,0,0,0,1,0,0,0,0,1,0,0,0,0,0,0,0,0.0,0,0,0,1,0,0,0,0,1,0,0,0,215.0,132.8,1.3354037267080745,6.0,0,0.2763385146804836,1,1
25,Rattata,Hustle,1,30.0,56.0,35.0,25.0,35.0,72.0,253.0,3.5,0.3,0.5,Mouse Pokémon,255,15,1000000,70,0,0,0,1,2,No Preevolution,1.0,2.0,1.0,1.0,1.0,1.0,1.0,0.0,1.0,1.0,1.0,1.0,1.0,1.0,1.0,1.0,1.0,1.0,Run Away,Guts,0,0,65,135,0.481481,0,0,0,0,0,0,0,0,0,0,0,0,2,0,0,0,0,0,0,0,0.0,0,0,1,0,0,0,0,0,1,0,0,0,81.0,21.0,1.1408450704225352,2.0,0,0.2766798418972332,1,0
26,Raticate,Hustle,1,55.0,81.0,60.0,50.0,70.0,97.0,413.0,18.5,0.7,0.5,Mouse Pokémon,127,15,1000000,70,0,0,0,2,2,Rattata,1.0,2.0,1.0,1.0,1.0,1.0,1.0,0.0,1.0,1.0,1.0,1.0,1.0,1.0,1.0,1.0,1.0,1.0,Run Away,Guts,0,0,101,140,0.721429,0,0,0,0,0,0,0,0,0,0,0,0,2,0,0,0,0,0,0,0,0.0,0,0,1,0,0,0,0,0,1,0,0,0,131.0,71.5,1.0,2.0,0,0.31476997578692495,1,0
27,Spearow,Sniper,1,40.0,60.0,30.0,31.0,31.0,70.0,262.0,2.0,0.3,0.5,Tiny Bird Pokémon,255,15,1000000,70,0,0,0,1,2,No Preevolution,1.0,1.0,1.0,1.0,0.0,2.0,0.5,0.0,1.0,1.0,1.0,0.5,2.0,1.0,2.0,1.0,1.0,1.0,Keen Eye,None,0,0,62,138,0.449275,0,0,0,0,0,0,0,1,0,0,0,0,1,0,0,0,0,0,0,0,0.0,0,0,0,1,0,0,0,0,1,0,0,0,91.0,24.4,1.467741935483871,6.0,0,0.23282442748091603,1,0
28,Fearow,Sniper,1,65.0,90.0,65.0,61.0,61.0,100.0,442.0,38.0,1.2,0.5,Beak Pokémon,90,15,1000000,70,0,0,0,2,2,Spearow,1.0,1.0,1.0,1.0,0.0,2.0,0.5,0.0,1.0,1.0,1.0,0.5,2.0,1.0,2.0,1.0,1.0,1.0,Keen Eye,None,0,0,103,123,0.837398,0,0,0,0,0,0,0,1,0,0,0,0,1,0,0,0,0,0,0,0,0.0,0,0,0,1,0,0,0,0,1,0,0,0,151.0,81.9,1.188976377952756,6.0,0,0.2850678733031674,1,0
29,Ekans,Unnerve,1,35.0,60.0,44.0,40.0,54.0,55.0,288.0,6.9,2.0,0.5,Snake Pokémon,255,20,1000000,70,0,0,0,1,2,No Preevolution,1.0,0.5,1.0,0.5,2.0,1.0,0.5,1.0,1.0,1.0,1.0,0.5,1.0,2.0,1.0,1.0,1.0,0.5,Intimidate,Shed Skin,0,0,48,131,0.366412,0,0,0,0,0,0,0,0,0,0,0,0,0,2,0,0,0,0,0,0,0.0,1,0,1,0,0,0,0,0,0,0,0,0,100.0,34.3,1.0101010101010102,4.0,0,0.3402777777777778,1,0
30,Arbok,Unnerve,1,60.0,95.0,69.0,65.0,79.0,80.0,448.0,65.0,3.5,0.5,Cobra Pokémon,90,20,1000000,70,0,0,0,2,2,Ekans,1.0,0.5,1.0,0.5,2.0,1.0,0.5,1.0,1.0,1.0,1.0,0.5,1.0,2.0,1.0,1.0,1.0,0.5,Intimidate,Shed Skin,0,0,72,125,0.576,0,0,0,0,0,0,0,0,0,0,0,0,0,2,0,0,0,0,0,0,0.0,1,0,1,0,0,0,0,0,0,0,0,0,160.0,88.8,1.0738255033557047,4.0,0,0.33035714285714285,1,0
31,Pikachu,Lightning Rod,1,35.0,55.0,40.0,50.0,50.0,90.0,320.0,6.0,0.4,0.5,Mouse Pokémon,190,10,1000000,70,0,0,0,2,3,Pichu,1.0,1.0,0.5,1.0,2.0,1.0,1.0,1.0,0.5,1.0,1.0,1.0,0.5,1.0,1.0,1.0,1.0,1.0,Static,None,0,0,93,136,0.683824,0,0,0,2,0,0,0,0,0,0,0,0,0,0,0,0,0,0,0,0,0.0,0,1,1,0,0,0,0,0,0,0,0,0,105.0,31.5,1.1538461538461537,2.0,0,0.28125,1,0
32,Raichu,Lightning Rod,1,60.0,90.0,55.0,90.0,80.0,110.0,485.0,30.0,0.8,0.5,Mouse Pokémon,75,10,1000000,70,0,0,0,3,3,Pikachu,1.0,1.0,0.5,1.0,2.0,1.0,1.0,1.0,0.5,1.0,1.0,1.0,0.5,1.0,1.0,1.0,1.0,1.0,Static,None,0,0,105,121,0.867769,0,0,0,2,0,0,0,0,0,0,0,0,0,0,0,0,0,0,0,0,0.0,0,1,1,0,0,0,0,0,0,0,0,0,180.0,81.0,1.3235294117647058,2.0,0,0.27835051546391754,1,0
33,Sandshrew,Sand Rush,1,50.0,75.0,85.0,20.0,30.0,40.0,300.0,12.0,0.6,0.5,Mouse Pokémon,255,20,1000000,70,0,0,0,1,2,No Preevolution,1.0,1.0,1.0,0.5,1.0,0.5,1.0,1.0,1.0,1.0,2.0,2.0,0.0,1.0,2.0,1.0,1.0,1.0,Sand Veil,None,0,0,0,0,0.0,0,0,0,0,0,0,0,0,0,0,2,0,0,0,0,0,0,0,0,0,0.0,0,0,1,0,0,0,0,0,1,0,0,0,95.0,57.5,0.8189655172413793,6.0,0,0.38333333333333336,1,0
34,Sandslash,Sand Rush,1,75.0,100.0,110.0,45.0,55.0,65.0,450.0,29.5,1.0,0.5,Mouse Pokémon,90,20,1000000,70,0,0,0,2,2,Sandshrew,1.0,1.0,1.0,0.5,1.0,0.5,1.0,1.0,1.0,1.0,2.0,2.0,0.0,1.0,2.0,1.0,1.0,1.0,Sand Veil,None,0,0,56,105,0.533333,0,0,0,0,0,0,0,0,0,0,2,0,0,0,0,0,0,0,0,0,0.0,0,0,1,0,0,0,0,0,1,0,0,0,145.0,123.75,0.8734939759036144,6.0,0,0.36666666666666664,1,0
35,Nidoran♀,Hustle,1,55.0,47.0,52.0,40.0,40.0,41.0,275.0,7.0,0.4,0.0,Poison Pin Pokémon,235,20,1059860,70,0,0,0,1,3,No Preevolution,1.0,0.5,1.0,0.5,2.0,1.0,0.5,1.0,1.0,1.0,1.0,0.5,1.0,2.0,1.0,1.0,1.0,0.5,Poison Point,Rivalry,0,0,20,119,0.168067,0,0,0,0,0,0,0,0,0,0,0,0,0,2,0,0,0,0,0,0,0.0,0,0,1,0,0,0,0,1,0,0,0,0,87.0,50.6,0.9354838709677419,4.0,0,0.33454545454545453,1,0
36,Nidorina,Hustle,1,70.0,62.0,67.0,55.0,55.0,56.0,365.0,20.0,0.8,0.0,Poison Pin Pokémon,120,20,1059860,70,0,0,0,2,3,Nidoran♀,1.0,0.5,1.0,0.5,2.0,1.0,0.5,1.0,1.0,1.0,1.0,0.5,1.0,2.0,1.0,1.0,1.0,0.5,Poison Point,Rivalry,0,0,57,148,0.385135,0,0,0,0,0,0,0,0,0,0,0,0,0,2,0,0,0,0,0,0,0.0,0,0,0,0,0,0,0,0,2,0,0,0,117.0,85.4,0.9512195121951219,4.0,0,0.33424657534246577,1,0
37,Nidoqueen,Sheer Force,1,90.0,92.0,87.0,75.0,85.0,76.0,505.0,60.0,1.3,0.0,Drill Pokémon,45,20,1059860,70,0,0,0,3,3,Nidorina,1.0,0.5,1.0,0.25,2.0,0.5,0.5,1.0,1.0,1.0,2.0,1.0,0.0,2.0,2.0,1.0,1.0,0.5,Poison Point,Rivalry,0,0,66,122,0.540984,0,0,0,0,0,0,0,0,0,0,1,0,0,1,0,0,0,0,0,0,0.0,0,0,0,0,0,0,0,0,2,0,0,0,167.0,154.8,0.9653179190751445,8.0,0,0.3405940594059406,1,0
38,Nidoran♂,Hustle,1,46.0,57.0,40.0,40.0,40.0,50.0,273.0,9.0,0.5,1.0,Poison Pin Pokémon,235,20,1059860,70,0,0,0,1,3,No Preevolution,1.0,0.5,1.0,0.5,2.0,1.0,0.5,1.0,1.0,1.0,1.0,0.5,1.0,2.0,1.0,1.0,1.0,0.5,Poison Point,Rivalry,0,0,34,136,0.25,0,0,0,0,0,0,0,0,0,0,0,0,0,2,0,0,0,0,0,0,0.0,0,0,1,0,0,0,0,1,0,0,0,0,97.0,36.8,1.1975308641975309,4.0,0,0.29304029304029305,1,0
39,Nidorino,Hustle,1,61.0,72.0,57.0,55.0,55.0,65.0,365.0,19.5,0.9,1.0,Poison Pin Pokémon,120,20,1059860,70,0,0,0,2,3,Nidoran♂,1.0,0.5,1.0,0.5,2.0,1.0,0.5,1.0,1.0,1.0,1.0,0.5,1.0,2.0,1.0,1.0,1.0,0.5,Poison Point,Rivalry,0,0,51,128,0.398438,0,0,0,0,0,0,0,0,0,0,0,0,0,2,0,0,0,0,0,0,0.0,0,0,1,0,0,0,0,1,0,0,0,0,127.0,68.32,1.1238938053097345,4.0,0,0.30684931506849317,1,0
40,Nidoking,Sheer Force,1,81.0,102.0,77.0,85.0,75.0,85.0,505.0,62.0,1.4,1.0,Drill Pokémon,45,20,1059860,70,0,0,0,3,3,Nidorino,1.0,0.5,1.0,0.25,2.0,0.5,0.5,1.0,1.0,1.0,2.0,1.0,0.0,2.0,2.0,1.0,1.0,0.5,Poison Point,Rivalry,0,0,79,140,0.564286,0,0,0,0,0,0,0,0,0,0,1,0,0,1,0,0,0,0,0,0,0.0,0,0,1,0,0,0,0,1,0,0,0,0,187.0,123.12,1.2222222222222223,8.0,0,0.300990099009901,1,0
41,Clefairy,Friend Guard,1,70.0,45.0,48.0,60.0,65.0,35.0,323.0,7.5,0.6,0.25,Fairy Pokémon,150,10,800000,140,0,0,0,2,3,Cleffa,1.0,0.5,1.0,2.0,1.0,1.0,0.5,1.0,2.0,1.0,1.0,1.0,1.0,1.0,1.0,0.0,0.5,1.0,Cute Charm,Magic Guard,0,0,20,127,0.15748,0,0,0,0,2,0,0,0,0,0,0,0,0,0,0,0,0,0,0,0,0.0,0,1,0,0,0,0,0,0,1,0,0,0,105.0,79.1,0.9210526315789473,4.0,0,0.3498452012383901,1,0
42,Clefable,Unaware,1,95.0,70.0,73.0,95.0,90.0,60.0,483.0,40.0,1.3,0.25,Fairy Pokémon,25,10,800000,140,0,0,0,3,3,Clefairy,1.0,0.5,1.0,2.0,1.0,1.0,0.5,1.0,2.0,1.0,1.0,1.0,1.0,1.0,1.0,0.0,0.5,1.0,Cute Charm,Magic Guard,0,0,49,123,0.398374,0,0,0,0,2,0,0,0,0,0,0,0,0,0,0,0,0,0,0,0,0.0,0,1,0,0,0,0,0,0,1,0,0,0,165.0,154.85,1.0060975609756098,4.0,0,0.33747412008281574,1,0
43,Vulpix,Drought,1,38.0,41.0,40.0,50.0,65.0,65.0,299.0,9.9,0.6,0.25,Fox Pokémon,190,20,1000000,70,0,0,0,1,2,No Preevolution,1.0,1.0,1.0,1.0,2.0,2.0,0.5,1.0,0.5,0.5,2.0,0.5,1.0,1.0,0.5,1.0,1.0,0.5,Flash Fire,None,0,0,53,129,0.410853,0,0,0,0,0,0,2,0,0,0,0,0,0,0,0,0,0,0,0,0,0.0,0,0,1,0,0,0,0,0,1,0,0,0,91.0,39.9,0.8584905660377359,6.0,0,0.3511705685618729,1,0
44,Ninetales,Drought,1,73.0,76.0,75.0,81.0,100.0,100.0,505.0,19.9,1.1,0.25,Fox Pokémon,75,20,1000000,70,0,0,0,2,2,Vulpix,1.0,1.0,1.0,1.0,2.0,2.0,0.5,1.0,0.5,0.5,2.0,0.5,1.0,1.0,0.5,1.0,1.0,0.5,Flash Fire,None,0,0,103,127,0.811024,0,0,0,0,0,0,2,0,0,0,0,0,0,0,0,0,0,0,0,0,0.0,0,0,1,0,0,0,0,0,1,0,0,0,157.0,127.75,0.8920454545454546,6.0,0,0.3465346534653465,1,0
45,Jigglypuff,Friend Guard,1,115.0,45.0,20.0,45.0,25.0,20.0,270.0,5.5,0.5,0.25,Balloon Pokémon,170,10,800000,70,0,0,0,2,3,Igglybuff,1.0,1.0,1.0,2.0,1.0,1.0,0.5,0.0,2.0,1.0,1.0,1.0,1.0,1.0,1.0,0.0,0.5,1.0,Cute Charm,Competitive,0,0,15,130,0.115385,0,0,0,0,1,0,0,0,0,0,0,0,1,0,0,0,0,0,0,0,0.0,0,1,0,0,0,0,0,0,1,0,0,0,90.0,51.75,1.9565217391304348,4.0,0,0.16666666666666666,1,0
46,Wigglytuff,Frisk,1,140.0,70.0,45.0,85.0,50.0,45.0,435.0,12.0,1.0,0.25,Balloon Pokémon,50,10,800000,70,0,0,0,3,3,Jigglypuff,1.0,1.0,1.0,2.0,1.0,1.0,0.5,0.0,2.0,1.0,1.0,1.0,1.0,1.0,1.0,0.0,0.5,1.0,Cute Charm,Competitive,0,0,0,0,0.0,0,0,0,0,1,0,0,0,0,0,0,0,1,0,0,0,0,0,0,0,0.0,0,1,0,0,0,0,0,0,1,0,0,0,155.0,133.0,1.6145833333333333,4.0,0,0.21839080459770116,1,0
47,Zubat,Infiltrator,1,40.0,45.0,35.0,30.0,40.0,55.0,245.0,7.5,0.8,0.5,Bat Pokémon,255,15,1000000,70,0,0,0,1,3,No Preevolution,1.0,0.25,1.0,0.5,0.0,2.0,0.25,1.0,1.0,1.0,1.0,0.25,2.0,2.0,2.0,1.0,1.0,0.5,Inner Focus,None,0,0,55,145,0.37931,0,0,0,0,0,0,0,1,0,0,0,0,0,1,0,0,0,0,0,0,0.0,0,0,0,1,0,0,0,0,1,0,0,0,75.0,30.0,0.9868421052631579,8.0,0,0.30612244897959184,1,0
48,Golbat,Infiltrator,1,75.0,80.0,70.0,65.0,75.0,90.0,455.0,55.0,1.6,0.5,Bat Pokémon,90,15,1000000,70,0,0,0,2,3,Zubat,1.0,0.25,1.0,0.5,0.0,2.0,0.25,1.0,1.0,1.0,1.0,0.25,2.0,2.0,2.0,1.0,1.0,0.5,Inner Focus,None,0,0,97,128,0.757812,0,0,0,0,0,0,0,1,0,0,0,0,0,1,0,0,0,0,0,0,0.0,0,0,0,1,0,0,0,0,1,0,0,0,145.0,108.75,0.9931506849315068,8.0,0,0.31868131868131866,1,0
49,Oddish,Run Away,1,45.0,50.0,55.0,75.0,65.0,30.0,320.0,5.4,0.5,0.5,Weed Pokémon,255,20,1059860,70,0,0,0,1,3,No Preevolution,1.0,0.5,2.0,1.0,1.0,1.0,1.0,1.0,1.0,2.0,0.5,0.25,0.5,2.0,2.0,1.0,1.0,0.5,Chlorophyll,None,0,0,9,143,0.062937,0,0,0,0,0,0,0,0,0,1,0,0,0,1,0,0,0,0,0,0,0.0,0,0,0,0,1,0,0,0,1,0,0,0,125.0,54.0,1.0330578512396693,8.0,0,0.375,1,0
50,Gloom,Stench,1,60.0,65.0,70.0,85.0,75.0,40.0,395.0,8.6,0.8,0.5,Weed Pokémon,120,20,1059860,70,0,0,0,2,3,Oddish,1.0,0.5,2.0,1.0,1.0,1.0,1.0,1.0,1.0,2.0,0.5,0.25,0.5,2.0,2.0,1.0,1.0,0.5,Chlorophyll,None,0,0,28,129,0.217054,0,0,0,0,0,0,0,0,0,1,0,0,0,1,0,0,0,0,0,0,0.0,0,0,0,0,1,0,0,0,1,0,0,0,150.0,87.0,1.0273972602739727,8.0,0,0.3670886075949367,1,0
51,Vileplume,Effect Spore,1,75.0,80.0,85.0,110.0,90.0,50.0,490.0,18.6,1.2,0.5,Flower Pokémon,45,20,1059860,70,0,0,0,3,3,Gloom,1.0,0.5,2.0,1.0,1.0,1.0,1.0,1.0,1.0,2.0,0.5,0.25,0.5,2.0,2.0,1.0,1.0,0.5,Chlorophyll,None,0,0,44,124,0.354839,0,0,0,0,0,0,0,0,0,1,0,0,0,1,0,0,0,0,0,0,0.0,0,0,0,0,1,0,0,0,1,0,0,0,190.0,131.25,1.0795454545454546,8.0,0,0.35714285714285715,1,0
52,Paras,Damp,1,35.0,70.0,55.0,45.0,55.0,25.0,285.0,5.4,0.3,0.5,Mushroom Pokémon,190,20,1000000,70,0,0,0,1,2,No Preevolution,1.0,0.5,4.0,2.0,0.25,2.0,2.0,1.0,1.0,4.0,0.5,0.25,0.5,1.0,2.0,1.0,1.0,1.0,Effect Spore,Dry Skin,0,0,13,138,0.094203,1,0,0,0,0,0,0,0,0,1,0,0,0,0,0,0,0,0,0,1,0.0,0,0,0,0,1,0,0,0,0,0,0,0,115.0,38.5,1.0360360360360361,16.0,2,0.38596491228070173,1,0
53,Parasect,Damp,1,60.0,95.0,80.0,60.0,80.0,30.0,405.0,29.5,1.0,0.5,Mushroom Pokémon,75,20,1000000,70,0,0,0,2,2,Paras,1.0,0.5,4.0,2.0,0.25,2.0,2.0,1.0,1.0,4.0,0.5,0.25,0.5,1.0,2.0,1.0,1.0,1.0,Effect Spore,Dry Skin,0,0,30,154,0.194805,1,0,0,0,0,0,0,0,0,1,0,0,0,0,0,0,0,0,0,1,0.0,0,0,0,0,1,0,0,0,0,0,0,0,155.0,96.0,0.9627329192546584,16.0,2,0.3950617283950617,1,0
54,Venonat,Run Away,1,60.0,55.0,50.0,40.0,55.0,45.0,305.0,30.0,1.0,0.5,Insect Pokémon,190,20,1000000,70,0,0,0,1,2,No Preevolution,1.0,0.25,2.0,0.5,1.0,2.0,0.5,1.0,1.0,2.0,1.0,0.25,1.0,2.0,1.0,1.0,1.0,0.5,Compound Eyes,Tinted Lens,0,0,32,143,0.223776,1,0,0,0,0,0,0,0,0,0,0,0,0,1,0,0,0,0,0,1,0.0,0,0,0,0,0,0,0,0,1,0,0,0,95.0,63.0,0.8962264150943396,8.0,0,0.3442622950819672,1,0
55,Venomoth,Wonder Skin,1,70.0,65.0,60.0,90.0,75.0,90.0,450.0,12.5,1.5,0.5,Poison Moth Pokémon,75,20,1000000,70,0,0,0,2,2,Venonat,1.0,0.25,2.0,0.5,1.0,2.0,0.5,1.0,1.0,2.0,1.0,0.25,1.0,2.0,1.0,1.0,1.0,0.5,Shield Dust,Tinted Lens,0,0,92,140,0.657143,1,0,0,0,0,0,0,0,0,0,0,0,0,1,0,0,0,0,0,1,0.0,0,0,0,0,0,0,0,0,1,0,0,0,155.0,94.5,1.1397058823529411,8.0,0,0.3,1,0
56,Diglett,Sand Force,1,10.0,55.0,25.0,35.0,45.0,95.0,265.0,0.8,0.2,0.5,Mole Pokémon,255,20,1000000,70,0,0,0,1,2,No Preevolution,1.0,1.0,1.0,0.5,1.0,0.5,1.0,1.0,1.0,1.0,2.0,2.0,0.0,1.0,2.0,1.0,1.0,1.0,Sand Veil,Arena Trap,0,0,68,126,0.539683,0,0,0,0,0,0,0,0,0,0,2,0,0,0,0,0,0,0,0,0,0.0,0,0,1,0,0,0,0,0,1,0,0,0,90.0,7.0,1.267605633802817,6.0,0,0.2641509433962264,1,0
57,Dugtrio,Sand Force,1,35.0,100.0,50.0,50.0,70.0,120.0,425.0,33.3,0.7,0.5,Mole Pokémon,50,20,1000000,70,0,0,0,2,2,Diglett,1.0,1.0,1.0,0.5,1.0,0.5,1.0,1.0,1.0,1.0,2.0,2.0,0.0,1.0,2.0,1.0,1.0,1.0,Sand Veil,Arena Trap,0,0,108,128,0.84375,0,0,0,0,0,0,0,0,0,0,2,0,0,0,0,0,0,0,0,0,0.0,0,0,1,0,0,0,0,0,1,0,0,0,150.0,42.0,1.2396694214876034,6.0,0,0.2823529411764706,1,0
58,Meowth,Unnerve,1,40.0,45.0,35.0,40.0,40.0,90.0,290.0,4.2,0.4,0.5,Scratch Cat Pokémon,255,20,1000000,70,0,0,0,1,2,No Preevolution,1.0,2.0,1.0,1.0,1.0,1.0,1.0,0.0,1.0,1.0,1.0,1.0,1.0,1.0,1.0,1.0,1.0,1.0,Pickup,Technician,0,0,91,140,0.65,0,0,0,0,0,0,0,0,0,0,0,0,2,0,0,0,0,0,0,0,0.0,0,0,1,0,0,0,0,0,1,0,0,0,85.0,30.0,1.118421052631579,2.0,0,0.25862068965517243,1,0
59,Persian,Unnerve,1,65.0,70.0,60.0,65.0,65.0,115.0,440.0,32.0,1.0,0.5,Classy Cat Pokémon,90,20,1000000,70,0,0,0,2,2,Meowth,1.0,2.0,1.0,1.0,1.0,1.0,1.0,0.0,1.0,1.0,1.0,1.0,1.0,1.0,1.0,1.0,1.0,1.0,Limber,Technician,0,0,103,120,0.858333,0,0,0,0,0,0,0,0,0,0,0,0,2,0,0,0,0,0,0,0,0.0,0,0,1,0,0,0,0,0,1,0,0,0,135.0,81.25,1.0714285714285714,2.0,0,0.2840909090909091,1,0
60,Psyduck,Swift Swim,1,50.0,52.0,48.0,65.0,50.0,55.0,320.0,19.6,0.8,0.5,Duck Pokémon,190,20,1000000,70,0,0,0,1,2,No Preevolution,1.0,1.0,1.0,1.0,1.0,1.0,1.0,1.0,0.5,0.5,0.5,2.0,2.0,1.0,0.5,1.0,1.0,1.0,Damp,Cloud Nine,0,0,47,142,0.330986,0,0,0,0,0,0,0,0,0,0,0,0,0,0,0,0,0,2,0,0,0.0,0,0,1,0,0,0,0,0,0,1,0,0,117.0,49.0,1.1818181818181819,4.0,0,0.30625,1,0
61,Golduck,Swift Swim,1,80.0,82.0,78.0,95.0,80.0,85.0,500.0,76.6,1.7,0.5,Duck Pokémon,75,20,1000000,70,0,0,0,2,2,Psyduck,1.0,1.0,1.0,1.0,1.0,1.0,1.0,1.0,0.5,0.5,0.5,2.0,2.0,1.0,0.5,1.0,1.0,1.0,Damp,Cloud Nine,0,0,79,115,0.686957,0,0,0,0,0,0,0,0,0,0,0,0,0,0,0,0,0,2,0,0,0.0,0,0,1,0,0,0,0,0,0,1,0,0,177.0,126.4,1.1132075471698113,4.0,0,0.316,1,0
62,Mankey,Defiant,1,40.0,80.0,35.0,35.0,45.0,70.0,305.0,28.0,0.5,0.5,Pig Monkey Pokémon,190,20,1000000,70,0,0,0,1,3,No Preevolution,1.0,1.0,2.0,1.0,1.0,0.5,0.5,1.0,1.0,1.0,1.0,1.0,1.0,2.0,1.0,1.0,0.5,2.0,Vital Spirit,Anger Point,0,0,55,118,0.466102,0,0,0,0,0,2,0,0,0,0,0,0,0,0,0,0,0,0,0,0,0.0,0,0,1,0,0,0,0,0,1,0,0,0,115.0,32.0,1.4197530864197532,6.0,0,0.26229508196721313,1,0
63,Primeape,Defiant,1,65.0,105.0,60.0,60.0,70.0,95.0,455.0,32.0,1.0,0.5,Pig Monkey Pokémon,75,20,1000000,70,0,0,0,2,3,Mankey,1.0,1.0,2.0,1.0,1.0,0.5,0.5,1.0,1.0,1.0,1.0,1.0,1.0,2.0,1.0,1.0,0.5,2.0,Vital Spirit,Anger Point,0,0,85,108,0.787037,0,0,0,0,0,2,0,0,0,0,0,0,0,0,0,0,0,0,0,0,0.0,0,0,1,0,0,0,0,0,1,0,0,0,165.0,84.5,1.2595419847328244,6.0,0,0.2857142857142857,1,0
64,Growlithe,Justified,1,55.0,70.0,45.0,70.0,50.0,60.0,350.0,19.0,0.7,0.75,Puppy Pokémon,190,20,1250000,70,0,0,0,1,2,No Preevolution,1.0,1.0,1.0,1.0,2.0,2.0,0.5,1.0,0.5,0.5,2.0,0.5,1.0,1.0,0.5,1.0,1.0,0.5,Intimidate,Flash Fire,0,0,54,120,0.45,0,0,0,0,0,0,2,0,0,0,0,0,0,0,0,0,0,0,0,0,0.0,0,0,1,0,0,0,0,0,1,0,0,0,140.0,52.25,1.4583333333333333,6.0,0,0.2714285714285714,1,0
65,Arcanine,Justified,1,90.0,110.0,80.0,100.0,80.0,95.0,555.0,155.0,1.9,0.75,Legendary Pokémon,75,20,1250000,70,0,0,0,2,2,Growlithe,1.0,1.0,1.0,1.0,2.0,2.0,0.5,1.0,0.5,0.5,2.0,0.5,1.0,1.0,0.5,1.0,1.0,0.5,Intimidate,Flash Fire,0,0,91,114,0.798246,0,0,0,0,0,0,2,0,0,0,0,0,0,0,0,0,0,0,0,0,0.0,0,0,1,0,0,0,0,0,1,0,0,0,210.0,144.0,1.3043478260869565,6.0,0,0.2882882882882883,1,0
66,Poliwag,Swift Swim,1,40.0,50.0,40.0,40.0,40.0,90.0,300.0,12.4,0.6,0.5,Tadpole Pokémon,255,20,1059860,70,0,0,0,1,3,No Preevolution,1.0,1.0,1.0,1.0,1.0,1.0,1.0,1.0,0.5,0.5,0.5,2.0,2.0,1.0,0.5,1.0,1.0,1.0,Water Absorb,Damp,0,0,0,0,0.0,0,0,0,0,0,0,0,0,0,0,0,0,0,0,0,0,0,2,0,0,0.0,0,0,0,0,0,0,0,0,1,1,0,0,90.0,32.0,1.1111111111111112,4.0,0,0.26666666666666666,1,0
67,Poliwhirl,Swift Swim,1,65.0,65.0,65.0,50.0,50.0,90.0,385.0,20.0,1.0,0.5,Tadpole Pokémon,120,20,1059860,70,0,0,0,2,3,Poliwag,1.0,1.0,1.0,1.0,1.0,1.0,1.0,1.0,0.5,0.5,0.5,2.0,2.0,1.0,0.5,1.0,1.0,1.0,Water Absorb,Damp,0,0,90,125,0.72,0,0,0,0,0,0,0,0,0,0,0,0,0,0,0,0,0,2,0,0,0.0,0,0,0,0,0,0,0,0,1,1,0,0,115.0,74.75,0.9913793103448276,4.0,0,0.2987012987012987,1,0
68,Poliwrath,Swift Swim,1,90.0,95.0,95.0,70.0,90.0,70.0,510.0,54.0,1.3,0.5,Tadpole Pokémon,45,20,1059860,70,0,0,0,3,3,Poliwhirl,1.0,1.0,2.0,1.0,1.0,0.5,0.5,1.0,0.5,0.5,0.5,2.0,2.0,2.0,0.5,1.0,0.5,2.0,Water Absorb,Damp,0,0,68,130,0.523077,0,0,0,0,0,1,0,0,0,0,0,0,0,0,0,0,0,1,0,0,0.0,0,0,0,0,0,0,0,0,1,1,0,0,165.0,166.5,0.8870967741935484,10.0,0,0.3627450980392157,1,0
69,Abra,Magic Guard,1,25.0,20.0,15.0,105.0,55.0,90.0,310.0,19.5,0.9,0.75,Psi Pokémon,200,20,1059860,70,0,0,0,1,3,No Preevolution,1.0,0.5,1.0,1.0,1.0,1.0,2.0,2.0,1.0,1.0,1.0,1.0,1.0,0.5,1.0,1.0,2.0,1.0,Synchronize,Inner Focus,0,0,35,108,0.324074,0,0,0,0,0,0,0,0,0,0,0,0,0,0,2,0,0,0,0,0,0.0,0,0,0,0,0,1,0,0,1,0,0,0,125.0,17.5,1.7605633802816902,6.0,0,0.22580645161290322,1,0
70,Kadabra,Magic Guard,1,40.0,35.0,30.0,120.0,70.0,105.0,400.0,56.5,1.3,0.75,Psi Pokémon,100,20,1059860,70,0,0,0,2,3,Abra,1.0,0.5,1.0,1.0,1.0,1.0,2.0,2.0,1.0,1.0,1.0,1.0,1.0,0.5,1.0,1.0,2.0,1.0,Synchronize,Inner Focus,0,0,87,130,0.669231,0,0,0,0,0,0,0,0,0,0,0,0,0,0,2,0,0,0,0,0,0.0,0,0,0,0,0,1,0,0,1,0,0,0,155.0,40.0,1.5346534653465347,6.0,0,0.25,1,0
71,Alakazam,Magic Guard,1,55.0,50.0,45.0,135.0,95.0,120.0,500.0,48.0,1.5,0.75,Psi Pokémon,50,20,1059860,70,0,0,1,3,3,Kadabra,1.0,0.5,1.0,1.0,1.0,1.0,2.0,2.0,1.0,1.0,1.0,1.0,1.0,0.5,1.0,1.0,2.0,1.0,Synchronize,Inner Focus,0,0,108,140,0.771429,0,0,0,0,0,0,0,0,0,0,0,0,0,0,2,0,0,0,0,0,0.0,0,0,0,0,0,1,0,0,1,0,0,0,185.0,77.0,1.3120567375886525,6.0,0,0.28,1,1
72,Mega Alakazam,None,1,55.0,50.0,65.0,175.0,105.0,150.0,600.0,48.0,1.2,0.75,Psi Pokémon,50,20,1059860,70,0,0,1,3,3,Alakazam,1.0,0.5,1.0,1.0,1.0,1.0,2.0,2.0,1.0,1.0,1.0,1.0,1.0,0.5,1.0,1.0,2.0,1.0,Trace,None,0,1,86,110,0.781818,0,0,0,0,0,0,0,0,0,0,0,0,0,0,2,0,0,0,0,0,0.0,0,0,0,0,0,1,0,0,1,0,0,0,225.0,93.5,1.3157894736842106,6.0,0,0.2833333333333333,1,1
73,Machop,Steadfast,1,70.0,80.0,50.0,35.0,35.0,35.0,305.0,19.5,0.8,0.75,Superpower Pokémon,180,20,1059860,70,0,0,0,1,3,No Preevolution,1.0,1.0,2.0,1.0,1.0,0.5,0.5,1.0,1.0,1.0,1.0,1.0,1.0,2.0,1.0,1.0,0.5,2.0,Guts,No Guard,0,0,21,150,0.14,0,0,0,0,0,2,0,0,0,0,0,0,0,0,0,0,0,0,0,0,0.0,0,0,0,0,0,1,0,0,1,0,0,0,115.0,59.5,1.3372093023255813,6.0,0,0.2786885245901639,1,0
74,Machoke,Steadfast,1,80.0,100.0,70.0,50.0,60.0,45.0,405.0,70.5,1.5,0.75,Superpower Pokémon,90,20,1059860,70,0,0,0,2,3,Machop,1.0,1.0,2.0,1.0,1.0,0.5,0.5,1.0,1.0,1.0,1.0,1.0,1.0,2.0,1.0,1.0,0.5,2.0,Guts,No Guard,0,0,32,124,0.258065,0,0,0,0,0,2,0,0,0,0,0,0,0,0,0,0,0,0,0,0,0.0,0,0,0,0,0,1,0,0,1,0,0,0,150.0,104.0,1.1450381679389312,6.0,0,0.32098765432098764,1,0
75,Machamp,Steadfast,1,90.0,130.0,80.0,65.0,85.0,55.0,505.0,130.0,1.6,0.75,Superpower Pokémon,45,20,1059860,70,0,0,0,3,3,Machoke,1.0,1.0,2.0,1.0,1.0,0.5,0.5,1.0,1.0,1.0,1.0,1.0,1.0,2.0,1.0,1.0,0.5,2.0,Guts,No Guard,0,0,51,116,0.439655,0,0,0,0,0,2,0,0,0,0,0,0,0,0,0,0,0,0,0,0,0.0,0,0,0,0,0,1,0,0,1,0,0,0,195.0,148.5,1.1746987951807228,6.0,0,0.32673267326732675,1,0
76,Bellsprout,Gluttony,1,50.0,75.0,35.0,70.0,30.0,40.0,300.0,4.0,0.7,0.5,Flower Pokémon,255,20,1059860,70,0,0,0,1,3,No Preevolution,1.0,0.5,2.0,1.0,1.0,1.0,1.0,1.0,1.0,2.0,0.5,0.25,0.5,2.0,2.0,1.0,1.0,0.5,Chlorophyll,None,0,0,23,108,0.212963,0,0,0,0,0,0,0,0,0,1,0,0,0,1,0,0,0,0,0,0,0.0,0,0,0,0,1,0,0,0,1,0,0,0,145.0,32.5,2.196969696969697,8.0,0,0.21666666666666667,1,0
77,Weepinbell,Gluttony,1,65.0,90.0,50.0,85.0,45.0,55.0,390.0,6.4,1.0,0.5,Flycatcher Pokémon,120,20,1059860,70,0,0,0,2,3,Bellsprout,1.0,0.5,2.0,1.0,1.0,1.0,1.0,1.0,1.0,2.0,0.5,0.25,0.5,2.0,2.0,1.0,1.0,0.5,Chlorophyll,None,0,0,45,121,0.371901,0,0,0,0,0,0,0,0,0,1,0,0,0,1,0,0,0,0,0,0,0.0,0,0,0,0,1,0,0,0,1,0,0,0,175.0,61.75,1.8229166666666667,8.0,0,0.24358974358974358,1,0
78,Victreebel,Gluttony,1,80.0,105.0,65.0,100.0,70.0,70.0,490.0,15.5,1.7,0.5,Flycatcher Pokémon,45,20,1059860,70,0,0,0,3,3,Weepinbell,1.0,0.5,2.0,1.0,1.0,1.0,1.0,1.0,1.0,2.0,0.5,0.25,0.5,2.0,2.0,1.0,1.0,0.5,Chlorophyll,None,0,0,0,0,0.0,0,0,0,0,0,0,0,0,0,1,0,0,0,1,0,0,0,0,0,0,0.0,0,0,0,0,1,0,0,0,1,0,0,0,205.0,108.0,1.5073529411764706,8.0,0,0.2755102040816326,1,0
79,Tentacool,Rain Dish,1,40.0,40.0,35.0,50.0,100.0,70.0,335.0,45.5,0.9,0.5,Jellyfish Pokémon,190,20,1250000,70,0,0,0,1,2,No Preevolution,1.0,0.5,1.0,0.5,2.0,1.0,0.5,1.0,0.5,0.5,0.5,1.0,2.0,2.0,0.5,1.0,1.0,0.5,Clear Body,Liquid Ooze,0,0,79,157,0.503185,0,0,0,0,0,0,0,0,0,0,0,0,0,1,0,0,0,1,0,0,0.0,0,0,0,0,0,0,0,0,1,0,0,1,90.0,54.0,0.6617647058823529,6.0,0,0.40298507462686567,1,0
80,Tentacruel,Rain Dish,1,80.0,70.0,65.0,80.0,120.0,100.0,515.0,55.0,1.6,0.5,Jellyfish Pokémon,60,20,1250000,70,0,0,0,2,2,Tentacool,1.0,0.5,1.0,0.5,2.0,1.0,0.5,1.0,0.5,0.5,0.5,1.0,2.0,2.0,0.5,1.0,1.0,0.5,Clear Body,Liquid Ooze,0,0,94,117,0.803419,0,0,0,0,0,0,0,0,0,0,0,0,0,1,0,0,0,1,0,0,0.0,0,0,0,0,0,0,0,0,1,0,0,1,150.0,148.0,0.8064516129032258,6.0,0,0.3592233009708738,1,0
81,Geodude,Sand Veil,1,40.0,80.0,100.0,30.0,30.0,20.0,300.0,20.0,0.4,0.5,Rock Pokémon,255,15,1059860,70,0,0,0,1,3,No Preevolution,0.5,2.0,0.5,0.25,2.0,0.5,1.0,1.0,2.0,0.5,4.0,4.0,0.0,1.0,2.0,1.0,1.0,1.0,Rock Head,Sturdy,0,0,16,135,0.118519,0,0,0,0,0,0,0,0,0,0,1,0,0,0,0,1,0,0,0,0,0.0,0,0,0,0,0,0,1,0,1,0,0,0,110.0,52.0,0.8396946564885496,16.0,2,0.43333333333333335,1,0
82,Graveler,Sand Veil,1,55.0,95.0,115.0,45.0,45.0,35.0,390.0,105.0,1.0,0.5,Rock Pokémon,120,15,1059860,70,0,0,0,2,3,Geodude,0.5,2.0,0.5,0.25,2.0,0.5,1.0,1.0,2.0,0.5,4.0,4.0,0.0,1.0,2.0,1.0,1.0,1.0,Rock Head,Sturdy,0,0,29,137,0.211679,0,0,0,0,0,0,0,0,0,0,1,0,0,0,0,1,0,0,0,0,0.0,0,0,0,0,0,0,1,0,1,0,0,0,140.0,88.0,0.8695652173913043,16.0,2,0.41025641025641024,1,0
83,Golem,Sand Veil,1,80.0,120.0,130.0,55.0,65.0,45.0,495.0,300.0,1.4,0.5,Megaton Pokémon,45,15,1059860,70,0,0,0,3,3,Graveler,0.5,2.0,0.5,0.25,2.0,0.5,1.0,1.0,2.0,0.5,4.0,4.0,0.0,1.0,2.0,1.0,1.0,1.0,Rock Head,Sturdy,0,0,50,135,0.37037,0,0,0,0,0,0,0,0,0,0,1,0,0,0,0,1,0,0,0,0,0.0,0,0,0,0,0,0,1,0,1,0,0,0,175.0,156.0,0.8928571428571429,16.0,2,0.3939393939393939,1,0
84,Ponyta,Flame Body,1,50.0,85.0,55.0,65.0,65.0,90.0,410.0,30.0,1.0,0.5,Fire Horse Pokémon,190,20,1000000,70,0,0,0,1,2,No Preevolution,1.0,1.0,1.0,1.0,2.0,2.0,0.5,1.0,0.5,0.5,2.0,0.5,1.0,1.0,0.5,1.0,1.0,0.5,Run Away,Flash Fire,0,0,86,115,0.747826,0,0,0,0,0,0,2,0,0,0,0,0,0,0,0,0,0,0,0,0,0.0,0,0,1,0,0,0,0,0,1,0,0,0,150.0,60.0,1.2396694214876034,6.0,0,0.2926829268292683,1,0
85,Rapidash,Flame Body,1,65.0,100.0,70.0,80.0,80.0,105.0,500.0,95.0,1.7,0.5,Fire Horse Pokémon,60,20,1000000,70,0,0,0,2,2,Ponyta,1.0,1.0,1.0,1.0,2.0,2.0,0.5,1.0,0.5,0.5,2.0,0.5,1.0,1.0,0.5,1.0,1.0,0.5,Run Away,Flash Fire,0,0,91,105,0.866667,0,0,0,0,0,0,2,0,0,0,0,0,0,0,0,0,0,0,0,0,0.0,0,0,1,0,0,0,0,0,1,0,0,0,180.0,97.5,1.1920529801324504,6.0,0,0.3,1,0
86,Slowpoke,Regenerator,1,90.0,65.0,65.0,40.0,40.0,15.0,315.0,36.0,1.2,0.5,Dopey Pokémon,190,20,1000000,70,0,0,0,1,2,No Preevolution,1.0,0.5,1.0,1.0,1.0,1.0,2.0,2.0,0.5,0.5,0.5,2.0,2.0,0.5,0.5,1.0,2.0,1.0,Oblivious,Own Tempo,0,0,24,122,0.196721,0,0,0,0,0,0,0,0,0,0,0,0,0,0,1,0,0,1,0,0,0.0,0,0,0,0,0,0,0,1,0,1,0,0,105.0,94.5,0.9905660377358491,10.0,0,0.3333333333333333,1,0
87,Slowbro,Regenerator,1,95.0,75.0,110.0,100.0,80.0,30.0,490.0,78.5,1.6,0.5,Hermit Crab Pokémon,75,20,1000000,70,0,0,1,2,2,Slowpoke,1.0,0.5,1.0,1.0,1.0,1.0,2.0,2.0,0.5,0.5,0.5,2.0,2.0,0.5,0.5,1.0,2.0,1.0,Oblivious,Own Tempo,0,0,20,131,0.152672,0,0,0,0,0,0,0,0,0,0,0,0,0,0,1,0,0,1,0,0,0.0,0,0,0,0,0,0,0,1,0,1,0,0,175.0,180.5,0.9162303664921466,10.0,0,0.3877551020408163,1,1
88,Mega Slowbro,None,1,95.0,75.0,180.0,130.0,80.0,30.0,590.0,120.0,2.0,0.5,Hermit Crab Pokémon,75,20,1000000,70,0,0,1,2,2,Slowbro,1.0,0.5,1.0,1.0,1.0,1.0,2.0,2.0,0.5,0.5,0.5,2.0,2.0,0.5,0.5,1.0,2.0,1.0,Shell Armor,None,0,1,16,116,0.137931,0,0,0,0,0,0,0,0,0,0,0,0,0,0,1,0,0,1,0,0,0.0,0,0,0,0,0,0,0,1,0,1,0,0,205.0,247.0,0.7854406130268199,10.0,0,0.4406779661016949,1,1
89,Magnemite,Analytic,1,25.0,35.0,70.0,95.0,55.0,45.0,325.0,6.0,0.3,0.5,Magnet Pokémon,190,20,1000000,70,0,0,0,1,3,No Preevolution,0.5,2.0,0.25,0.0,4.0,0.5,0.5,1.0,0.25,2.0,1.0,0.5,0.5,0.5,0.5,0.5,1.0,0.5,Magnet Pull,Sturdy,1,0,24,143,0.167832,0,0,0,1,0,0,0,0,0,0,0,0,0,0,0,0,1,0,0,0,0.0,0,0,0,0,0,0,1,0,1,0,0,0,130.0,31.25,1.0317460317460319,8.0,1,0.38461538461538464,1,0
90,Magneton,Analytic,1,50.0,60.0,95.0,120.0,70.0,70.0,465.0,60.0,1.0,0.5,Magnet Pokémon,60,20,1000000,70,0,0,0,2,3,Magnemite,0.5,2.0,0.25,0.0,4.0,0.5,0.5,1.0,0.25,2.0,1.0,0.5,0.5,0.5,0.5,0.5,1.0,0.5,Magnet Pull,Sturdy,1,0,0,0,0.0,0,0,0,1,0,0,0,0,0,0,0,0,0,0,0,0,1,0,0,0,0.0,0,0,0,0,0,0,1,0,1,0,0,0,180.0,82.5,1.0843373493975903,8.0,1,0.3548387096774194,1,0
91,Farfetch'd,Defiant,1,52.0,90.0,55.0,58.0,62.0,60.0,377.0,15.0,0.8,0.5,Wild Duck Pokémon,45,20,1000000,70,0,0,0,1,2,No Preevolution,1.0,1.0,1.0,1.0,0.0,2.0,0.5,0.0,1.0,1.0,1.0,0.5,2.0,1.0,2.0,1.0,1.0,1.0,Keen Eye,Inner Focus,0,0,52,116,0.448276,0,0,0,0,0,0,0,1,0,0,0,0,1,0,0,0,0,0,0,0,0.0,0,0,1,1,0,0,0,0,0,0,0,0,148.0,60.84,1.2542372881355932,6.0,0,0.3103448275862069,1,0
92,Doduo,Tangled Feet,1,35.0,85.0,45.0,35.0,35.0,75.0,310.0,39.2,1.4,0.5,Twin Bird Pokémon,190,20,1000000,70,0,0,0,1,2,No Preevolution,1.0,1.0,1.0,1.0,0.0,2.0,0.5,0.0,1.0,1.0,1.0,0.5,2.0,1.0,2.0,1.0,1.0,1.0,Run Away,Early Bird,0,0,87,134,0.649254,0,0,0,0,0,0,0,1,0,0,0,0,1,0,0,0,0,0,0,0,0.0,0,0,0,1,0,0,0,0,1,0,0,0,120.0,28.0,1.4814814814814814,6.0,0,0.25806451612903225,1,0
93,Dodrio,Tangled Feet,1,60.0,110.0,70.0,60.0,60.0,110.0,470.0,85.2,1.8,0.5,Triple Bird Pokémon,45,20,1000000,70,0,0,0,2,2,Doduo,1.0,1.0,1.0,1.0,0.0,2.0,0.5,0.0,1.0,1.0,1.0,0.5,2.0,1.0,2.0,1.0,1.0,1.0,Run Away,Early Bird,0,0,121,143,0.846154,0,0,0,0,0,0,0,1,0,0,0,0,1,0,0,0,0,0,0,0,0.0,0,0,0,1,0,0,0,0,1,0,0,0,170.0,78.0,1.297709923664122,6.0,0,0.2765957446808511,1,0
94,Seel,Ice Body,1,65.0,45.0,55.0,45.0,70.0,45.0,325.0,90.0,1.1,0.5,Sea Lion Pokémon,190,20,1000000,70,0,0,0,1,2,No Preevolution,1.0,1.0,1.0,1.0,1.0,1.0,1.0,1.0,0.5,0.5,0.5,2.0,2.0,1.0,0.5,1.0,1.0,1.0,Thick Fat,Hydration,0,0,29,119,0.243697,0,0,0,0,0,0,0,0,0,0,0,0,0,0,0,0,0,2,0,0,0.0,0,0,1,0,0,0,0,0,0,1,0,0,90.0,81.25,0.7142857142857143,4.0,0,0.38461538461538464,1,0
95,Dewgong,Ice Body,1,90.0,70.0,80.0,70.0,95.0,70.0,475.0,120.0,1.7,0.5,Sea Lion Pokémon,75,20,1000000,70,0,0,0,2,2,Seel,1.0,2.0,1.0,1.0,1.0,2.0,1.0,1.0,1.0,1.0,0.5,2.0,2.0,1.0,0.25,1.0,1.0,1.0,Thick Fat,Hydration,0,0,68,131,0.519084,0,0,0,0,0,0,0,0,0,0,0,1,0,0,0,0,0,1,0,0,0.0,0,0,1,0,0,0,0,0,0,1,0,0,140.0,157.5,0.7954545454545454,8.0,0,0.3684210526315789,1,0
96,Grimer,Poison Touch,1,80.0,80.0,50.0,40.0,50.0,25.0,325.0,30.0,0.9,0.5,Sludge Pokémon,190,20,1000000,70,0,0,0,1,2,No Preevolution,1.0,0.5,1.0,0.5,2.0,1.0,0.5,1.0,1.0,1.0,1.0,0.5,1.0,2.0,1.0,1.0,1.0,0.5,Stench,Sticky Hold,0,0,25,142,0.176056,0,0,0,0,0,0,0,0,0,0,0,0,0,2,0,0,0,0,1,0,0.0,0,0,0,0,0,0,0,0,1,0,0,0,120.0,80.0,1.188118811881188,4.0,0,0.3076923076923077,1,0
97,Muk,Poison Touch,1,105.0,105.0,75.0,65.0,100.0,50.0,500.0,30.0,1.2,0.5,Sludge Pokémon,75,20,1000000,70,0,0,0,2,2,Grimer,1.0,0.5,1.0,0.5,2.0,1.0,0.5,1.0,1.0,1.0,1.0,0.5,1.0,2.0,1.0,1.0,1.0,0.5,Stench,Sticky Hold,0,0,50,133,0.37594,0,0,0,0,0,0,0,0,0,0,0,0,0,2,0,0,0,0,1,0,0.0,0,0,0,0,0,0,0,0,1,0,0,0,170.0,183.75,0.9659090909090909,4.0,0,0.35,1,0
98,Shellder,Overcoat,1,30.0,65.0,100.0,45.0,25.0,40.0,305.0,4.0,0.3,0.5,Bivalve Pokémon,190,20,1250000,70,0,0,0,1,2,No Preevolution,1.0,1.0,1.0,1.0,1.0,1.0,1.0,1.0,0.5,0.5,0.5,2.0,2.0,1.0,0.5,1.0,1.0,1.0,Shell Armor,Skill Link,0,0,21,111,0.189189,0,0,0,0,0,0,0,0,0,0,0,0,0,0,0,0,0,2,0,0,0.0,0,0,0,0,0,0,0,0,1,0,0,1,110.0,37.5,0.873015873015873,4.0,0,0.4098360655737705,1,0
99,Cloyster,Overcoat,1,50.0,95.0,180.0,85.0,45.0,70.0,525.0,132.5,1.5,0.5,Bivalve Pokémon,60,20,1250000,70,0,0,0,2,2,Shellder,1.0,2.0,1.0,1.0,1.0,2.0,1.0,1.0,1.0,1.0,0.5,2.0,2.0,1.0,0.25,1.0,1.0,1.0,Shell Armor,Skill Link,0,0,71,134,0.529851,0,0,0,0,0,0,0,0,0,0,0,1,0,0,0,0,0,1,0,0,0.0,0,0,0,0,0,0,0,0,1,0,0,1,180.0,112.5,0.7964601769911505,8.0,0,0.42857142857142855,1,0
100,Gastly,None,1,30.0,35.0,30.0,100.0,35.0,80.0,310.0,0.1,1.3,0.5,Gas Pokémon,190,20,1059860,70,0,0,0,1,3,No Preevolution,0.0,0.0,1.0,0.25,2.0,1.0,0.25,2.0,1.0,1.0,1.0,0.5,1.0,2.0,1.0,1.0,2.0,0.5,Levitate,None,0,0,61,128,0.476562,0,0,0,0,0,0,0,0,1,0,0,0,0,1,0,0,0,0,1,0,0.0,0,0,0,0,0,0,0,0,1,0,0,0,135.0,19.5,2.0454545454545454,8.0,0,0.20967741935483872,1,0
101,Haunter,None,1,45.0,50.0,45.0,115.0,55.0,95.0,405.0,0.1,1.6,0.5,Gas Pokémon,90,20,1059860,70,0,0,0,2,3,Gastly,0.0,0.0,1.0,0.25,2.0,1.0,0.25,2.0,1.0,1.0,1.0,0.5,1.0,2.0,1.0,1.0,2.0,0.5,Levitate,None,0,0,77,111,0.693694,0,0,0,0,0,0,0,0,1,0,0,0,0,1,0,0,0,0,1,0,0.0,0,0,0,0,0,0,0,0,1,0,0,0,165.0,45.0,1.6336633663366336,8.0,0,0.24691358024691357,1,0
102,Gengar,None,1,60.0,65.0,60.0,130.0,75.0,110.0,500.0,40.5,1.5,0.5,Shadow Pokémon,45,20,1059860,70,0,0,1,3,3,Haunter,0.0,0.0,1.0,0.25,2.0,1.0,0.25,2.0,1.0,1.0,1.0,0.5,1.0,2.0,1.0,1.0,2.0,0.5,Cursed Body,None,0,0,88,114,0.77193,0,0,0,0,0,0,0,0,1,0,0,0,0,1,0,0,0,0,1,0,0.0,0,0,0,0,0,0,0,0,1,0,0,0,195.0,81.0,1.4338235294117647,8.0,0,0.27,1,1
103,Mega Gengar,None,1,60.0,65.0,80.0,170.0,95.0,130.0,600.0,40.5,1.4,0.5,Shadow Pokémon,45,20,1059860,70,0,0,1,3,3,Gengar,0.0,0.0,1.0,0.25,2.0,1.0,0.25,2.0,1.0,1.0,1.0,0.5,1.0,2.0,1.0,1.0,2.0,0.5,Shadow Tag,None,0,1,113,131,0.862595,0,0,0,0,0,0,0,0,1,0,0,0,0,1,0,0,0,0,1,0,0.0,0,0,0,0,0,0,0,0,1,0,0,0,235.0,105.0,1.3352272727272727,8.0,0,0.2916666666666667,1,1
104,Onix,Weak Armor,1,35.0,45.0,160.0,30.0,45.0,70.0,385.0,210.0,8.8,0.5,Rock Snake Pokémon,45,25,1000000,70,0,0,0,1,2,No Preevolution,0.5,2.0,0.5,0.25,2.0,0.5,1.0,1.0,2.0,0.5,4.0,4.0,0.0,1.0,2.0,1.0,1.0,1.0,Rock Head,Sturdy,0,0,65,135,0.481481,0,0,0,0,0,0,0,0,0,0,1,0,0,0,0,1,0,0,0,0,0.0,0,0,0,0,0,0,1,0,1,0,0,0,75.0,71.75,0.3640776699029126,16.0,2,0.5324675324675324,1,0
105,Drowzee,Inner Focus,1,60.0,48.0,45.0,43.0,90.0,42.0,328.0,32.4,1.0,0.5,Hypnosis Pokémon,190,20,1000000,70,0,0,0,1,2,No Preevolution,1.0,0.5,1.0,1.0,1.0,1.0,2.0,2.0,1.0,1.0,1.0,1.0,1.0,0.5,1.0,1.0,2.0,1.0,Insomnia,Forewarn,0,0,30,137,0.218978,0,0,0,0,0,0,0,0,0,0,0,0,0,0,2,0,0,0,0,0,0.0,0,0,0,0,0,1,0,0,1,0,0,0,91.0,81.0,0.6691176470588235,6.0,0,0.4115853658536585,1,0
106,Hypno,Inner Focus,1,85.0,73.0,70.0,73.0,115.0,67.0,483.0,75.6,1.6,0.5,Hypnosis Pokémon,75,20,1000000,70,0,0,0,2,2,Drowzee,1.0,0.5,1.0,1.0,1.0,1.0,2.0,2.0,1.0,1.0,1.0,1.0,1.0,0.5,1.0,1.0,2.0,1.0,Insomnia,Forewarn,0,0,61,119,0.512605,0,0,0,0,0,0,0,0,0,0,0,0,0,0,2,0,0,0,0,0,0.0,0,0,0,0,0,1,0,0,1,0,0,0,146.0,157.25,0.7849462365591398,6.0,0,0.3830227743271222,1,0
107,Krabby,Sheer Force,1,30.0,105.0,90.0,25.0,25.0,50.0,325.0,6.5,0.4,0.5,River Crab Pokémon,225,20,1000000,70,0,0,0,1,2,No Preevolution,1.0,1.0,1.0,1.0,1.0,1.0,1.0,1.0,0.5,0.5,0.5,2.0,2.0,1.0,0.5,1.0,1.0,1.0,Hyper Cutter,Shell Armor,0,0,38,137,0.277372,0,0,0,0,0,0,0,0,0,0,0,0,0,0,0,0,0,2,0,0,0.0,0,0,0,0,0,0,0,0,1,0,0,1,130.0,34.5,1.1206896551724137,4.0,0,0.35384615384615387,1,0
108,Kingler,Sheer Force,1,55.0,130.0,115.0,50.0,50.0,75.0,475.0,60.0,1.3,0.5,Pincer Pokémon,60,20,1000000,70,0,0,0,2,2,Krabby,1.0,1.0,1.0,1.0,1.0,1.0,1.0,1.0,0.5,0.5,0.5,2.0,2.0,1.0,0.5,1.0,1.0,1.0,Hyper Cutter,Shell Armor,0,0,67,112,0.598214,0,0,0,0,0,0,0,0,0,0,0,0,0,0,0,0,0,2,0,0,0.0,0,0,0,0,0,0,0,0,1,0,0,1,180.0,90.75,1.0843373493975903,4.0,0,0.3473684210526316,1,0
109,Voltorb,Aftermath,1,40.0,30.0,50.0,55.0,55.0,100.0,330.0,10.4,0.5,0.5,Ball Pokémon,190,20,1000000,70,0,0,0,1,2,No Preevolution,1.0,1.0,0.5,1.0,2.0,1.0,1.0,1.0,0.5,1.0,1.0,1.0,0.5,1.0,1.0,1.0,1.0,1.0,Soundproof,Static,1,0,66,113,0.584071,0,0,0,2,0,0,0,0,0,0,0,0,0,0,0,0,0,0,0,0,0.0,0,0,0,0,0,0,1,0,1,0,0,0,85.0,42.0,0.8018867924528302,2.0,0,0.3181818181818182,1,0
110,Electrode,Aftermath,1,60.0,50.0,70.0,80.0,80.0,150.0,490.0,66.6,1.2,0.5,Ball Pokémon,60,20,1000000,70,0,0,0,2,2,Voltorb,1.0,1.0,0.5,1.0,2.0,1.0,1.0,1.0,0.5,1.0,1.0,1.0,0.5,1.0,1.0,1.0,1.0,1.0,Soundproof,Static,1,0,109,129,0.844961,0,0,0,2,0,0,0,0,0,0,0,0,0,0,0,0,0,0,0,0,0.0,0,0,0,0,0,0,1,0,1,0,0,0,130.0,90.0,0.8609271523178808,2.0,0,0.30612244897959184,1,0
111,Exeggcute,Harvest,1,60.0,40.0,80.0,60.0,45.0,40.0,325.0,2.5,0.4,0.5,Egg Pokémon,90,20,1250000,70,0,0,0,1,2,No Preevolution,1.0,0.5,2.0,2.0,0.5,1.0,4.0,2.0,1.0,2.0,0.5,0.5,0.5,0.5,2.0,1.0,2.0,1.0,Chlorophyll,None,0,0,32,136,0.235294,0,0,0,0,0,0,0,0,0,1,0,0,0,0,1,0,0,0,0,0,0.0,0,0,0,0,1,0,0,0,1,0,0,0,100.0,75.0,0.7936507936507936,16.0,1,0.38461538461538464,1,0
112,Exeggutor,Harvest,1,95.0,95.0,85.0,125.0,75.0,55.0,530.0,120.0,2.0,0.5,Coconut Pokémon,45,20,1250000,70,0,0,0,2,2,Exeggcute,1.0,0.5,2.0,2.0,0.5,1.0,4.0,2.0,1.0,2.0,0.5,0.5,0.5,0.5,2.0,1.0,2.0,1.0,Chlorophyll,None,0,0,37,95,0.389474,0,0,0,0,0,0,0,0,0,1,0,0,0,0,1,0,0,0,0,0,0.0,0,0,0,0,1,0,0,0,1,0,0,0,220.0,152.0,1.3664596273291925,16.0,1,0.3018867924528302,1,0
113,Cubone,Battle Armor,1,50.0,50.0,95.0,40.0,50.0,35.0,320.0,6.5,0.4,0.5,Lonely Pokémon,190,20,1000000,70,0,0,0,1,2,No Preevolution,1.0,1.0,1.0,0.5,1.0,0.5,1.0,1.0,1.0,1.0,2.0,2.0,0.0,1.0,2.0,1.0,1.0,1.0,Rock Head,Lightning Rod,0,0,29,143,0.202797,0,0,0,0,0,0,0,0,0,0,2,0,0,0,0,0,0,0,0,0,0.0,0,0,0,0,0,0,0,1,1,0,0,0,90.0,72.5,0.6164383561643836,6.0,0,0.453125,1,0
114,Marowak,Battle Armor,1,60.0,80.0,110.0,50.0,80.0,45.0,425.0,45.0,1.0,0.5,Bone Keeper Pokémon,75,20,1000000,70,0,0,0,2,2,Cubone,1.0,1.0,1.0,0.5,1.0,0.5,1.0,1.0,1.0,1.0,2.0,2.0,0.0,1.0,2.0,1.0,1.0,1.0,Rock Head,Lightning Rod,0,0,34,120,0.283333,0,0,0,0,0,0,0,0,0,0,2,0,0,0,0,0,0,0,0,0,0.0,0,0,0,0,0,0,0,1,1,0,0,0,130.0,114.0,0.680628272251309,6.0,0,0.4470588235294118,1,0
115,Hitmonlee,Unburden,1,50.0,120.0,53.0,35.0,110.0,87.0,455.0,49.8,1.5,1.0,Kicking Pokémon,45,25,1000000,70,0,0,0,2,2,Tyrogue,1.0,1.0,2.0,1.0,1.0,0.5,0.5,1.0,1.0,1.0,1.0,1.0,1.0,2.0,1.0,1.0,0.5,2.0,Limber,Reckless,0,0,82,128,0.640625,0,0,0,0,0,2,0,0,0,0,0,0,0,0,0,0,0,0,0,0,0.0,0,0,0,0,0,1,0,0,1,0,0,0,155.0,81.5,0.9451219512195121,6.0,0,0.35824175824175825,1,0
116,Hitmonchan,Inner Focus,1,50.0,105.0,79.0,35.0,110.0,76.0,455.0,50.2,1.4,1.0,Punching Pokémon,45,25,1000000,70,0,0,0,2,2,Tyrogue,1.0,1.0,2.0,1.0,1.0,0.5,0.5,1.0,1.0,1.0,1.0,1.0,1.0,2.0,1.0,1.0,0.5,2.0,Keen Eye,Iron Fist,0,0,87,140,0.621429,0,0,0,0,0,2,0,0,0,0,0,0,0,0,0,0,0,0,0,0,0.0,0,0,0,0,0,1,0,0,1,0,0,0,140.0,94.5,0.7368421052631579,6.0,0,0.4153846153846154,1,0
117,Lickitung,Cloud Nine,1,90.0,55.0,75.0,60.0,75.0,30.0,385.0,65.5,1.2,0.5,Licking Pokémon,45,20,1000000,70,0,0,0,1,2,No Preevolution,1.0,2.0,1.0,1.0,1.0,1.0,1.0,0.0,1.0,1.0,1.0,1.0,1.0,1.0,1.0,1.0,1.0,1.0,Own Tempo,Oblivious,0,0,19,136,0.139706,0,0,0,0,0,0,0,0,0,0,0,0,2,0,0,0,0,0,0,0,0.0,0,0,0,0,0,0,0,1,1,0,0,0,115.0,135.0,0.7615894039735099,2.0,0,0.38961038961038963,1,0
118,Koffing,Stench,1,40.0,65.0,95.0,60.0,45.0,35.0,340.0,1.0,0.6,0.5,Poison Gas Pokémon,190,20,1000000,70,0,0,0,1,2,No Preevolution,1.0,0.5,1.0,0.5,2.0,1.0,0.5,1.0,1.0,1.0,1.0,0.5,1.0,2.0,1.0,1.0,1.0,0.5,Levitate,Neutralizing Gas,0,0,20,143,0.13986,0,0,0,0,0,0,0,0,0,0,0,0,0,2,0,0,0,0,1,0,0.0,0,0,0,0,0,0,0,0,1,0,0,0,125.0,56.0,0.8865248226950354,4.0,0,0.4117647058823529,1,0
119,Weezing,Stench,1,65.0,90.0,120.0,85.0,70.0,60.0,490.0,9.5,1.2,0.5,Poison Gas Pokémon,60,20,1000000,70,0,0,0,2,2,Koffing,1.0,0.5,1.0,0.5,2.0,1.0,0.5,1.0,1.0,1.0,1.0,0.5,1.0,2.0,1.0,1.0,1.0,0.5,Levitate,Neutralizing Gas,0,0,56,129,0.434109,0,0,0,0,0,0,0,0,0,0,0,0,0,2,0,0,0,0,1,0,0.0,0,0,0,0,0,0,0,0,1,0,0,0,175.0,123.5,0.9162303664921466,4.0,0,0.3877551020408163,1,0
120,Rhyhorn,Reckless,1,80.0,85.0,95.0,30.0,30.0,25.0,345.0,115.0,1.0,0.5,Spikes Pokémon,120,20,1250000,70,0,0,0,1,3,No Preevolution,0.5,2.0,0.5,0.25,2.0,0.5,1.0,1.0,2.0,0.5,4.0,4.0,0.0,1.0,2.0,1.0,1.0,1.0,Lightning Rod,Rock Head,0,0,34,119,0.285714,0,0,0,0,0,0,0,0,0,0,1,0,0,0,0,1,0,0,0,0,0.0,0,0,1,0,0,0,0,1,0,0,0,0,115.0,100.0,0.9126984126984127,16.0,2,0.36231884057971014,1,0
121,Rhydon,Reckless,1,105.0,130.0,120.0,45.0,45.0,40.0,485.0,120.0,1.9,0.5,Drill Pokémon,60,20,1250000,70,0,0,0,2,3,Rhyhorn,0.5,2.0,0.5,0.25,2.0,0.5,1.0,1.0,2.0,0.5,4.0,4.0,0.0,1.0,2.0,1.0,1.0,1.0,Lightning Rod,Rock Head,0,0,48,108,0.444444,0,0,0,0,0,0,0,0,0,0,1,0,0,0,0,1,0,0,0,0,0.0,0,0,1,0,0,0,0,1,0,0,0,0,175.0,173.25,1.0542168674698795,16.0,2,0.3402061855670103,1,0
122,Chansey,Healer,1,250.0,5.0,5.0,35.0,105.0,50.0,450.0,34.6,1.1,0.0,Egg Pokémon,30,40,800000,140,0,0,0,2,3,Happiny,1.0,2.0,1.0,1.0,1.0,1.0,1.0,0.0,1.0,1.0,1.0,1.0,1.0,1.0,1.0,1.0,1.0,1.0,Natural Cure,Serene Grace,0,0,15,98,0.153061,0,0,0,0,0,0,0,0,0,0,0,0,2,0,0,0,0,0,0,0,0.0,0,1,0,0,0,0,0,0,1,0,0,0,40.0,275.0,0.36036036036036034,2.0,0,0.24444444444444444,1,0
123,Tangela,Regenerator,1,65.0,55.0,115.0,100.0,40.0,60.0,435.0,35.0,1.0,0.5,Vine Pokémon,45,20,1000000,70,0,0,0,1,2,No Preevolution,1.0,1.0,2.0,2.0,0.5,1.0,2.0,1.0,1.0,2.0,0.5,0.5,0.5,1.0,2.0,1.0,1.0,1.0,Chlorophyll,Leaf Guard,0,0,49,129,0.379845,0,0,0,0,0,0,0,0,0,2,0,0,0,0,0,0,0,0,0,0,0.0,0,0,0,0,1,0,0,0,1,0,0,0,155.0,100.75,0.9935897435897436,10.0,0,0.3563218390804598,1,0
124,Kangaskhan,Inner Focus,1,105.0,95.0,80.0,40.0,80.0,90.0,490.0,80.0,2.2,0.0,Parent Pokémon,45,20,1000000,70,0,0,1,1,1,No Preevolution,1.0,2.0,1.0,1.0,1.0,1.0,1.0,0.0,1.0,1.0,1.0,1.0,1.0,1.0,1.0,1.0,1.0,1.0,Early Bird,Scrappy,0,0,95,126,0.753968,0,0,0,0,0,0,0,0,0,0,0,0,2,0,0,0,0,0,0,0,0.0,0,0,0,0,0,0,0,1,1,0,0,0,135.0,168.0,0.8385093167701864,2.0,0,0.32653061224489793,1,1
125,Mega Kangaskhan,None,1,105.0,125.0,100.0,60.0,100.0,100.0,590.0,100.0,2.2,0.0,Parent Pokémon,45,20,1000000,70,0,0,1,1,1,Kangaskhan,1.0,2.0,1.0,1.0,1.0,1.0,1.0,0.0,1.0,1.0,1.0,1.0,1.0,1.0,1.0,1.0,1.0,1.0,Parental Bond,None,0,1,107,128,0.835938,0,0,0,0,0,0,0,0,0,0,0,0,2,0,0,0,0,0,0,0,0.0,0,0,0,0,0,0,0,1,1,0,0,0,185.0,210.0,0.9203980099502488,2.0,0,0.3389830508474576,1,1
126,Horsea,Damp,1,30.0,40.0,70.0,70.0,25.0,60.0,295.0,8.0,0.4,0.5,Dragon Pokémon,225,20,1000000,70,0,0,0,1,3,No Preevolution,1.0,1.0,1.0,1.0,1.0,1.0,1.0,1.0,0.5,0.5,0.5,2.0,2.0,1.0,0.5,1.0,1.0,1.0,Swift Swim,Sniper,0,0,55,133,0.413534,0,0,0,0,0,0,0,0,0,0,0,0,0,0,0,0,0,2,0,0,0.0,1,0,0,0,0,0,0,0,0,1,0,0,110.0,28.5,1.1458333333333333,4.0,0,0.3220338983050847,1,0
127,Seadra,Damp,1,55.0,65.0,95.0,95.0,45.0,85.0,440.0,25.0,1.2,0.5,Dragon Pokémon,75,20,1000000,70,0,0,0,2,3,Horsea,1.0,1.0,1.0,1.0,1.0,1.0,1.0,1.0,0.5,0.5,0.5,2.0,2.0,1.0,0.5,1.0,1.0,1.0,Poison Point,Sniper,0,0,78,118,0.661017,0,0,0,0,0,0,0,0,0,0,0,0,0,0,0,0,0,2,0,0,0.0,1,0,0,0,0,0,0,0,0,1,0,0,160.0,77.0,1.1347517730496455,4.0,0,0.3181818181818182,1,0
128,Goldeen,Lightning Rod,1,45.0,67.0,60.0,35.0,50.0,63.0,320.0,15.0,0.6,0.5,Goldfish Pokémon,225,20,1000000,70,0,0,0,1,2,No Preevolution,1.0,1.0,1.0,1.0,1.0,1.0,1.0,1.0,0.5,0.5,0.5,2.0,2.0,1.0,0.5,1.0,1.0,1.0,Swift Swim,Water Veil,0,0,60,117,0.512821,0,0,0,0,0,0,0,0,0,0,0,0,0,0,0,0,0,2,0,0,0.0,0,0,0,0,0,0,0,0,1,0,1,0,102.0,49.5,0.918918918918919,4.0,0,0.34375,1,0
129,Seaking,Lightning Rod,1,80.0,92.0,65.0,65.0,80.0,68.0,450.0,39.0,1.3,0.5,Goldfish Pokémon,60,20,1000000,70,0,0,0,2,2,Goldeen,1.0,1.0,1.0,1.0,1.0,1.0,1.0,1.0,0.5,0.5,0.5,2.0,2.0,1.0,0.5,1.0,1.0,1.0,Swift Swim,Water Veil,0,0,55,114,0.482456,0,0,0,0,0,0,0,0,0,0,0,0,0,0,0,0,0,2,0,0,0.0,0,0,0,0,0,0,0,0,1,0,1,0,157.0,116.0,1.0753424657534247,4.0,0,0.32222222222222224,1,0
130,Staryu,Analytic,1,30.0,45.0,55.0,70.0,55.0,85.0,340.0,34.5,0.8,0.5,Star Shape Pokémon,225,20,1250000,70,0,0,0,1,2,No Preevolution,1.0,1.0,1.0,1.0,1.0,1.0,1.0,1.0,0.5,0.5,0.5,2.0,2.0,1.0,0.5,1.0,1.0,1.0,Illuminate,Natural Cure,1,0,80,142,0.56338,0,0,0,0,0,0,0,0,0,0,0,0,0,0,0,0,0,2,0,0,0.0,0,0,0,0,0,0,0,0,1,0,0,1,115.0,33.0,1.0360360360360361,4.0,0,0.3235294117647059,1,0
131,Starmie,Analytic,1,60.0,75.0,85.0,100.0,85.0,115.0,520.0,80.0,1.1,0.5,Mysterious Pokémon,60,20,1250000,70,0,0,0,2,2,Staryu,1.0,0.5,1.0,1.0,1.0,1.0,2.0,2.0,0.5,0.5,0.5,2.0,2.0,0.5,0.5,1.0,2.0,1.0,Illuminate,Natural Cure,1,0,116,129,0.899225,0,0,0,0,0,0,0,0,0,0,0,0,0,0,1,0,0,1,0,0,0.0,0,0,0,0,0,0,0,0,1,0,0,1,175.0,102.0,1.023391812865497,10.0,0,0.3269230769230769,1,0
132,Mr. Mime,Technician,1,40.0,45.0,65.0,100.0,120.0,90.0,460.0,54.5,1.3,0.5,Barrier Pokémon,45,25,1000000,70,0,0,0,2,2,Mime Jr.,1.0,0.25,1.0,2.0,1.0,1.0,1.0,2.0,2.0,1.0,1.0,1.0,1.0,0.5,1.0,0.0,1.0,1.0,Soundproof,Filter,0,0,76,136,0.558824,0,0,0,0,1,0,0,0,0,0,0,0,0,0,1,0,0,0,0,0,0.0,0,0,0,0,0,1,0,0,1,0,0,0,145.0,74.0,0.7795698924731183,6.0,0,0.40217391304347827,1,0
133,Scyther,Steadfast,1,70.0,110.0,80.0,55.0,80.0,105.0,500.0,56.0,1.5,0.5,Mantis Pokémon,45,25,1000000,70,0,0,0,1,2,No Preevolution,1.0,0.25,2.0,1.0,0.0,4.0,0.5,1.0,1.0,2.0,1.0,0.25,2.0,1.0,2.0,1.0,1.0,1.0,Swarm,Technician,0,0,124,141,0.879433,1,0,0,0,0,0,0,1,0,0,0,0,0,0,0,0,0,0,0,1,0.0,0,0,0,0,0,0,0,0,1,0,0,0,165.0,112.0,1.0248447204968945,12.0,1,0.32,1,0
134,Jynx,Dry Skin,1,65.0,50.0,35.0,115.0,95.0,95.0,455.0,40.6,1.4,0.0,Human Shape Pokémon,45,25,1000000,70,0,0,0,2,2,Smoochum,1.0,1.0,1.0,1.0,1.0,2.0,2.0,2.0,2.0,2.0,1.0,1.0,1.0,0.5,0.5,1.0,2.0,1.0,Oblivious,Forewarn,0,0,99,135,0.733333,0,0,0,0,0,0,0,0,0,0,0,1,0,0,1,0,0,0,0,0,0.0,0,0,0,0,0,1,0,0,1,0,0,0,165.0,84.5,1.2595419847328244,12.0,0,0.2857142857142857,1,0
135,Electabuzz,Vital Spirit,1,65.0,83.0,57.0,95.0,85.0,105.0,490.0,30.0,1.1,0.75,Electric Pokémon,45,25,1000000,70,0,0,0,2,3,Elekid,1.0,1.0,0.5,1.0,2.0,1.0,1.0,1.0,0.5,1.0,1.0,1.0,0.5,1.0,1.0,1.0,1.0,1.0,Static,None,0,0,115,129,0.891473,0,0,0,2,0,0,0,0,0,0,0,0,0,0,0,0,0,0,0,0,0.0,0,0,0,0,0,1,0,0,1,0,0,0,178.0,92.3,1.2447552447552448,2.0,0,0.2897959183673469,1,0
136,Magmar,Vital Spirit,1,65.0,95.0,57.0,100.0,85.0,93.0,495.0,44.5,1.3,0.75,Spitfire Pokémon,45,25,1000000,70,0,0,0,2,3,Magby,1.0,1.0,1.0,1.0,2.0,2.0,0.5,1.0,0.5,0.5,2.0,0.5,1.0,1.0,0.5,1.0,1.0,0.5,Flame Body,None,0,0,96,129,0.744186,0,0,0,0,0,0,2,0,0,0,0,0,0,0,0,0,0,0,0,0,0.0,0,0,0,0,0,1,0,0,1,0,0,0,195.0,92.3,1.3636363636363635,6.0,0,0.2868686868686869,1,0
137,Pinsir,Moxie,1,65.0,125.0,100.0,55.0,70.0,85.0,500.0,55.0,1.5,0.5,Stag Beetle Pokémon,45,25,1250000,70,0,0,1,1,1,No Preevolution,1.0,0.5,2.0,1.0,0.5,2.0,1.0,1.0,1.0,2.0,1.0,0.5,1.0,1.0,1.0,1.0,1.0,1.0,Hyper Cutter,Mold Breaker,0,0,81,124,0.653226,2,0,0,0,0,0,0,0,0,0,0,0,0,0,0,0,0,0,0,1,0.0,0,0,0,0,0,0,0,0,1,0,0,0,180.0,110.5,1.0526315789473684,6.0,0,0.34,1,1
138,Mega Pinsir,None,1,65.0,155.0,120.0,65.0,90.0,105.0,600.0,59.0,1.7,0.5,Stag Beetle Pokémon,45,20,1250000,70,0,0,1,1,1,Pinsir,1.0,0.25,2.0,1.0,0.0,4.0,0.5,1.0,1.0,2.0,1.0,0.25,2.0,1.0,2.0,1.0,1.0,1.0,Aerilate,None,0,1,105,121,0.867769,1,0,0,0,0,0,0,1,0,0,0,0,0,0,0,0,0,0,0,1,0.0,0,0,0,0,0,0,0,0,1,0,0,0,220.0,136.5,1.042654028436019,12.0,1,0.35,1,1
139,Tauros,Sheer Force,1,75.0,100.0,95.0,40.0,70.0,110.0,490.0,88.4,1.4,1.0,Wild Bull Pokémon,45,20,1250000,70,0,0,0,1,1,No Preevolution,1.0,2.0,1.0,1.0,1.0,1.0,1.0,0.0,1.0,1.0,1.0,1.0,1.0,1.0,1.0,1.0,1.0,1.0,Intimidate,Anger Point,0,0,102,117,0.871795,0,0,0,0,0,0,0,0,0,0,0,0,2,0,0,0,0,0,0,0,0.0,0,0,1,0,0,0,0,0,1,0,0,0,140.0,123.75,0.8433734939759037,2.0,0,0.336734693877551,1,0
140,Magikarp,Rattled,1,20.0,10.0,55.0,15.0,20.0,80.0,200.0,10.0,0.9,0.5,Fish Pokémon,255,5,1250000,70,0,0,0,1,2,No Preevolution,1.0,1.0,1.0,1.0,1.0,1.0,1.0,1.0,0.5,0.5,0.5,2.0,2.0,1.0,0.5,1.0,1.0,1.0,Swift Swim,None,0,0,25,139,0.179856,0,0,0,0,0,0,0,0,0,0,0,0,0,0,0,0,0,2,0,0,0.0,1,0,0,0,0,0,0,0,0,0,1,0,25.0,15.0,0.32894736842105265,4.0,0,0.375,1,0
141,Gyarados,Moxie,1,95.0,125.0,79.0,60.0,100.0,81.0,540.0,235.0,6.5,0.5,Atrocious Pokémon,45,5,1250000,70,0,0,1,2,2,Magikarp,1.0,0.5,1.0,1.0,0.0,2.0,0.5,1.0,0.5,0.5,0.5,1.0,4.0,1.0,1.0,1.0,1.0,1.0,Intimidate,None,0,0,82,133,0.616541,0,0,0,0,0,0,0,1,0,0,0,0,0,0,0,0,0,1,0,0,0.0,1,0,0,0,0,0,0,0,0,0,1,0,185.0,170.05,1.0277777777777777,6.0,1,0.3314814814814815,1,1
142,Mega Gyarados,None,1,95.0,155.0,109.0,70.0,130.0,81.0,640.0,305.0,6.5,0.5,Atrocious Pokémon,45,5,1250000,70,0,0,1,2,2,Gyarados,1.0,0.5,1.0,1.0,0.0,2.0,0.5,1.0,0.5,0.5,0.5,1.0,4.0,1.0,1.0,1.0,1.0,1.0,Mold Breaker,None,0,1,93,137,0.678832,0,1,0,0,0,0,0,0,0,0,0,0,0,0,0,0,0,1,0,0,0.0,1,0,0,0,0,0,0,0,0,0,1,0,225.0,227.05,0.9375,6.0,1,0.3734375,1,1
143,Lapras,Hydration,1,130.0,85.0,80.0,85.0,95.0,60.0,535.0,220.0,2.5,0.5,Transport Pokémon,45,40,1250000,70,0,0,0,1,1,No Preevolution,1.0,2.0,1.0,1.0,1.0,2.0,1.0,1.0,1.0,1.0,0.5,2.0,2.0,1.0,0.25,1.0,1.0,1.0,Water Absorb,Shell Armor,0,0,61,139,0.438849,0,0,0,0,0,0,0,0,0,0,0,1,0,0,0,0,0,1,0,0,0.0,0,0,0,0,0,0,0,1,0,1,0,0,170.0,227.5,0.9659090909090909,8.0,0,0.32710280373831774,1,0
144,Ditto,Imposter,1,48.0,48.0,48.0,48.0,48.0,48.0,288.0,4.0,0.3,0.5,Transform Pokémon,35,20,1000000,70,0,0,0,1,1,No Preevolution,1.0,2.0,1.0,1.0,1.0,1.0,1.0,0.0,1.0,1.0,1.0,1.0,1.0,1.0,1.0,1.0,1.0,1.0,Limber,None,1,0,0,0,0.0,0,0,0,0,0,0,0,0,0,0,0,0,2,0,0,0,0,0,0,0,1.0,0,0,0,0,0,0,0,0,1,0,0,0,96.0,46.08,0.9896907216494846,2.0,0,0.3333333333333333,1,0
145,Eevee,Anticipation,1,55.0,55.0,50.0,45.0,65.0,55.0,325.0,6.5,0.3,0.875,Evolution Pokémon,45,35,1000000,70,0,0,0,1,1,No Preevolution,1.0,2.0,1.0,1.0,1.0,1.0,1.0,0.0,1.0,1.0,1.0,1.0,1.0,1.0,1.0,1.0,1.0,1.0,Run Away,Adaptability,0,0,37,99,0.373737,0,0,0,0,0,0,0,0,0,0,0,0,2,0,0,0,0,0,0,0,0.0,0,0,1,0,0,0,0,0,1,0,0,0,100.0,63.25,0.8620689655172413,2.0,0,0.35384615384615387,1,0
146,Vaporeon,Hydration,1,130.0,65.0,60.0,110.0,95.0,65.0,525.0,29.0,1.0,0.875,Bubble Jet Pokémon,45,35,1000000,70,0,0,0,2,2,Eevee,1.0,1.0,1.0,1.0,1.0,1.0,1.0,1.0,0.5,0.5,0.5,2.0,2.0,1.0,0.5,1.0,1.0,1.0,Water Absorb,None,0,0,69,132,0.522727,0,0,0,0,0,0,0,0,0,0,0,0,0,0,0,0,0,2,0,0,0.0,0,0,1,0,0,0,0,0,1,0,0,0,175.0,201.5,1.1217948717948718,4.0,0,0.29523809523809524,1,0
147,Jolteon,Quick Feet,1,65.0,65.0,60.0,110.0,95.0,130.0,525.0,24.5,0.8,0.875,Lightning Pokémon,45,35,1000000,70,0,0,0,2,2,Eevee,1.0,1.0,0.5,1.0,2.0,1.0,1.0,1.0,0.5,1.0,1.0,1.0,0.5,1.0,1.0,1.0,1.0,1.0,Volt Absorb,None,0,0,124,134,0.925373,0,0,0,2,0,0,0,0,0,0,0,0,0,0,0,0,0,0,0,0,0.0,0,0,1,0,0,0,0,0,1,0,0,0,175.0,100.75,1.1217948717948718,2.0,0,0.29523809523809524,1,0
148,Flareon,Guts,1,65.0,130.0,60.0,95.0,110.0,65.0,525.0,25.0,0.9,0.875,Flame Pokémon,45,35,1000000,70,0,0,0,2,2,Eevee,1.0,1.0,1.0,1.0,2.0,2.0,0.5,1.0,0.5,0.5,2.0,0.5,1.0,1.0,0.5,1.0,1.0,0.5,Flash Fire,None,0,0,70,132,0.530303,0,0,0,0,0,0,2,0,0,0,0,0,0,0,0,0,0,0,0,0,0.0,0,0,1,0,0,0,0,0,1,0,0,0,225.0,110.5,1.3157894736842106,6.0,0,0.3238095238095238,1,0
149,Porygon,Analytic,1,65.0,60.0,70.0,85.0,75.0,40.0,395.0,36.5,0.8,0.5,Virtual Pokémon,45,20,1000000,70,0,0,0,1,3,No Preevolution,1.0,2.0,1.0,1.0,1.0,1.0,1.0,0.0,1.0,1.0,1.0,1.0,1.0,1.0,1.0,1.0,1.0,1.0,Trace,Download,1,0,23,128,0.179688,0,0,0,0,0,0,0,0,0,0,0,0,2,0,0,0,0,0,0,0,0.0,0,0,0,0,0,0,1,0,1,0,0,0,145.0,94.25,0.9931506849315068,2.0,0,0.3670886075949367,1,0
150,Omanyte,Weak Armor,1,35.0,40.0,100.0,90.0,55.0,35.0,355.0,7.5,0.4,0.875,Spiral Pokémon,45,30,1000000,70,0,0,0,1,2,No Preevolution,0.5,2.0,0.5,0.5,2.0,1.0,1.0,1.0,1.0,0.25,1.0,4.0,2.0,1.0,0.5,1.0,1.0,1.0,Swift Swim,Shell Armor,0,0,23,128,0.179688,0,0,0,0,0,0,0,0,0,0,0,0,0,0,0,1,0,1,0,0,0.0,0,0,0,0,0,0,0,0,0,1,0,1,130.0,54.25,0.8333333333333334,10.0,1,0.43661971830985913,1,0
151,Omastar,Weak Armor,1,70.0,60.0,125.0,115.0,70.0,55.0,495.0,35.0,1.0,0.875,Spiral Pokémon,45,30,1000000,70,0,0,0,2,2,Omanyte,0.5,2.0,0.5,0.5,2.0,1.0,1.0,1.0,1.0,0.25,1.0,4.0,2.0,1.0,0.5,1.0,1.0,1.0,Swift Swim,Shell Armor,0,0,49,138,0.355072,0,0,0,0,0,0,0,0,0,0,0,0,0,0,0,1,0,1,0,0,0.0,0,0,0,0,0,0,0,0,0,1,0,1,175.0,136.5,0.8928571428571429,10.0,1,0.3939393939393939,1,0
152,Kabuto,Weak Armor,1,30.0,80.0,90.0,55.0,45.0,55.0,355.0,11.5,0.5,0.875,Shellfish Pokémon,45,30,1000000,70,0,0,0,1,2,No Preevolution,0.5,2.0,0.5,0.5,2.0,1.0,1.0,1.0,1.0,0.25,1.0,4.0,2.0,1.0,0.5,1.0,1.0,1.0,Swift Swim,Battle Armor,0,0,61,142,0.429577,0,0,0,0,0,0,0,0,0,0,0,0,0,0,0,1,0,1,0,0,0.0,0,0,0,0,0,0,0,0,0,1,0,1,135.0,40.5,0.9926470588235294,10.0,1,0.38028169014084506,1,0
153,Kabutops,Weak Armor,1,60.0,115.0,105.0,65.0,70.0,80.0,495.0,40.5,1.3,0.875,Shellfish Pokémon,45,30,1000000,70,0,0,0,2,2,Kabuto,0.5,2.0,0.5,0.5,2.0,1.0,1.0,1.0,1.0,0.25,1.0,4.0,2.0,1.0,0.5,1.0,1.0,1.0,Swift Swim,Battle Armor,0,0,79,110,0.718182,0,0,0,0,0,0,0,0,0,0,0,0,0,0,0,1,0,1,0,0,0.0,0,0,0,0,0,0,0,0,0,1,0,1,180.0,105.0,1.0227272727272727,10.0,1,0.35353535353535354,1,0
154,Aerodactyl,Unnerve,1,80.0,105.0,65.0,60.0,75.0,130.0,515.0,59.0,1.8,0.875,Fossil Pokémon,45,35,1250000,70,0,0,1,1,1,No Preevolution,0.5,1.0,0.5,0.5,0.0,2.0,0.5,1.0,2.0,0.5,2.0,1.0,2.0,1.0,2.0,1.0,1.0,1.0,Rock Head,Pressure,0,0,136,141,0.964539,0,0,0,0,0,0,0,1,0,0,0,0,0,0,0,1,0,0,0,0,0.0,1,0,0,1,0,0,0,0,0,0,0,0,165.0,112.0,1.1702127659574468,10.0,0,0.27184466019417475,1,1
155,Mega Aerodactyl,None,1,80.0,135.0,85.0,70.0,95.0,150.0,615.0,79.0,2.1,0.875,Fossil Pokémon,45,35,1250000,70,0,0,1,1,1,Aerodactyl,0.5,1.0,0.5,1.0,0.0,2.0,0.5,1.0,2.0,0.5,2.0,1.0,2.0,1.0,2.0,1.0,1.0,1.0,Tough Claws,None,0,1,127,129,0.984496,0,0,0,0,0,0,0,1,0,0,0,0,0,0,0,1,0,0,0,0,0.0,0,0,0,1,0,0,0,0,1,0,0,0,205.0,144.0,1.132596685082873,10.0,0,0.2926829268292683,1,1
156,Snorlax,Gluttony,1,160.0,110.0,65.0,65.0,110.0,30.0,540.0,460.0,2.1,0.875,Sleeping Pokémon,25,40,1250000,70,0,0,0,2,2,Munchlax,1.0,2.0,1.0,1.0,1.0,1.0,1.0,0.0,1.0,1.0,1.0,1.0,1.0,1.0,1.0,1.0,1.0,1.0,Immunity,Thick Fat,0,0,40,112,0.357143,0,0,0,0,0,0,0,0,0,0,0,0,2,0,0,0,0,0,0,0,0.0,0,0,0,0,0,0,0,1,1,0,0,0,175.0,280.0,0.9943181818181818,2.0,0,0.32407407407407407,1,0
157,Articuno,Snow Cloak,1,90.0,85.0,100.0,95.0,125.0,85.0,580.0,55.4,1.7,0.5,Freeze Pokémon,3,80,1250000,35,1,0,0,1,1,No Preevolution,1.0,1.0,1.0,1.0,0.0,4.0,0.5,1.0,2.0,2.0,1.0,0.5,2.0,1.0,1.0,1.0,1.0,1.0,Pressure,None,1,0,95,139,0.683453,0,0,0,0,0,0,0,1,0,0,0,1,0,0,0,0,0,0,0,0,0.0,0,0,0,0,0,0,0,0,2,0,0,0,180.0,202.5,0.7964601769911505,10.0,1,0.3879310344827586,1,1
158,Zapdos,Static,1,90.0,90.0,85.0,125.0,90.0,100.0,580.0,52.6,1.6,0.5,Electric Pokémon,3,80,1250000,35,1,0,0,1,1,No Preevolution,1.0,0.5,0.5,1.0,0.0,2.0,0.5,1.0,0.5,1.0,1.0,0.5,1.0,1.0,2.0,1.0,1.0,1.0,Pressure,None,1,0,93,121,0.768595,0,0,0,1,0,0,0,1,0,0,0,0,0,0,0,0,0,0,0,0,0.0,0,0,0,0,0,0,0,0,2,0,0,0,215.0,157.5,1.2215909090909092,4.0,0,0.3017241379310345,1,1
159,Moltres,Flame Body,1,90.0,100.0,90.0,125.0,85.0,90.0,580.0,60.0,2.0,0.5,Flame Pokémon,3,80,1250000,35,1,0,0,1,1,No Preevolution,1.0,0.5,1.0,1.0,0.0,4.0,0.25,1.0,0.5,0.5,2.0,0.25,2.0,1.0,1.0,1.0,1.0,0.5,Pressure,None,1,0,100,136,0.735294,0,0,0,0,0,0,1,1,0,0,0,0,0,0,0,0,0,0,0,0,0.0,0,0,0,0,0,0,0,0,2,0,0,0,225.0,157.5,1.2784090909090908,8.0,1,0.3017241379310345,1,1
160,Dratini,Marvel Scale,1,41.0,64.0,45.0,50.0,50.0,50.0,300.0,3.3,1.8,0.5,Dragon Pokémon,45,40,1250000,35,0,0,0,1,3,No Preevolution,1.0,1.0,1.0,1.0,1.0,1.0,1.0,1.0,1.0,0.5,0.5,0.5,0.5,1.0,2.0,2.0,1.0,2.0,Shed Skin,None,0,0,43,117,0.367521,0,0,2,0,0,0,0,0,0,0,0,0,0,0,0,0,0,0,0,0,0.0,1,0,0,0,0,0,0,0,0,1,0,0,114.0,38.95,1.1875,6.0,0,0.31666666666666665,1,0
161,Dragonair,Marvel Scale,1,61.0,84.0,65.0,70.0,70.0,70.0,420.0,16.5,4.0,0.5,Dragon Pokémon,45,40,1250000,35,0,0,0,2,3,Dratini,1.0,1.0,1.0,1.0,1.0,1.0,1.0,1.0,1.0,0.5,0.5,0.5,0.5,1.0,2.0,2.0,1.0,2.0,Shed Skin,None,0,0,58,116,0.5,0,0,2,0,0,0,0,0,0,0,0,0,0,0,0,0,0,0,0,0,0.0,1,0,0,0,0,0,0,0,0,1,0,0,154.0,82.35,1.1323529411764706,6.0,0,0.32142857142857145,1,0
162,Dragonite,Multiscale,1,91.0,134.0,95.0,100.0,100.0,80.0,600.0,210.0,2.2,0.5,Dragon Pokémon,45,40,1250000,35,0,0,0,3,3,Dragonair,1.0,0.5,1.0,1.0,0.0,2.0,0.5,1.0,1.0,0.5,0.5,0.25,1.0,1.0,4.0,2.0,1.0,2.0,Inner Focus,None,0,0,87,138,0.630435,0,0,1,0,0,0,0,1,0,0,0,0,0,0,0,0,0,0,0,0,0.0,1,0,0,0,0,0,0,0,0,1,0,0,234.0,177.45,1.1938775510204083,10.0,1,0.325,1,0
163,Mewtwo,Unnerve,1,106.0,110.0,90.0,154.0,90.0,130.0,680.0,122.0,2.0,0.5,Genetic Pokémon,3,120,1250000,0,1,0,1,1,1,No Preevolution,1.0,0.5,1.0,1.0,1.0,1.0,2.0,2.0,1.0,1.0,1.0,1.0,1.0,0.5,1.0,1.0,2.0,1.0,Pressure,None,1,0,152,164,0.926829,0,0,0,0,0,0,0,0,0,0,0,0,0,0,2,0,0,0,0,0,0.0,0,0,0,0,0,0,0,0,2,0,0,0,264.0,190.8,1.4585635359116023,6.0,0,0.2647058823529412,1,2
164,Mega Mewtwo X,None,1,106.0,190.0,100.0,154.0,100.0,130.0,780.0,127.0,2.3,0.5,Genetic Pokémon,3,120,1250000,0,1,0,1,1,1,Mewtwo,1.0,0.5,2.0,0.5,1.0,0.5,1.0,2.0,1.0,1.0,1.0,1.0,1.0,1.0,1.0,1.0,1.0,2.0,Steadfast,None,1,1,125,135,0.925926,0,0,0,0,0,1,0,0,0,0,0,0,0,0,1,0,0,0,0,0,0.0,0,0,0,0,0,0,0,0,2,0,0,0,344.0,212.0,1.7114427860696517,6.0,0,0.2564102564102564,1,2
165,Mega Mewtwo Y,None,1,106.0,150.0,70.0,194.0,120.0,140.0,780.0,33.0,1.5,0.5,Genetic Pokémon,3,120,1250000,0,1,0,1,1,1,Mewtwo,1.0,0.5,1.0,1.0,1.0,1.0,2.0,2.0,1.0,1.0,1.0,1.0,1.0,0.5,1.0,1.0,2.0,1.0,Insomnia,None,1,1,119,125,0.952,0,0,0,0,0,0,0,0,0,0,0,0,0,0,2,0,0,0,0,0,0.0,0,0,0,0,0,0,0,0,2,0,0,0,344.0,201.4,1.801047120418848,6.0,0,0.24358974358974358,1,2
166,Mew,None,1,100.0,100.0,100.0,100.0,100.0,100.0,600.0,4.0,0.4,0.5,New Species Pokémon,45,120,1059860,100,0,1,0,1,1,No Preevolution,1.0,0.5,1.0,1.0,1.0,1.0,2.0,2.0,1.0,1.0,1.0,1.0,1.0,0.5,1.0,1.0,2.0,1.0,Synchronize,None,1,0,94,113,0.831858,0,0,0,0,0,0,0,0,0,0,0,0,0,0,2,0,0,0,0,0,0.0,0,0,0,0,0,0,0,0,2,0,0,0,200.0,200.0,0.9950248756218906,6.0,0,0.3333333333333333,1,1
167,Chikorita,Leaf Guard,2,45.0,49.0,65.0,49.0,65.0,45.0,318.0,6.4,0.9,0.875,Leaf Pokémon,45,20,1059860,70,0,0,0,1,3,No Preevolution,1.0,1.0,2.0,2.0,0.5,1.0,2.0,1.0,1.0,2.0,0.5,0.5,0.5,1.0,2.0,1.0,1.0,1.0,Overgrow,None,0,0,33,120,0.275,0,0,0,0,0,0,0,0,0,2,0,0,0,0,0,0,0,0,0,0,0.0,0,0,0,0,1,0,0,1,0,0,0,0,98.0,58.5,0.7480916030534351,10.0,0,0.4088050314465409,1,0
168,Bayleef,Leaf Guard,2,60.0,62.0,80.0,63.0,80.0,60.0,405.0,15.8,1.2,0.875,Leaf Pokémon,45,20,1059860,70,0,0,0,2,3,Chikorita,1.0,1.0,2.0,2.0,0.5,1.0,2.0,1.0,1.0,2.0,0.5,0.5,0.5,1.0,2.0,1.0,1.0,1.0,Overgrow,None,0,0,49,113,0.433628,0,0,0,0,0,0,0,0,0,2,0,0,0,0,0,0,0,0,0,0,0.0,0,0,0,0,1,0,0,1,0,0,0,0,125.0,96.0,0.7763975155279503,10.0,0,0.3950617283950617,1,0
169,Meganium,Leaf Guard,2,80.0,82.0,100.0,83.0,100.0,80.0,525.0,100.5,1.8,0.875,Herb Pokémon,45,20,1059860,70,0,0,0,3,3,Bayleef,1.0,1.0,2.0,2.0,0.5,1.0,2.0,1.0,1.0,2.0,0.5,0.5,0.5,1.0,2.0,1.0,1.0,1.0,Overgrow,None,0,0,88,129,0.682171,0,0,0,0,0,0,0,0,0,2,0,0,0,0,0,0,0,0,0,0,0.0,0,0,0,0,1,0,0,1,0,0,0,0,165.0,160.0,0.8208955223880597,10.0,0,0.38095238095238093,1,0
170,Cyndaquil,Flash Fire,2,39.0,52.0,43.0,60.0,50.0,65.0,309.0,7.9,0.5,0.875,Fire Mouse Pokémon,45,20,1059860,70,0,0,0,1,3,No Preevolution,1.0,1.0,1.0,1.0,2.0,2.0,0.5,1.0,0.5,0.5,2.0,0.5,1.0,1.0,0.5,1.0,1.0,0.5,Blaze,None,0,0,61,121,0.504132,0,0,0,0,0,0,2,0,0,0,0,0,0,0,0,0,0,0,0,0,0.0,0,0,1,0,0,0,0,0,1,0,0,0,112.0,36.27,1.1914893617021276,6.0,0,0.30097087378640774,1,0
171,Quilava,Flash Fire,2,58.0,64.0,58.0,80.0,65.0,80.0,405.0,19.0,0.9,0.875,Volcano Pokémon,45,20,1059860,70,0,0,0,2,3,Cyndaquil,1.0,1.0,1.0,1.0,2.0,2.0,0.5,1.0,0.5,0.5,2.0,0.5,1.0,1.0,0.5,1.0,1.0,0.5,Blaze,None,0,0,92,151,0.609272,0,0,0,0,0,0,2,0,0,0,0,0,0,0,0,0,0,0,0,0,0.0,0,0,1,0,0,0,0,0,1,0,0,0,144.0,71.34,1.1612903225806452,6.0,0,0.3037037037037037,1,0
172,Typhlosion,Flash Fire,2,78.0,84.0,78.0,109.0,85.0,100.0,534.0,79.5,1.7,0.875,Volcano Pokémon,45,20,1059860,70,0,0,0,3,3,Quilava,1.0,1.0,1.0,1.0,2.0,2.0,0.5,1.0,0.5,0.5,2.0,0.5,1.0,1.0,0.5,1.0,1.0,0.5,Blaze,None,0,0,100,116,0.862069,0,0,0,0,0,0,2,0,0,0,0,0,0,0,0,0,0,0,0,0,0.0,0,0,1,0,0,0,0,0,1,0,0,0,193.0,127.14,1.1768292682926829,6.0,0,0.3052434456928839,1,0
173,Totodile,Sheer Force,2,50.0,65.0,64.0,44.0,48.0,43.0,314.0,9.5,0.6,0.875,Big Jaw Pokémon,45,20,1059860,70,0,0,0,1,3,No Preevolution,1.0,1.0,1.0,1.0,1.0,1.0,1.0,1.0,0.5,0.5,0.5,2.0,2.0,1.0,0.5,1.0,1.0,1.0,Torrent,None,0,0,29,132,0.219697,0,0,0,0,0,0,0,0,0,0,0,0,0,0,0,0,0,2,0,0,0.0,0,0,0,0,0,0,0,1,0,1,0,0,109.0,56.0,0.9646017699115044,4.0,0,0.35668789808917195,1,0
174,Croconaw,Sheer Force,2,65.0,80.0,80.0,59.0,63.0,58.0,405.0,25.0,1.1,0.875,Big Jaw Pokémon,45,20,1059860,70,0,0,0,2,3,Totodile,1.0,1.0,1.0,1.0,1.0,1.0,1.0,1.0,0.5,0.5,0.5,2.0,2.0,1.0,0.5,1.0,1.0,1.0,Torrent,None,0,0,60,136,0.441176,0,0,0,0,0,0,0,0,0,0,0,0,0,0,0,0,0,2,0,0,0.0,0,0,0,0,0,0,0,1,0,1,0,0,139.0,92.95,0.9652777777777778,4.0,0,0.3530864197530864,1,0
175,Feraligatr,Sheer Force,2,85.0,105.0,100.0,79.0,83.0,78.0,530.0,88.8,2.3,0.875,Big Jaw Pokémon,45,20,1059860,70,0,0,0,3,3,Croconaw,1.0,1.0,1.0,1.0,1.0,1.0,1.0,1.0,0.5,0.5,0.5,2.0,2.0,1.0,0.5,1.0,1.0,1.0,Torrent,None,0,0,81,138,0.586957,0,0,0,0,0,0,0,0,0,0,0,0,0,0,0,0,0,2,0,0,0.0,0,0,0,0,0,0,0,1,0,1,0,0,184.0,155.55,1.0,4.0,0,0.3452830188679245,1,0
176,Sentret,Frisk,2,35.0,46.0,34.0,35.0,45.0,20.0,215.0,6.0,0.8,0.5,Scout Pokémon,255,15,1000000,70,0,0,0,1,2,No Preevolution,1.0,2.0,1.0,1.0,1.0,1.0,1.0,0.0,1.0,1.0,1.0,1.0,1.0,1.0,1.0,1.0,1.0,1.0,Run Away,Keen Eye,0,0,9,125,0.072,0,0,0,0,0,0,0,0,0,0,0,0,2,0,0,0,0,0,0,0,0.0,0,0,1,0,0,0,0,0,1,0,0,0,81.0,27.65,1.0125,2.0,0,0.3674418604651163,1,0
177,Furret,Frisk,2,85.0,76.0,64.0,45.0,55.0,90.0,415.0,32.5,1.8,0.5,Long Body Pokémon,90,15,1000000,70,0,0,0,2,2,Sentret,1.0,2.0,1.0,1.0,1.0,1.0,1.0,0.0,1.0,1.0,1.0,1.0,1.0,1.0,1.0,1.0,1.0,1.0,Run Away,Keen Eye,0,0,93,138,0.673913,0,0,0,0,0,0,0,0,0,0,0,0,2,0,0,0,0,0,0,0,0.0,0,0,1,0,0,0,0,0,1,0,0,0,121.0,101.15,1.0083333333333333,2.0,0,0.28674698795180725,1,0
178,Hoothoot,Tinted Lens,2,60.0,30.0,30.0,36.0,56.0,50.0,262.0,21.2,0.7,0.5,Owl Pokémon,255,15,1000000,70,0,0,0,1,2,No Preevolution,1.0,1.0,1.0,1.0,0.0,2.0,0.5,0.0,1.0,1.0,1.0,0.5,2.0,1.0,2.0,1.0,1.0,1.0,Insomnia,Keen Eye,0,0,36,111,0.324324,0,0,0,0,0,0,0,1,0,0,0,0,1,0,0,0,0,0,0,0,0.0,0,0,0,1,0,0,0,0,1,0,0,0,66.0,51.6,0.7586206896551724,6.0,0,0.3282442748091603,1,0
179,Noctowl,Tinted Lens,2,100.0,50.0,50.0,86.0,96.0,70.0,452.0,40.8,1.6,0.5,Owl Pokémon,90,15,1000000,70,0,0,0,2,2,Hoothoot,1.0,1.0,1.0,1.0,0.0,2.0,0.5,0.0,1.0,1.0,1.0,0.5,2.0,1.0,2.0,1.0,1.0,1.0,Insomnia,Keen Eye,0,0,68,136,0.5,0,0,0,0,0,0,0,1,0,0,0,0,1,0,0,0,0,0,0,0,0.0,0,0,0,1,0,0,0,0,1,0,0,0,136.0,146.0,0.9251700680272109,6.0,0,0.3230088495575221,1,0
180,Ledyba,Rattled,2,40.0,20.0,30.0,40.0,80.0,55.0,265.0,10.8,1.0,0.5,Five Star Pokémon,255,15,800000,70,0,0,0,1,2,No Preevolution,1.0,0.25,2.0,1.0,0.0,4.0,0.5,1.0,1.0,2.0,1.0,0.25,2.0,1.0,2.0,1.0,1.0,1.0,Swarm,Early Bird,0,0,28,123,0.227642,1,0,0,0,0,0,0,1,0,0,0,0,0,0,0,0,0,0,0,1,0.0,0,0,0,0,0,0,0,0,1,0,0,0,60.0,44.0,0.5405405405405406,12.0,1,0.41509433962264153,1,0
181,Ledian,Iron Fist,2,55.0,35.0,50.0,55.0,110.0,85.0,390.0,35.6,1.4,0.5,Five Star Pokémon,90,15,800000,70,0,0,0,2,2,Ledyba,1.0,0.25,2.0,1.0,0.0,4.0,0.5,1.0,1.0,2.0,1.0,0.25,2.0,1.0,2.0,1.0,1.0,1.0,Swarm,Early Bird,0,0,86,137,0.627737,1,0,0,0,0,0,0,1,0,0,0,0,0,0,0,0,0,0,0,1,0.0,0,0,0,0,0,0,0,0,1,0,0,0,90.0,88.0,0.5590062111801242,12.0,1,0.41025641025641024,1,0
182,Spinarak,Sniper,2,40.0,60.0,40.0,40.0,40.0,30.0,250.0,8.5,0.5,0.5,String Spit Pokémon,255,15,800000,70,0,0,0,1,2,No Preevolution,1.0,0.25,2.0,0.5,1.0,2.0,0.5,1.0,1.0,2.0,1.0,0.25,1.0,2.0,1.0,1.0,1.0,0.5,Swarm,Insomnia,0,0,13,137,0.094891,1,0,0,0,0,0,0,0,0,0,0,0,0,1,0,0,0,0,0,1,0.0,0,0,0,0,0,0,0,0,1,0,0,0,100.0,32.0,1.2345679012345678,8.0,0,0.32,1,0
183,Ariados,Sniper,2,70.0,90.0,70.0,60.0,70.0,40.0,400.0,33.5,1.1,0.5,Long Leg Pokémon,90,15,800000,70,0,0,0,2,2,Spinarak,1.0,0.25,2.0,0.5,1.0,2.0,0.5,1.0,1.0,2.0,1.0,0.25,1.0,2.0,1.0,1.0,1.0,0.5,Swarm,Insomnia,0,0,0,0,0.0,1,0,0,0,0,0,0,0,0,0,0,0,0,1,0,0,0,0,0,1,0.0,0,0,0,0,0,0,0,0,1,0,0,0,150.0,98.0,1.0638297872340425,8.0,0,0.35,1,0
184,Crobat,Infiltrator,2,85.0,90.0,80.0,70.0,80.0,130.0,535.0,75.0,1.8,0.5,Bat Pokémon,90,15,1000000,70,0,0,0,3,3,Golbat,1.0,0.25,1.0,0.5,0.0,2.0,0.25,1.0,1.0,1.0,1.0,0.25,2.0,2.0,2.0,1.0,1.0,0.5,Inner Focus,None,0,0,113,122,0.92623,0,0,0,0,0,0,0,1,0,0,0,0,0,1,0,0,0,0,0,0,0.0,0,0,0,1,0,0,0,0,1,0,0,0,160.0,136.0,0.9937888198757764,8.0,0,0.29906542056074764,1,0
185,Chinchou,Water Absorb,2,75.0,38.0,38.0,56.0,56.0,67.0,330.0,12.0,0.5,0.5,Angler Pokémon,190,20,1250000,70,0,0,0,1,2,No Preevolution,1.0,1.0,0.5,1.0,2.0,1.0,1.0,1.0,0.25,0.5,0.5,2.0,1.0,1.0,0.5,1.0,1.0,1.0,Volt Absorb,Illuminate,0,0,60,114,0.526316,0,0,0,1,0,0,0,0,0,0,0,0,0,0,0,0,0,1,0,0,0.0,0,0,0,0,0,0,0,0,1,0,1,0,94.0,70.5,0.9894736842105263,4.0,0,0.28484848484848485,1,0
186,Lanturn,Water Absorb,2,125.0,58.0,58.0,76.0,76.0,67.0,460.0,22.5,1.2,0.5,Light Pokémon,75,20,1250000,70,0,0,0,2,2,Chinchou,1.0,1.0,0.5,1.0,2.0,1.0,1.0,1.0,0.25,0.5,0.5,2.0,1.0,1.0,0.5,1.0,1.0,1.0,Volt Absorb,Illuminate,0,0,66,128,0.515625,0,0,0,1,0,0,0,0,0,0,0,0,0,0,0,0,0,1,0,0,0.0,0,0,0,0,0,0,0,0,1,0,1,0,134.0,167.5,0.9925925925925926,4.0,0,0.29130434782608694,1,0
187,Pichu,Lightning Rod,2,20.0,40.0,15.0,35.0,35.0,60.0,205.0,2.0,0.3,0.5,Tiny Mouse Pokémon,190,10,1000000,70,0,0,0,1,3,No Preevolution,1.0,1.0,0.5,1.0,2.0,1.0,1.0,1.0,0.5,1.0,1.0,1.0,0.5,1.0,1.0,1.0,1.0,1.0,Static,None,0,0,36,105,0.342857,0,0,0,2,0,0,0,0,0,0,0,0,0,0,0,0,0,0,0,0,0.0,0,0,0,0,0,0,0,0,2,0,0,0,75.0,10.0,1.4705882352941178,2.0,0,0.24390243902439024,1,0
188,Cleffa,Friend Guard,2,50.0,25.0,28.0,45.0,55.0,15.0,218.0,3.0,0.3,0.25,Star Shape Pokémon,150,10,800000,140,0,0,0,1,3,No Preevolution,1.0,0.5,1.0,2.0,1.0,1.0,0.5,1.0,2.0,1.0,1.0,1.0,1.0,1.0,1.0,0.0,0.5,1.0,Cute Charm,Magic Guard,0,0,7,112,0.0625,0,0,0,0,2,0,0,0,0,0,0,0,0,0,0,0,0,0,0,0,0.0,0,0,0,0,0,0,0,0,2,0,0,0,70.0,41.5,0.8333333333333334,4.0,0,0.38073394495412843,1,0
189,Igglybuff,Friend Guard,2,90.0,30.0,15.0,40.0,20.0,15.0,210.0,1.0,0.3,0.25,Balloon Pokémon,170,10,800000,70,0,0,0,1,3,No Preevolution,1.0,1.0,1.0,2.0,1.0,1.0,0.5,0.0,2.0,1.0,1.0,1.0,1.0,1.0,1.0,0.0,0.5,1.0,Cute Charm,Competitive,0,0,5,115,0.043478,0,0,0,0,1,0,0,0,0,0,0,0,1,0,0,0,0,0,0,0,0.0,0,0,0,0,0,0,0,0,2,0,0,0,70.0,31.5,1.9444444444444444,4.0,0,0.16666666666666666,1,0
190,Togepi,Super Luck,2,35.0,20.0,65.0,40.0,65.0,20.0,245.0,1.5,0.3,0.875,Spike Ball Pokémon,190,10,800000,70,0,0,0,1,3,No Preevolution,1.0,0.5,1.0,2.0,1.0,1.0,0.5,1.0,2.0,1.0,1.0,1.0,1.0,1.0,1.0,0.0,0.5,1.0,Hustle,Serene Grace,0,0,3,122,0.02459,0,0,0,0,2,0,0,0,0,0,0,0,0,0,0,0,0,0,0,0,0.0,0,0,0,0,0,0,0,0,2,0,0,0,60.0,45.5,0.4580152671755725,4.0,0,0.5306122448979592,1,0
191,Togetic,Super Luck,2,55.0,40.0,85.0,80.0,105.0,40.0,405.0,3.2,0.6,0.875,Happiness Pokémon,75,10,800000,70,0,0,0,2,3,Togepi,1.0,0.25,1.0,2.0,0.0,2.0,0.25,1.0,2.0,1.0,1.0,0.5,2.0,1.0,2.0,0.0,0.5,1.0,Hustle,Serene Grace,0,0,30,127,0.23622,0,0,0,0,1,0,0,1,0,0,0,0,0,0,0,0,0,0,0,0,0.0,0,1,0,1,0,0,0,0,0,0,0,0,120.0,104.5,0.6282722513089005,10.0,0,0.4691358024691358,1,0
192,Natu,Magic Bounce,2,40.0,50.0,45.0,70.0,45.0,70.0,320.0,2.0,0.2,0.5,Tiny Bird Pokémon,190,20,1000000,70,0,0,0,1,2,No Preevolution,1.0,0.25,1.0,1.0,0.0,2.0,1.0,2.0,1.0,1.0,1.0,0.5,2.0,0.5,2.0,1.0,2.0,1.0,Synchronize,Early Bird,0,0,64,116,0.551724,0,0,0,0,0,0,0,1,0,0,0,0,0,0,1,0,0,0,0,0,0.0,0,0,0,1,0,0,0,0,1,0,0,0,120.0,36.0,1.3186813186813187,10.0,0,0.28125,1,0
193,Xatu,Magic Bounce,2,65.0,75.0,70.0,95.0,70.0,95.0,470.0,15.0,1.5,0.5,Mystic Pokémon,75,20,1000000,70,0,0,0,2,2,Natu,1.0,0.25,1.0,1.0,0.0,2.0,1.0,2.0,1.0,1.0,1.0,0.5,2.0,0.5,2.0,1.0,2.0,1.0,Synchronize,Early Bird,0,0,88,121,0.727273,0,0,0,0,0,0,0,1,0,0,0,0,0,0,1,0,0,0,0,0,0.0,0,0,0,1,0,0,0,0,1,0,0,0,170.0,91.0,1.2056737588652482,10.0,0,0.2978723404255319,1,0
194,Mareep,Plus,2,55.0,40.0,40.0,65.0,45.0,35.0,280.0,7.8,0.6,0.5,Wool Pokémon,235,20,1059860,70,0,0,0,1,3,No Preevolution,1.0,1.0,0.5,1.0,2.0,1.0,1.0,1.0,0.5,1.0,1.0,1.0,0.5,1.0,1.0,1.0,1.0,1.0,Static,None,0,0,23,140,0.164286,0,0,0,2,0,0,0,0,0,0,0,0,0,0,0,0,0,0,0,0,0.0,0,0,1,0,0,0,0,1,0,0,0,0,105.0,46.75,1.2209302325581395,2.0,0,0.30357142857142855,1,0
195,Flaaffy,Plus,2,70.0,55.0,55.0,80.0,60.0,45.0,365.0,13.3,0.8,0.5,Wool Pokémon,120,20,1059860,70,0,0,0,2,3,Mareep,1.0,1.0,0.5,1.0,2.0,1.0,1.0,1.0,0.5,1.0,1.0,1.0,0.5,1.0,1.0,1.0,1.0,1.0,Static,None,0,0,24,108,0.222222,0,0,0,2,0,0,0,0,0,0,0,0,0,0,0,0,0,0,0,0,0.0,0,0,1,0,0,0,0,1,0,0,0,0,135.0,80.5,1.1637931034482758,2.0,0,0.3150684931506849,1,0
196,Ampharos,Plus,2,90.0,75.0,85.0,115.0,90.0,55.0,510.0,61.5,1.4,0.5,Light Pokémon,45,20,1059860,70,0,0,1,3,3,Flaaffy,1.0,1.0,0.5,1.0,2.0,1.0,1.0,1.0,0.5,1.0,1.0,1.0,0.5,1.0,1.0,1.0,1.0,1.0,Static,None,0,0,41,119,0.344538,0,0,0,2,0,0,0,0,0,0,0,0,0,0,0,0,0,0,0,0,0.0,0,0,1,0,0,0,0,1,0,0,0,0,190.0,157.5,1.0795454545454546,2.0,0,0.3431372549019608,1,1
197,Mega Ampharos,None,2,90.0,95.0,105.0,165.0,110.0,45.0,610.0,61.5,1.4,0.5,Light Pokémon,45,20,1059860,70,0,0,1,3,3,Ampharos,1.0,1.0,0.5,1.0,2.0,1.0,1.0,1.0,0.5,0.5,0.5,0.5,0.25,1.0,2.0,2.0,1.0,2.0,Mold Breaker,None,0,1,37,128,0.289062,0,0,1,1,0,0,0,0,0,0,0,0,0,0,0,0,0,0,0,0,0.0,0,0,1,0,0,0,0,1,0,0,0,0,260.0,193.5,1.2037037037037037,8.0,0,0.3524590163934426,1,1
198,Bellossom,Healer,2,75.0,80.0,95.0,90.0,100.0,50.0,490.0,5.8,0.4,0.5,Flower Pokémon,45,20,1059860,70,0,0,0,3,3,Gloom,1.0,1.0,2.0,2.0,0.5,1.0,2.0,1.0,1.0,2.0,0.5,0.5,0.5,1.0,2.0,1.0,1.0,1.0,Chlorophyll,None,0,0,30,139,0.215827,0,0,0,0,0,0,0,0,0,2,0,0,0,0,0,0,0,0,0,0,0.0,0,0,0,0,1,0,0,0,1,0,0,0,170.0,146.25,0.8673469387755102,10.0,0,0.3979591836734694,1,0
199,Marill,Sap Sipper,2,70.0,20.0,50.0,20.0,50.0,40.0,250.0,8.5,0.4,0.5,Aqua Mouse Pokémon,190,10,800000,70,0,0,0,2,3,Azurill,1.0,0.5,1.0,2.0,1.0,1.0,0.5,1.0,1.0,0.5,0.5,2.0,2.0,1.0,0.5,0.0,0.5,1.0,Thick Fat,Huge Power,0,0,19,122,0.155738,0,0,0,0,1,0,0,0,0,0,0,0,0,0,0,0,0,1,0,0,0.0,0,1,0,0,0,0,0,0,0,1,0,0,40.0,70.0,0.39603960396039606,6.0,0,0.4,1,0
200,Azumarill,Sap Sipper,2,100.0,50.0,80.0,60.0,80.0,50.0,420.0,28.5,0.8,0.5,Aqua Rabbit Pokémon,75,10,800000,70,0,0,0,3,3,Marill,1.0,0.5,1.0,2.0,1.0,1.0,0.5,1.0,1.0,0.5,0.5,2.0,2.0,1.0,0.5,0.0,0.5,1.0,Thick Fat,Huge Power,0,0,44,128,0.34375,0,0,0,0,1,0,0,0,0,0,0,0,0,0,0,0,0,1,0,0,0.0,0,1,0,0,0,0,0,0,0,1,0,0,110.0,160.0,0.6832298136645962,6.0,0,0.38095238095238093,1,0
201,Sudowoodo,Rattled,2,70.0,100.0,115.0,30.0,65.0,30.0,410.0,38.0,1.2,0.5,Imitation Pokémon,65,20,1000000,70,0,0,0,2,2,Bonsly,0.5,2.0,0.5,0.5,2.0,1.0,1.0,1.0,2.0,0.5,2.0,2.0,1.0,1.0,1.0,1.0,1.0,1.0,Sturdy,Rock Head,0,0,30,123,0.243902,0,0,0,0,0,0,0,0,0,0,0,0,0,0,0,2,0,0,0,0,0.0,0,0,0,0,0,0,1,0,1,0,0,0,130.0,126.0,0.7182320441988951,10.0,0,0.43902439024390244,1,0
202,Politoed,Drizzle,2,90.0,75.0,75.0,90.0,100.0,70.0,500.0,33.9,1.1,0.5,Frog Pokémon,45,20,1059860,70,0,0,0,3,3,Poliwhirl,1.0,1.0,1.0,1.0,1.0,1.0,1.0,1.0,0.5,0.5,0.5,2.0,2.0,1.0,0.5,1.0,1.0,1.0,Water Absorb,Damp,0,0,65,119,0.546218,0,0,0,0,0,0,0,0,0,0,0,0,0,0,0,0,0,2,0,0,0.0,0,0,0,0,0,0,0,0,1,1,0,0,165.0,157.5,0.9375,4.0,0,0.35,1,0
203,Hoppip,Infiltrator,2,35.0,35.0,40.0,35.0,55.0,50.0,250.0,0.5,0.4,0.5,Cottonweed Pokémon,255,20,1059860,70,0,0,0,1,3,No Preevolution,1.0,0.5,2.0,2.0,0.0,2.0,1.0,1.0,1.0,2.0,0.5,0.25,1.0,1.0,4.0,1.0,1.0,1.0,Chlorophyll,Leaf Guard,0,0,48,119,0.403361,0,0,0,0,0,0,0,1,0,1,0,0,0,0,0,0,0,0,0,0,0.0,0,1,0,0,1,0,0,0,0,0,0,0,70.0,33.25,0.7291666666666666,12.0,1,0.38,1,0
204,Skiploom,Infiltrator,2,55.0,45.0,50.0,45.0,65.0,80.0,340.0,1.0,0.6,0.5,Cottonweed Pokémon,120,20,1059860,70,0,0,0,2,3,Hoppip,1.0,0.5,2.0,2.0,0.0,2.0,1.0,1.0,1.0,2.0,0.5,0.25,1.0,1.0,4.0,1.0,1.0,1.0,Chlorophyll,Leaf Guard,0,0,66,119,0.554622,0,0,0,0,0,0,0,1,0,1,0,0,0,0,0,0,0,0,0,0,0.0,0,1,0,0,1,0,0,0,0,0,0,0,90.0,63.25,0.7758620689655172,12.0,1,0.3382352941176471,1,0
205,Jumpluff,Infiltrator,2,75.0,55.0,70.0,55.0,95.0,110.0,460.0,3.0,0.8,0.5,Cottonweed Pokémon,45,20,1059860,70,0,0,0,3,3,Skiploom,1.0,0.5,2.0,2.0,0.0,2.0,1.0,1.0,1.0,2.0,0.5,0.25,1.0,1.0,4.0,1.0,1.0,1.0,Chlorophyll,Leaf Guard,0,0,114,135,0.844444,0,0,0,0,0,0,0,1,0,1,0,0,0,0,0,0,0,0,0,0,0.0,0,1,0,0,1,0,0,0,0,0,0,0,110.0,123.75,0.6626506024096386,12.0,1,0.358695652173913,1,0
206,Aipom,Skill Link,2,55.0,70.0,55.0,40.0,55.0,85.0,360.0,11.5,0.8,0.5,Long Tail Pokémon,45,20,800000,70,0,0,0,1,2,No Preevolution,1.0,2.0,1.0,1.0,1.0,1.0,1.0,0.0,1.0,1.0,1.0,1.0,1.0,1.0,1.0,1.0,1.0,1.0,Run Away,Pickup,0,0,87,123,0.707317,0,0,0,0,0,0,0,0,0,0,0,0,2,0,0,0,0,0,0,0,0.0,0,0,1,0,0,0,0,0,1,0,0,0,110.0,60.5,0.990990990990991,2.0,0,0.3055555555555556,1,0
207,Sunkern,Early Bird,2,30.0,30.0,30.0,30.0,30.0,30.0,180.0,1.8,0.3,0.5,Seed Pokémon,235,20,1059860,70,0,0,0,1,2,No Preevolution,1.0,1.0,2.0,2.0,0.5,1.0,2.0,1.0,1.0,2.0,0.5,0.5,0.5,1.0,2.0,1.0,1.0,1.0,Chlorophyll,Solar Power,0,0,14,111,0.126126,0,0,0,0,0,0,0,0,0,2,0,0,0,0,0,0,0,0,0,0,0.0,0,0,0,0,1,0,0,0,1,0,0,0,60.0,18.0,0.9836065573770492,10.0,0,0.3333333333333333,1,0
208,Sunflora,Early Bird,2,75.0,75.0,55.0,105.0,85.0,30.0,425.0,8.5,0.8,0.5,Sun Pokémon,120,20,1059860,70,0,0,0,2,2,Sunkern,1.0,1.0,2.0,2.0,0.5,1.0,2.0,1.0,1.0,2.0,0.5,0.5,0.5,1.0,2.0,1.0,1.0,1.0,Chlorophyll,Solar Power,0,0,23,142,0.161972,0,0,0,0,0,0,0,0,0,2,0,0,0,0,0,0,0,0,0,0,0.0,0,0,0,0,1,0,0,0,1,0,0,0,180.0,105.0,1.2765957446808511,10.0,0,0.32941176470588235,1,0
209,Yanma,Frisk,2,65.0,65.0,45.0,75.0,45.0,95.0,390.0,38.0,1.2,0.5,Clear Wing Pokémon,75,20,1000000,70,0,0,0,1,2,No Preevolution,1.0,0.25,2.0,1.0,0.0,4.0,0.5,1.0,1.0,2.0,1.0,0.25,2.0,1.0,2.0,1.0,1.0,1.0,Speed Boost,Compound Eyes,0,0,90,125,0.72,1,0,0,0,0,0,0,1,0,0,0,0,0,0,0,0,0,0,0,1,0.0,0,0,0,0,0,0,0,0,1,0,0,0,140.0,58.5,1.5384615384615385,12.0,1,0.23076923076923078,1,0
210,Wooper,Unaware,2,55.0,45.0,45.0,25.0,25.0,15.0,210.0,8.5,0.4,0.5,Water Fish Pokémon,255,20,1000000,70,0,0,0,1,2,No Preevolution,1.0,1.0,1.0,0.5,1.0,0.5,1.0,1.0,0.5,0.5,1.0,4.0,0.0,1.0,1.0,1.0,1.0,1.0,Damp,Water Absorb,0,0,6,125,0.048,0,0,0,0,0,0,0,0,0,0,1,0,0,0,0,0,0,1,0,0,0.0,0,0,1,0,0,0,0,0,0,1,0,0,70.0,38.5,0.9859154929577465,4.0,1,0.3333333333333333,1,0
211,Quagsire,Unaware,2,95.0,85.0,85.0,65.0,65.0,35.0,430.0,75.0,1.4,0.5,Water Fish Pokémon,90,20,1000000,70,0,0,0,2,2,Wooper,1.0,1.0,1.0,0.5,1.0,0.5,1.0,1.0,0.5,0.5,1.0,4.0,0.0,1.0,1.0,1.0,1.0,1.0,Damp,Water Absorb,0,0,36,140,0.257143,0,0,0,0,0,0,0,0,0,0,1,0,0,0,0,0,0,1,0,0,0.0,0,0,1,0,0,0,0,0,0,1,0,0,150.0,142.5,0.9933774834437086,4.0,1,0.3488372093023256,1,0
212,Espeon,Magic Bounce,2,65.0,65.0,60.0,130.0,95.0,110.0,525.0,26.5,0.9,0.875,Sun Pokémon,45,35,1000000,70,0,0,0,2,2,Eevee,1.0,0.5,1.0,1.0,1.0,1.0,2.0,2.0,1.0,1.0,1.0,1.0,1.0,0.5,1.0,1.0,2.0,1.0,Synchronize,None,0,0,117,142,0.823944,0,0,0,0,0,0,0,0,0,0,0,0,0,0,2,0,0,0,0,0,0.0,0,0,1,0,0,0,0,0,1,0,0,0,195.0,100.75,1.25,6.0,0,0.29523809523809524,1,0
213,Umbreon,Inner Focus,2,95.0,65.0,110.0,60.0,130.0,65.0,525.0,27.0,1.0,0.875,Moonlight Pokémon,45,35,1000000,35,0,0,0,2,2,Eevee,1.0,2.0,1.0,1.0,1.0,1.0,2.0,0.5,1.0,1.0,1.0,1.0,1.0,0.0,1.0,1.0,0.5,2.0,Synchronize,None,0,0,67,127,0.527559,0,2,0,0,0,0,0,0,0,0,0,0,0,0,0,0,0,0,0,0,0.0,0,0,1,0,0,0,0,0,1,0,0,0,125.0,228.0,0.5186721991701245,6.0,0,0.45714285714285713,1,0
214,Murkrow,Prankster,2,60.0,85.0,42.0,85.0,42.0,91.0,405.0,2.1,0.5,0.5,Darkness Pokémon,30,20,1059860,35,0,0,0,1,2,No Preevolution,1.0,1.0,1.0,1.0,0.0,2.0,1.0,0.5,1.0,1.0,1.0,0.5,2.0,0.0,2.0,1.0,0.5,2.0,Insomnia,Super Luck,0,0,130,158,0.822785,0,1,0,0,0,0,0,1,0,0,0,0,0,0,0,0,0,0,0,0,0.0,0,0,0,1,0,0,0,0,1,0,0,0,170.0,50.4,2.0,8.0,0,0.2074074074074074,1,0
215,Slowking,Regenerator,2,95.0,75.0,80.0,100.0,110.0,30.0,490.0,79.5,2.0,0.5,Royal Pokémon,70,20,1000000,70,0,0,0,2,2,Slowpoke,1.0,0.5,1.0,1.0,1.0,1.0,2.0,2.0,0.5,0.5,0.5,2.0,2.0,0.5,0.5,1.0,2.0,1.0,Oblivious,Own Tempo,0,0,32,132,0.242424,0,0,0,0,0,0,0,0,0,0,0,0,0,0,1,0,0,1,0,0,0.0,0,0,0,0,0,0,0,1,0,1,0,0,175.0,180.5,0.9162303664921466,10.0,0,0.3877551020408163,1,0
216,Misdreavus,None,2,60.0,60.0,60.0,85.0,85.0,85.0,435.0,1.0,0.7,0.5,Screech Pokémon,45,25,800000,35,0,0,0,1,2,No Preevolution,0.0,0.0,1.0,0.5,1.0,1.0,0.5,2.0,1.0,1.0,1.0,1.0,1.0,1.0,1.0,1.0,2.0,1.0,Levitate,None,0,0,84,133,0.631579,0,0,0,0,0,0,0,0,2,0,0,0,0,0,0,0,0,0,1,0,0.0,0,0,0,0,0,0,0,0,1,0,0,0,145.0,87.0,0.9931506849315068,4.0,0,0.3333333333333333,1,0
217,Unown,None,2,48.0,72.0,48.0,72.0,48.0,48.0,336.0,5.0,0.5,0.5,Symbol Pokémon,225,40,1000000,70,0,0,0,1,1,No Preevolution,1.0,0.5,1.0,1.0,1.0,1.0,2.0,2.0,1.0,1.0,1.0,1.0,1.0,0.5,1.0,1.0,2.0,1.0,Levitate,None,1,0,33,127,0.259843,0,0,0,0,0,0,0,0,0,0,0,0,0,0,2,0,0,0,0,0,0.0,0,0,0,0,0,0,0,0,2,0,0,0,144.0,46.08,1.4845360824742269,6.0,0,0.2857142857142857,1,0
218,Wobbuffet,Telepathy,2,190.0,33.0,58.0,33.0,58.0,33.0,405.0,28.5,1.3,0.5,Patient Pokémon,45,20,1000000,70,0,0,0,2,2,Wynaut,1.0,0.5,1.0,1.0,1.0,1.0,2.0,2.0,1.0,1.0,1.0,1.0,1.0,0.5,1.0,1.0,2.0,1.0,Shadow Tag,None,0,0,18,134,0.134328,0,0,0,0,0,0,0,0,0,0,0,0,0,0,2,0,0,0,1,0,0.0,0,0,0,0,0,0,0,0,1,0,0,0,66.0,220.4,0.5641025641025641,6.0,0,0.28641975308641976,1,0
219,Girafarig,Sap Sipper,2,70.0,80.0,65.0,90.0,65.0,85.0,455.0,41.5,1.5,0.5,Long Neck Pokémon,60,20,1000000,70,0,0,0,1,2,No Preevolution,1.0,1.0,1.0,1.0,1.0,1.0,2.0,0.0,1.0,1.0,1.0,1.0,1.0,0.5,1.0,1.0,2.0,1.0,Inner Focus,Early Bird,0,0,74,128,0.578125,0,0,0,0,0,0,0,0,0,0,0,0,1,0,1,0,0,0,0,0,0.0,0,0,1,0,0,0,0,0,1,0,0,0,170.0,91.0,1.297709923664122,4.0,0,0.2857142857142857,1,0
220,Pineco,Overcoat,2,50.0,65.0,90.0,35.0,35.0,15.0,290.0,7.2,0.6,0.5,Bagworm Pokémon,190,20,1000000,70,0,0,0,1,2,No Preevolution,1.0,0.5,2.0,1.0,0.5,2.0,1.0,1.0,1.0,2.0,1.0,0.5,1.0,1.0,1.0,1.0,1.0,1.0,Sturdy,None,0,0,16,109,0.146789,2,0,0,0,0,0,0,0,0,0,0,0,0,0,0,0,0,0,0,1,0.0,0,0,0,0,0,0,0,0,1,0,0,0,100.0,62.5,0.7936507936507936,6.0,0,0.43103448275862066,1,0
221,Forretress,Overcoat,2,75.0,90.0,140.0,60.0,60.0,40.0,465.0,125.8,1.2,0.5,Bagworm Pokémon,75,20,1000000,70,0,0,0,2,2,Pineco,0.5,1.0,1.0,0.0,1.0,1.0,0.5,1.0,0.5,4.0,1.0,0.25,1.0,0.5,0.5,0.5,1.0,0.5,Sturdy,None,0,0,37,123,0.300813,1,0,0,0,0,0,0,0,0,0,0,0,0,0,0,0,1,0,0,1,0.0,0,0,0,0,0,0,0,0,1,0,0,0,150.0,150.0,0.746268656716418,4.0,1,0.43010752688172044,1,0
222,Dunsparce,Rattled,2,100.0,70.0,70.0,65.0,65.0,45.0,415.0,14.0,1.5,0.5,Land Snake Pokémon,190,20,1000000,70,0,0,0,1,2,No Preevolution,1.0,2.0,1.0,1.0,1.0,1.0,1.0,0.0,1.0,1.0,1.0,1.0,1.0,1.0,1.0,1.0,1.0,1.0,Serene Grace,Run Away,0,0,26,137,0.189781,0,0,0,0,0,0,0,0,0,0,0,0,2,0,0,0,0,0,0,0,0.0,0,0,1,0,0,0,0,0,1,0,0,0,135.0,135.0,0.9926470588235294,2.0,0,0.3253012048192771,1,0
223,Gligar,Immunity,2,65.0,75.0,105.0,35.0,65.0,85.0,430.0,64.8,1.1,0.5,Fly Scorpion Pokémon,60,20,1059860,70,0,0,0,1,2,No Preevolution,1.0,0.5,1.0,0.5,0.0,1.0,0.5,1.0,1.0,1.0,2.0,1.0,0.0,1.0,4.0,1.0,1.0,1.0,Hyper Cutter,Sand Veil,0,0,93,134,0.69403,0,0,0,0,0,0,0,1,0,0,1,0,0,0,0,0,0,0,0,1,0.0,0,0,0,0,0,0,0,0,1,0,0,0,110.0,110.5,0.6432748538011696,6.0,1,0.3953488372093023,1,0
224,Steelix,Sheer Force,2,75.0,85.0,200.0,55.0,65.0,30.0,510.0,400.0,9.2,0.5,Iron Snake Pokémon,25,25,1000000,70,0,0,1,2,2,Onix,0.5,2.0,0.5,0.0,2.0,0.25,0.5,1.0,0.5,2.0,2.0,1.0,0.0,0.5,1.0,0.5,1.0,0.5,Rock Head,Sturdy,0,0,25,149,0.167785,0,0,0,0,0,0,0,0,0,0,1,0,0,0,0,0,1,0,0,0,0.0,0,0,0,0,0,0,1,0,1,0,0,0,140.0,198.75,0.5263157894736842,8.0,0,0.5196078431372549,1,1
225,Mega Steelix,None,2,75.0,125.0,230.0,55.0,95.0,30.0,610.0,740.0,10.5,0.5,Iron Snake Pokémon,25,25,1000000,70,0,0,1,2,2,Steelix,0.5,2.0,0.5,0.0,2.0,0.5,0.5,1.0,0.5,2.0,2.0,1.0,0.0,0.5,1.0,0.5,1.0,0.5,Sand Force,None,0,1,50,145,0.344828,0,0,0,0,0,0,0,0,0,0,1,0,0,0,0,0,1,0,0,0,0.0,0,0,0,0,0,0,1,0,1,0,0,0,180.0,243.75,0.5521472392638037,8.0,0,0.5327868852459017,1,1
226,Snubbull,Rattled,2,60.0,80.0,50.0,40.0,40.0,30.0,300.0,7.8,0.6,0.25,Fairy Pokémon,190,20,800000,70,0,0,0,1,2,No Preevolution,1.0,0.5,1.0,2.0,1.0,1.0,0.5,1.0,2.0,1.0,1.0,1.0,1.0,1.0,1.0,0.0,0.5,1.0,Intimidate,Run Away,0,0,21,137,0.153285,0,0,0,0,2,0,0,0,0,0,0,0,0,0,0,0,0,0,0,0,0.0,0,1,1,0,0,0,0,0,0,0,0,0,120.0,54.0,1.3186813186813187,4.0,0,0.3,1,0
227,Granbull,Rattled,2,90.0,120.0,75.0,60.0,60.0,45.0,450.0,48.7,1.4,0.25,Fairy Pokémon,75,20,800000,70,0,0,0,2,2,Snubbull,1.0,0.5,1.0,2.0,1.0,1.0,0.5,1.0,2.0,1.0,1.0,1.0,1.0,1.0,1.0,0.0,0.5,1.0,Intimidate,Quick Feet,0,0,35,119,0.294118,0,0,0,0,2,0,0,0,0,0,0,0,0,0,0,0,0,0,0,0,0.0,0,1,1,0,0,0,0,0,0,0,0,0,180.0,121.5,1.3235294117647058,4.0,0,0.3,1,0
228,Qwilfish,Intimidate,2,65.0,95.0,85.0,55.0,55.0,85.0,440.0,3.9,0.5,0.5,Balloon Pokémon,45,20,1000000,70,0,0,0,1,2,No Preevolution,1.0,0.5,1.0,0.5,2.0,1.0,0.5,1.0,0.5,0.5,0.5,1.0,2.0,2.0,0.5,1.0,1.0,0.5,Poison Point,Swift Swim,0,0,104,150,0.693333,0,0,0,0,0,0,0,0,0,0,0,0,0,1,0,0,0,1,0,0,0.0,0,0,0,0,0,0,0,0,1,0,1,0,150.0,91.0,1.0638297872340425,6.0,0,0.3181818181818182,1,0
229,Scizor,Light Metal,2,70.0,130.0,100.0,55.0,80.0,65.0,500.0,118.0,1.8,0.5,Pincer Pokémon,25,25,1000000,70,0,0,1,2,2,Scyther,0.5,1.0,1.0,0.0,1.0,1.0,0.5,1.0,0.5,4.0,1.0,0.25,1.0,0.5,0.5,0.5,1.0,0.5,Swarm,Technician,0,0,76,125,0.608,1,0,0,0,0,0,0,0,0,0,0,0,0,0,0,0,1,0,0,1,0.0,0,0,0,0,0,0,0,0,1,0,0,0,185.0,126.0,1.022099447513812,4.0,1,0.36,1,1
230,Mega Scizor,None,2,70.0,150.0,140.0,65.0,100.0,75.0,600.0,125.0,2.0,0.5,Pincer Pokémon,25,25,1000000,70,0,0,1,2,2,Scizor,0.5,1.0,1.0,0.0,1.0,1.0,0.5,1.0,0.5,4.0,1.0,0.25,1.0,0.5,0.5,0.5,1.0,0.5,Technician,None,0,1,77,140,0.55,1,0,0,0,0,0,0,0,0,0,0,0,0,0,0,0,1,0,0,1,0.0,0,0,0,0,0,0,0,0,1,0,0,0,215.0,168.0,0.8921161825726142,4.0,1,0.4,1,1
231,Shuckle,Contrary,2,20.0,10.0,230.0,10.0,230.0,5.0,505.0,20.5,0.6,0.5,Mold Pokémon,190,20,1059860,70,0,0,0,1,1,No Preevolution,0.5,1.0,1.0,0.5,1.0,2.0,1.0,1.0,2.0,1.0,2.0,1.0,1.0,1.0,1.0,1.0,1.0,1.0,Sturdy,Gluttony,0,0,0,0,0.0,1,0,0,0,0,0,0,0,0,0,0,0,0,0,0,1,0,0,0,1,0.0,0,0,0,0,0,0,0,0,1,0,0,0,20.0,92.0,0.04338394793926247,6.0,0,0.9108910891089109,1,0
232,Heracross,Moxie,2,80.0,125.0,75.0,40.0,95.0,85.0,500.0,54.0,1.5,0.5,Single Horn Pokémon,45,25,1250000,70,0,0,1,1,1,No Preevolution,1.0,0.5,4.0,1.0,0.5,1.0,0.5,1.0,1.0,2.0,1.0,0.5,1.0,2.0,1.0,1.0,0.5,2.0,Swarm,Guts,0,0,94,136,0.691176,1,0,0,0,0,1,0,0,0,0,0,0,0,0,0,0,0,0,0,1,0.0,0,0,0,0,0,0,0,0,1,0,0,0,165.0,136.0,0.9649122807017544,10.0,1,0.34,1,1
233,Mega Heracross,None,2,80.0,185.0,115.0,40.0,105.0,75.0,600.0,62.5,1.7,0.5,Single Horn Pokémon,45,25,1250000,70,0,0,1,1,1,Heracross,1.0,0.5,4.0,1.0,0.5,1.0,0.5,1.0,1.0,2.0,1.0,0.5,1.0,2.0,1.0,1.0,0.5,2.0,Skill Link,None,0,1,81,130,0.623077,1,0,0,0,0,1,0,0,0,0,0,0,0,0,0,0,0,0,0,1,0.0,0,0,0,0,0,0,0,0,1,0,0,0,225.0,176.0,1.0180995475113122,10.0,1,0.36666666666666664,1,1
234,Sneasel,Pickpocket,2,55.0,95.0,55.0,35.0,75.0,115.0,430.0,28.0,0.9,0.5,Sharp Claw Pokémon,60,20,1059860,35,0,0,0,1,2,No Preevolution,1.0,4.0,1.0,1.0,1.0,2.0,2.0,0.5,2.0,2.0,1.0,1.0,1.0,0.0,0.5,1.0,0.5,2.0,Inner Focus,Keen Eye,0,0,106,113,0.938053,0,1,0,0,0,0,0,0,0,0,0,1,0,0,0,0,0,0,0,0,0.0,0,0,1,0,0,0,0,0,1,0,0,0,130.0,71.5,0.9923664122137404,14.0,1,0.3023255813953488,1,0
235,Teddiursa,Honey Gather,2,60.0,80.0,50.0,50.0,50.0,40.0,330.0,8.8,0.6,0.5,Little Bear Pokémon,120,20,1000000,70,0,0,0,1,3,No Preevolution,1.0,2.0,1.0,1.0,1.0,1.0,1.0,0.0,1.0,1.0,1.0,1.0,1.0,1.0,1.0,1.0,1.0,1.0,Pickup,Quick Feet,0,0,26,109,0.238532,0,0,0,0,0,0,0,0,0,0,0,0,2,0,0,0,0,0,0,0,0.0,0,0,1,0,0,0,0,0,1,0,0,0,130.0,60.0,1.2871287128712872,2.0,0,0.30303030303030304,1,0
236,Ursaring,Unnerve,2,90.0,130.0,75.0,75.0,75.0,55.0,500.0,125.8,1.8,0.5,Hibernator Pokémon,60,20,1000000,70,0,0,0,2,3,Teddiursa,1.0,2.0,1.0,1.0,1.0,1.0,1.0,0.0,1.0,1.0,1.0,1.0,1.0,1.0,1.0,1.0,1.0,1.0,Guts,Quick Feet,0,0,0,0,0.0,0,0,0,0,0,0,0,0,0,0,0,0,2,0,0,0,0,0,0,0,0.0,0,0,1,0,0,0,0,0,1,0,0,0,205.0,135.0,1.3576158940397351,2.0,0,0.3,1,0
237,Slugma,Weak Armor,2,40.0,40.0,40.0,70.0,40.0,20.0,250.0,35.0,0.7,0.5,Lava Pokémon,190,20,1000000,70,0,0,0,1,2,No Preevolution,1.0,1.0,1.0,1.0,2.0,2.0,0.5,1.0,0.5,0.5,2.0,0.5,1.0,1.0,0.5,1.0,1.0,0.5,Magma Armor,Flame Body,0,0,4,123,0.03252,0,0,0,0,0,0,2,0,0,0,0,0,0,0,0,0,0,0,1,0,0.0,0,0,0,0,0,0,0,0,1,0,0,0,110.0,32.0,1.3580246913580247,6.0,0,0.32,1,0
238,Magcargo,Weak Armor,2,60.0,50.0,120.0,90.0,80.0,30.0,430.0,55.0,0.8,0.5,Lava Pokémon,75,20,1000000,70,0,0,0,2,2,Slugma,0.5,2.0,0.5,0.5,4.0,2.0,0.5,1.0,1.0,0.25,4.0,1.0,1.0,1.0,0.5,1.0,1.0,0.5,Magma Armor,Flame Body,0,0,9,124,0.072581,0,0,0,0,0,0,1,0,0,0,0,0,0,0,0,1,0,0,1,0,0.0,0,0,0,0,0,0,0,0,1,0,0,0,140.0,120.0,0.6965174129353234,12.0,2,0.46511627906976744,1,0
239,Swinub,Thick Fat,2,50.0,50.0,40.0,30.0,30.0,50.0,250.0,6.5,0.4,0.5,Pig Pokémon,225,20,1250000,70,0,0,0,1,3,No Preevolution,1.0,2.0,1.0,0.5,1.0,1.0,1.0,1.0,2.0,2.0,2.0,2.0,0.0,1.0,1.0,1.0,1.0,1.0,Oblivious,Snow Cloak,0,0,37,133,0.278195,0,0,0,0,0,0,0,0,0,0,1,1,0,0,0,0,0,0,0,0,0.0,0,0,1,0,0,0,0,0,1,0,0,0,80.0,35.0,1.1267605633802817,10.0,0,0.28,1,0
240,Piloswine,Thick Fat,2,100.0,100.0,80.0,60.0,60.0,50.0,450.0,55.8,1.1,0.5,Swine Pokémon,75,20,1250000,70,0,0,0,2,3,Swinub,1.0,2.0,1.0,0.5,1.0,1.0,1.0,1.0,2.0,2.0,2.0,2.0,0.0,1.0,1.0,1.0,1.0,1.0,Oblivious,Snow Cloak,0,0,36,118,0.305085,0,0,0,0,0,0,0,0,0,0,1,1,0,0,0,0,0,0,0,0,0.0,0,0,1,0,0,0,0,0,1,0,0,0,160.0,140.0,1.1347517730496455,10.0,0,0.3111111111111111,1,0
241,Corsola,Regenerator,2,65.0,55.0,95.0,65.0,95.0,35.0,410.0,5.0,0.6,0.25,Coral Pokémon,60,20,800000,70,0,0,0,1,2,No Preevolution,0.5,2.0,0.5,0.5,2.0,1.0,1.0,1.0,1.0,0.25,1.0,4.0,2.0,1.0,0.5,1.0,1.0,1.0,Hustle,Natural Cure,0,0,28,139,0.201439,0,0,0,0,0,0,0,0,0,0,0,0,0,0,0,1,0,1,0,0,0.0,0,0,0,0,0,0,0,0,0,1,0,1,120.0,123.5,0.6282722513089005,10.0,1,0.4634146341463415,1,0
242,Remoraid,Moody,2,35.0,65.0,35.0,65.0,35.0,65.0,300.0,12.0,0.6,0.5,Jet Pokémon,190,20,1000000,70,0,0,0,1,2,No Preevolution,1.0,1.0,1.0,1.0,1.0,1.0,1.0,1.0,0.5,0.5,0.5,2.0,2.0,1.0,0.5,1.0,1.0,1.0,Hustle,Sniper,0,0,69,148,0.466216,0,0,0,0,0,0,0,0,0,0,0,0,0,0,0,0,0,2,0,0,0.0,0,0,0,0,0,0,0,0,0,1,1,0,130.0,24.5,1.8309859154929577,4.0,0,0.23333333333333334,1,0
243,Octillery,Moody,2,75.0,105.0,75.0,105.0,75.0,45.0,480.0,28.5,0.9,0.5,Jet Pokémon,75,20,1000000,70,0,0,0,2,2,Remoraid,1.0,1.0,1.0,1.0,1.0,1.0,1.0,1.0,0.5,0.5,0.5,2.0,2.0,1.0,0.5,1.0,1.0,1.0,Suction Cups,Sniper,0,0,37,113,0.327434,0,0,0,0,0,0,0,0,0,0,0,0,0,0,0,0,0,2,0,0,0.0,0,0,0,0,0,0,0,0,0,1,1,0,210.0,112.5,1.390728476821192,4.0,0,0.3125,1,0
244,Delibird,Insomnia,2,45.0,55.0,45.0,65.0,45.0,75.0,330.0,16.0,0.9,0.5,Delivery Pokémon,45,20,800000,70,0,0,0,1,1,No Preevolution,1.0,1.0,1.0,1.0,0.0,4.0,0.5,1.0,2.0,2.0,1.0,0.5,2.0,1.0,1.0,1.0,1.0,1.0,Vital Spirit,Hustle,0,0,74,130,0.569231,0,0,0,0,0,0,0,1,0,0,0,1,0,0,0,0,0,0,0,0,0.0,0,0,1,0,0,0,0,0,0,1,0,0,120.0,40.5,1.3186813186813187,10.0,1,0.2727272727272727,1,0
245,Mantine,Water Veil,2,85.0,40.0,70.0,80.0,140.0,70.0,485.0,220.0,2.1,0.5,Kite Pokémon,25,25,1250000,70,0,0,0,2,2,Mantyke,1.0,0.5,1.0,1.0,0.0,2.0,0.5,1.0,0.5,0.5,0.5,1.0,4.0,1.0,1.0,1.0,1.0,1.0,Swift Swim,Water Absorb,0,0,78,131,0.59542,0,0,0,0,0,0,0,1,0,0,0,0,0,0,0,0,0,1,0,0,0.0,0,0,0,0,0,0,0,0,1,1,0,0,120.0,178.5,0.5687203791469194,6.0,1,0.4329896907216495,1,0
246,Skarmory,Weak Armor,2,65.0,80.0,140.0,40.0,70.0,70.0,465.0,50.5,1.7,0.5,Armor Bird Pokémon,25,25,1250000,70,0,0,0,1,1,No Preevolution,0.5,1.0,0.5,0.0,0.0,1.0,0.25,1.0,0.5,2.0,1.0,0.25,2.0,0.5,1.0,0.5,1.0,0.5,Keen Eye,Sturdy,0,0,70,134,0.522388,0,0,0,0,0,0,0,1,0,0,0,0,0,0,0,0,1,0,0,0,0.0,0,0,0,1,0,0,0,0,1,0,0,0,120.0,136.5,0.5687203791469194,4.0,0,0.45161290322580644,1,0
247,Houndour,Unnerve,2,45.0,60.0,30.0,80.0,50.0,65.0,330.0,10.8,0.6,0.5,Dark Pokémon,120,20,1250000,35,0,0,0,1,2,No Preevolution,1.0,2.0,1.0,1.0,2.0,2.0,1.0,0.5,0.5,0.5,2.0,0.5,1.0,0.0,0.5,1.0,0.5,1.0,Early Bird,Flash Fire,0,0,58,126,0.460317,0,1,0,0,0,0,1,0,0,0,0,0,0,0,0,0,0,0,0,0,0.0,0,0,1,0,0,0,0,0,1,0,0,0,140.0,36.0,1.728395061728395,8.0,0,0.24242424242424243,1,0
248,Houndoom,Unnerve,2,75.0,90.0,50.0,110.0,80.0,95.0,500.0,35.0,1.4,0.5,Dark Pokémon,45,20,1250000,35,0,0,1,2,2,Houndour,1.0,2.0,1.0,1.0,2.0,2.0,1.0,0.5,0.5,0.5,2.0,0.5,1.0,0.0,0.5,1.0,0.5,1.0,Early Bird,Flash Fire,0,0,111,139,0.798561,0,1,0,0,0,0,1,0,0,0,0,0,0,0,0,0,0,0,0,0,0.0,0,0,1,0,0,0,0,0,1,0,0,0,200.0,97.5,1.5267175572519085,8.0,0,0.26,1,1
249,Mega Houndoom,None,2,75.0,90.0,90.0,140.0,90.0,115.0,600.0,49.5,1.9,0.5,Dark Pokémon,45,20,1250000,35,0,0,1,2,2,Houndoom,1.0,2.0,1.0,1.0,2.0,2.0,1.0,0.5,0.5,0.5,2.0,0.5,1.0,0.0,0.5,1.0,0.5,1.0,Solar Power,None,0,1,128,135,0.948148,0,1,0,0,0,0,1,0,0,0,0,0,0,0,0,0,0,0,0,0,0.0,0,0,1,0,0,0,0,0,1,0,0,0,230.0,135.0,1.270718232044199,8.0,0,0.3,1,1
250,Kingdra,Damp,2,75.0,95.0,95.0,95.0,95.0,85.0,540.0,152.0,1.8,0.5,Dragon Pokémon,45,20,1000000,70,0,0,0,3,3,Seadra,1.0,1.0,1.0,1.0,1.0,1.0,1.0,1.0,0.5,0.25,0.25,1.0,1.0,1.0,1.0,2.0,1.0,2.0,Swift Swim,Sniper,0,0,88,136,0.647059,0,0,1,0,0,0,0,0,0,0,0,0,0,0,0,0,0,1,0,0,0.0,1,0,0,0,0,0,0,0,0,1,0,0,190.0,142.5,0.9947643979057592,4.0,0,0.35185185185185186,1,0
251,Phanpy,Sand Veil,2,90.0,60.0,60.0,40.0,40.0,40.0,330.0,33.5,0.5,0.5,Long Nose Pokémon,120,20,1000000,70,0,0,0,1,2,No Preevolution,1.0,1.0,1.0,0.5,1.0,0.5,1.0,1.0,1.0,1.0,2.0,2.0,0.0,1.0,2.0,1.0,1.0,1.0,Pickup,None,0,0,39,132,0.295455,0,0,0,0,0,0,0,0,0,0,2,0,0,0,0,0,0,0,0,0,0.0,0,0,1,0,0,0,0,0,1,0,0,0,100.0,90.0,0.9900990099009901,6.0,0,0.30303030303030304,1,0
252,Donphan,Sand Veil,2,90.0,120.0,120.0,60.0,60.0,50.0,500.0,120.0,1.1,0.5,Armor Pokémon,60,20,1000000,70,0,0,0,2,2,Phanpy,1.0,1.0,1.0,0.5,1.0,0.5,1.0,1.0,1.0,1.0,2.0,2.0,0.0,1.0,2.0,1.0,1.0,1.0,Sturdy,None,0,0,48,136,0.352941,0,0,0,0,0,0,0,0,0,0,2,0,0,0,0,0,0,0,0,0,0.0,0,0,1,0,0,0,0,0,1,0,0,0,180.0,162.0,0.994475138121547,6.0,0,0.36,1,0
253,Porygon2,Analytic,2,85.0,80.0,90.0,105.0,95.0,60.0,515.0,32.5,0.6,0.5,Virtual Pokémon,45,20,1000000,70,0,0,0,2,3,Porygon,1.0,2.0,1.0,1.0,1.0,1.0,1.0,0.0,1.0,1.0,1.0,1.0,1.0,1.0,1.0,1.0,1.0,1.0,Trace,Download,1,0,53,108,0.490741,0,0,0,0,0,0,0,0,0,0,0,0,2,0,0,0,0,0,0,0,0.0,0,0,0,0,0,0,1,0,1,0,0,0,185.0,157.25,0.9946236559139785,2.0,0,0.3592233009708738,1,0
254,Stantler,Sap Sipper,2,73.0,95.0,62.0,85.0,65.0,85.0,465.0,71.2,1.4,0.5,Big Horn Pokémon,45,20,1250000,70,0,0,0,1,2,No Preevolution,1.0,2.0,1.0,1.0,1.0,1.0,1.0,0.0,1.0,1.0,1.0,1.0,1.0,1.0,1.0,1.0,1.0,1.0,Intimidate,Frisk,0,0,90,135,0.666667,0,0,0,0,0,0,0,0,0,0,0,0,2,0,0,0,0,0,0,0,0.0,0,0,1,0,0,0,0,0,1,0,0,0,180.0,92.71,1.40625,2.0,0,0.2731182795698925,1,0
255,Smeargle,Moody,2,55.0,20.0,35.0,20.0,45.0,75.0,250.0,58.0,1.2,0.5,Painter Pokémon,45,20,800000,70,0,0,0,1,1,No Preevolution,1.0,2.0,1.0,1.0,1.0,1.0,1.0,0.0,1.0,1.0,1.0,1.0,1.0,1.0,1.0,1.0,1.0,1.0,Own Tempo,Technician,0,0,52,138,0.376812,0,0,0,0,0,0,0,0,0,0,0,0,2,0,0,0,0,0,0,0,0.0,0,0,1,0,0,0,0,0,1,0,0,0,40.0,44.0,0.49382716049382713,2.0,0,0.32,1,0
256,Tyrogue,Vital Spirit,2,35.0,35.0,35.0,35.0,35.0,35.0,210.0,21.0,0.7,1.0,Scuffle Pokémon,75,25,1000000,70,0,0,0,1,2,No Preevolution,1.0,1.0,2.0,1.0,1.0,0.5,0.5,1.0,1.0,1.0,1.0,1.0,1.0,2.0,1.0,1.0,0.5,2.0,Guts,Steadfast,0,0,17,127,0.133858,0,0,0,0,0,2,0,0,0,0,0,0,0,0,0,0,0,0,0,0,0.0,0,0,0,0,0,0,0,0,2,0,0,0,70.0,24.5,0.9859154929577465,6.0,0,0.3333333333333333,1,0
257,Hitmontop,Steadfast,2,50.0,95.0,95.0,35.0,110.0,70.0,455.0,48.0,1.4,1.0,Handstand Pokémon,45,25,1000000,70,0,0,0,2,2,Tyrogue,1.0,1.0,2.0,1.0,1.0,0.5,0.5,1.0,1.0,1.0,1.0,1.0,1.0,2.0,1.0,1.0,0.5,2.0,Intimidate,Technician,0,0,72,139,0.517986,0,0,0,0,0,2,0,0,0,0,0,0,0,0,0,0,0,0,0,0,0.0,0,0,0,0,0,1,0,0,1,0,0,0,130.0,102.5,0.6310679611650486,6.0,0,0.45054945054945056,1,0
258,Smoochum,Hydration,2,45.0,30.0,15.0,85.0,65.0,65.0,305.0,6.0,0.4,0.0,Kiss Pokémon,45,25,1000000,70,0,0,0,1,2,No Preevolution,1.0,1.0,1.0,1.0,1.0,2.0,2.0,2.0,2.0,2.0,1.0,1.0,1.0,0.5,0.5,1.0,2.0,1.0,Oblivious,Forewarn,0,0,46,127,0.362205,0,0,0,0,0,0,0,0,0,0,0,1,0,0,1,0,0,0,0,0,0.0,0,0,0,0,0,0,0,0,2,0,0,0,115.0,36.0,1.4197530864197532,12.0,0,0.26229508196721313,1,0
259,Elekid,Vital Spirit,2,45.0,63.0,37.0,65.0,55.0,95.0,360.0,23.5,0.6,0.75,Electric Pokémon,45,25,1000000,70,0,0,0,1,3,No Preevolution,1.0,1.0,0.5,1.0,2.0,1.0,1.0,1.0,0.5,1.0,1.0,1.0,0.5,1.0,1.0,1.0,1.0,1.0,Static,None,0,0,116,144,0.805556,0,0,0,2,0,0,0,0,0,0,0,0,0,0,0,0,0,0,0,0,0.0,0,0,0,0,0,0,0,0,2,0,0,0,128.0,41.4,1.3763440860215055,2.0,0,0.25555555555555554,1,0
260,Magby,Vital Spirit,2,45.0,75.0,37.0,70.0,55.0,83.0,365.0,21.4,0.7,0.75,Live Coal Pokémon,45,25,1000000,70,0,0,0,1,3,No Preevolution,1.0,1.0,1.0,1.0,2.0,2.0,0.5,1.0,0.5,0.5,2.0,0.5,1.0,1.0,0.5,1.0,1.0,0.5,Flame Body,None,0,0,81,131,0.618321,0,0,0,0,0,0,2,0,0,0,0,0,0,0,0,0,0,0,0,0,0.0,0,0,0,0,0,0,0,0,2,0,0,0,145.0,41.4,1.5591397849462365,6.0,0,0.25205479452054796,1,0
261,Miltank,Sap Sipper,2,95.0,80.0,105.0,40.0,70.0,100.0,490.0,75.5,1.2,0.0,Milk Cow Pokémon,45,20,1250000,70,0,0,0,1,1,No Preevolution,1.0,2.0,1.0,1.0,1.0,1.0,1.0,0.0,1.0,1.0,1.0,1.0,1.0,1.0,1.0,1.0,1.0,1.0,Thick Fat,Scrappy,0,0,103,128,0.804688,0,0,0,0,0,0,0,0,0,0,0,0,2,0,0,0,0,0,0,0,0.0,0,0,1,0,0,0,0,0,1,0,0,0,120.0,166.25,0.6818181818181818,2.0,0,0.35714285714285715,1,0
262,Blissey,Healer,2,255.0,10.0,10.0,75.0,135.0,55.0,540.0,46.8,1.5,0.0,Happiness Pokémon,30,40,800000,140,0,0,0,3,3,Chansey,1.0,2.0,1.0,1.0,1.0,1.0,1.0,0.0,1.0,1.0,1.0,1.0,1.0,1.0,1.0,1.0,1.0,1.0,Natural Cure,Serene Grace,0,0,40,128,0.3125,0,0,0,0,0,0,0,0,0,0,0,0,2,0,0,0,0,0,0,0,0.0,0,1,0,0,0,0,0,0,1,0,0,0,85.0,369.75,0.5821917808219178,2.0,0,0.26851851851851855,1,0
263,Raikou,Inner Focus,2,90.0,85.0,75.0,115.0,100.0,115.0,580.0,178.0,1.9,0.5,Thunder Pokémon,3,80,1250000,35,1,0,0,1,1,No Preevolution,1.0,1.0,0.5,1.0,2.0,1.0,1.0,1.0,0.5,1.0,1.0,1.0,0.5,1.0,1.0,1.0,1.0,1.0,Pressure,None,1,0,91,97,0.938144,0,0,0,2,0,0,0,0,0,0,0,0,0,0,0,0,0,0,0,0,0.0,0,0,0,0,0,0,0,0,2,0,0,0,200.0,157.5,1.1363636363636365,2.0,0,0.3017241379310345,1,1
264,Entei,Inner Focus,2,115.0,115.0,85.0,90.0,75.0,100.0,580.0,198.0,2.1,0.5,Volcano Pokémon,3,80,1250000,35,1,0,0,1,1,No Preevolution,1.0,1.0,1.0,1.0,2.0,2.0,0.5,1.0,0.5,0.5,2.0,0.5,1.0,1.0,0.5,1.0,1.0,0.5,Pressure,None,1,0,109,134,0.813433,0,0,0,0,0,0,2,0,0,0,0,0,0,0,0,0,0,0,0,0,0.0,0,0,0,0,0,0,0,0,2,0,0,0,205.0,184.0,1.2732919254658386,6.0,0,0.27586206896551724,1,1
265,Suicune,Inner Focus,2,100.0,75.0,115.0,90.0,115.0,85.0,580.0,187.0,2.0,0.5,Aurora Pokémon,3,80,1250000,35,1,0,0,1,1,No Preevolution,1.0,1.0,1.0,1.0,1.0,1.0,1.0,1.0,0.5,0.5,0.5,2.0,2.0,1.0,0.5,1.0,1.0,1.0,Pressure,None,1,0,78,121,0.644628,0,0,0,0,0,0,0,0,0,0,0,0,0,0,0,0,0,2,0,0,0.0,0,0,0,0,0,0,0,0,2,0,0,0,165.0,230.0,0.7142857142857143,4.0,0,0.39655172413793105,1,1
266,Larvitar,Sand Veil,2,50.0,64.0,50.0,45.0,50.0,41.0,300.0,72.0,0.6,0.5,Rock Skin Pokémon,45,40,1250000,35,0,0,0,1,3,No Preevolution,0.5,2.0,0.5,0.25,2.0,0.5,1.0,1.0,2.0,0.5,4.0,4.0,0.0,1.0,2.0,1.0,1.0,1.0,Guts,None,0,0,25,110,0.227273,0,0,0,0,0,0,0,0,0,0,1,0,0,0,0,1,0,0,0,0,0.0,0,0,0,0,0,0,0,1,1,0,0,0,109.0,50.0,1.0792079207920793,16.0,2,0.3333333333333333,1,0
267,Pupitar,None,2,70.0,84.0,70.0,65.0,70.0,51.0,410.0,152.0,1.2,0.5,Hard Shell Pokémon,45,40,1250000,35,0,0,0,2,3,Larvitar,0.5,2.0,0.5,0.25,2.0,0.5,1.0,1.0,2.0,0.5,4.0,4.0,0.0,1.0,2.0,1.0,1.0,1.0,Shed Skin,None,0,0,41,139,0.294964,0,0,0,0,0,0,0,0,0,0,1,0,0,0,0,1,0,0,0,0,0.0,0,0,0,0,0,0,0,1,1,0,0,0,149.0,98.0,1.0567375886524824,16.0,2,0.34146341463414637,1,0
268,Tyranitar,Unnerve,2,100.0,134.0,110.0,95.0,100.0,61.0,600.0,202.0,2.0,0.5,Armor Pokémon,45,40,1250000,35,0,0,1,3,3,Pupitar,0.5,4.0,0.5,0.5,2.0,1.0,2.0,0.5,2.0,0.5,2.0,2.0,1.0,0.0,1.0,1.0,0.5,2.0,Sand Stream,None,0,0,56,138,0.405797,0,1,0,0,0,0,0,0,0,0,0,0,0,0,0,1,0,0,0,0,0.0,0,0,0,0,0,0,0,1,1,0,0,0,229.0,210.0,1.085308056872038,16.0,1,0.35,1,1
269,Mega Tyranitar,None,2,100.0,164.0,150.0,95.0,120.0,71.0,700.0,255.0,2.5,0.5,Armor Pokémon,45,40,1250000,35,0,0,1,3,3,Tyranitar,0.5,4.0,0.5,0.5,2.0,1.0,2.0,0.5,2.0,0.5,2.0,2.0,1.0,0.0,1.0,1.0,0.5,2.0,Sand Stream,None,0,1,70,124,0.564516,0,1,0,0,0,0,0,0,0,0,0,0,0,0,0,1,0,0,0,0,0.0,0,0,0,0,0,0,0,1,1,0,0,0,259.0,270.0,0.955719557195572,16.0,1,0.38571428571428573,1,1
270,Lugia,Multiscale,2,106.0,90.0,130.0,90.0,154.0,110.0,680.0,216.0,5.2,0.5,Diving Pokémon,3,120,1250000,0,1,0,0,1,1,No Preevolution,1.0,0.25,1.0,1.0,0.0,2.0,1.0,2.0,1.0,1.0,1.0,0.5,2.0,0.5,2.0,1.0,2.0,1.0,Pressure,None,1,0,107,123,0.869919,0,0,0,0,0,0,0,1,0,0,0,0,0,0,1,0,0,0,0,0,0.0,0,0,0,0,0,0,0,0,2,0,0,0,180.0,301.04,0.631578947368421,10.0,0,0.4176470588235294,1,1
271,Ho-oh,Regenerator,2,106.0,130.0,90.0,110.0,154.0,90.0,680.0,199.0,3.8,0.5,Rainbow Pokémon,3,120,1250000,0,1,0,0,1,1,No Preevolution,1.0,0.5,1.0,1.0,0.0,4.0,0.25,1.0,0.5,0.5,2.0,0.25,2.0,1.0,1.0,1.0,1.0,0.5,Pressure,None,1,0,77,107,0.719626,0,0,0,0,0,0,1,1,0,0,0,0,0,0,0,0,0,0,0,0,0.0,0,0,0,0,0,0,0,0,2,0,0,0,240.0,258.64,0.9795918367346939,8.0,1,0.3588235294117647,1,1
272,Celebi,None,2,100.0,100.0,100.0,100.0,100.0,100.0,600.0,5.0,0.6,0.5,Time Travel Pokémon,45,120,1059860,100,0,1,0,1,1,No Preevolution,1.0,0.5,2.0,2.0,0.5,1.0,4.0,2.0,1.0,2.0,0.5,0.5,0.5,0.5,2.0,1.0,2.0,1.0,Natural Cure,None,1,0,111,133,0.834586,0,0,0,0,0,0,0,0,0,1,0,0,0,0,1,0,0,0,0,0,0.0,0,0,0,0,0,0,0,0,2,0,0,0,200.0,200.0,0.9950248756218906,16.0,1,0.3333333333333333,1,1
273,Treecko,Unburden,3,40.0,45.0,35.0,65.0,55.0,70.0,310.0,5.0,0.5,0.875,Wood Gecko Pokémon,45,20,1059860,70,0,0,0,1,3,No Preevolution,1.0,1.0,2.0,2.0,0.5,1.0,2.0,1.0,1.0,2.0,0.5,0.5,0.5,1.0,2.0,1.0,1.0,1.0,Overgrow,None,0,0,52,116,0.448276,0,0,0,0,0,0,0,0,0,2,0,0,0,0,0,0,0,0,0,0,0.0,1,0,0,0,0,0,0,1,0,0,0,0,110.0,36.0,1.2087912087912087,10.0,0,0.2903225806451613,1,0
274,Grovyle,Unburden,3,50.0,65.0,45.0,85.0,65.0,95.0,405.0,21.6,0.9,0.875,Wood Gecko Pokémon,45,20,1059860,70,0,0,0,2,3,Treecko,1.0,1.0,2.0,2.0,0.5,1.0,2.0,1.0,1.0,2.0,0.5,0.5,0.5,1.0,2.0,1.0,1.0,1.0,Overgrow,None,0,0,76,105,0.72381,0,0,0,0,0,0,0,0,0,2,0,0,0,0,0,0,0,0,0,0,0.0,1,0,0,0,0,0,0,1,0,0,0,0,150.0,55.0,1.3513513513513513,10.0,0,0.2716049382716049,1,0
275,Sceptile,Unburden,3,70.0,85.0,65.0,105.0,85.0,120.0,530.0,52.2,1.7,0.875,Forest Pokémon,45,20,1059860,70,0,0,1,3,3,Grovyle,1.0,1.0,2.0,2.0,0.5,1.0,2.0,1.0,1.0,2.0,0.5,0.5,0.5,1.0,2.0,1.0,1.0,1.0,Overgrow,None,0,0,113,122,0.92623,0,0,0,0,0,0,0,0,0,2,0,0,0,0,0,0,0,0,0,0,0.0,1,0,0,0,0,0,0,1,0,0,0,0,190.0,105.0,1.2582781456953642,10.0,0,0.2830188679245283,1,1
276,Mega Sceptile,None,3,70.0,110.0,75.0,145.0,85.0,145.0,630.0,55.2,1.9,0.875,Forest Pokémon,45,20,1059860,70,0,0,1,3,3,Sceptile,1.0,1.0,2.0,2.0,0.5,1.0,2.0,1.0,1.0,1.0,0.25,0.25,0.0,1.0,4.0,2.0,1.0,2.0,Lightning Rod,None,0,1,119,126,0.944444,0,0,1,0,0,0,0,0,0,1,0,0,0,0,0,0,0,0,0,0,0.0,1,0,0,0,0,0,0,1,0,0,0,0,255.0,112.0,1.5838509316770186,14.0,1,0.25396825396825395,1,1
277,Torchic,Speed Boost,3,45.0,60.0,40.0,70.0,50.0,45.0,310.0,2.5,0.4,0.875,Chick Pokémon,45,20,1059860,70,0,0,0,1,3,No Preevolution,1.0,1.0,1.0,1.0,2.0,2.0,0.5,1.0,0.5,0.5,2.0,0.5,1.0,1.0,0.5,1.0,1.0,0.5,Blaze,None,0,0,39,137,0.284672,0,0,0,0,0,0,2,0,0,0,0,0,0,0,0,0,0,0,0,0,0.0,0,0,1,0,0,0,0,0,1,0,0,0,130.0,40.5,1.4285714285714286,6.0,0,0.2903225806451613,1,0
278,Combusken,Speed Boost,3,60.0,85.0,60.0,85.0,60.0,55.0,405.0,19.5,0.9,0.875,Young Fowl Pokémon,45,20,1059860,70,0,0,0,2,3,Torchic,1.0,1.0,2.0,1.0,2.0,1.0,0.25,1.0,0.5,0.5,2.0,0.5,1.0,2.0,0.5,1.0,0.5,1.0,Blaze,None,0,0,54,147,0.367347,0,0,0,0,0,1,1,0,0,0,0,0,0,0,0,0,0,0,0,0,0.0,0,0,1,0,0,0,0,0,1,0,0,0,170.0,72.0,1.4049586776859504,8.0,0,0.2962962962962963,1,0
279,Blaziken,Speed Boost,3,80.0,120.0,70.0,110.0,70.0,80.0,530.0,52.0,1.9,0.875,Blaze Pokémon,45,20,1059860,70,0,0,1,3,3,Combusken,1.0,1.0,2.0,1.0,2.0,1.0,0.25,1.0,0.5,0.5,2.0,0.5,1.0,2.0,0.5,1.0,0.5,1.0,Blaze,None,0,0,79,123,0.642276,0,0,0,0,0,1,1,0,0,0,0,0,0,0,0,0,0,0,0,0,0.0,0,0,1,0,0,0,0,0,1,0,0,0,230.0,112.0,1.6312056737588652,8.0,0,0.2641509433962264,1,1
280,Mega Blaziken,None,3,80.0,160.0,80.0,130.0,80.0,100.0,630.0,52.0,1.9,0.875,Blaze Pokémon,45,20,1059860,70,0,0,1,3,3,Blaziken,1.0,1.0,2.0,1.0,2.0,1.0,0.25,1.0,0.5,0.5,2.0,0.5,1.0,2.0,0.5,1.0,0.5,1.0,Speed Boost,None,0,1,104,123,0.845528,0,0,0,0,0,1,1,0,0,0,0,0,0,0,0,0,0,0,0,0,0.0,0,0,1,0,0,0,0,0,1,0,0,0,290.0,128.0,1.8012422360248448,8.0,0,0.25396825396825395,1,1
281,Mudkip,Damp,3,50.0,70.0,50.0,50.0,50.0,40.0,310.0,7.6,0.4,0.875,Mud Fish Pokémon,45,20,1059860,70,0,0,0,1,3,No Preevolution,1.0,1.0,1.0,1.0,1.0,1.0,1.0,1.0,0.5,0.5,0.5,2.0,2.0,1.0,0.5,1.0,1.0,1.0,Torrent,None,0,0,22,135,0.162963,0,0,0,0,0,0,0,0,0,0,0,0,0,0,0,0,0,2,0,0,0.0,0,0,0,0,0,0,0,1,0,1,0,0,120.0,50.0,1.188118811881188,4.0,0,0.3225806451612903,1,0
282,Marshtomp,Damp,3,70.0,85.0,70.0,60.0,70.0,50.0,405.0,28.0,0.7,0.875,Mud Fish Pokémon,45,20,1059860,70,0,0,0,2,3,Mudkip,1.0,1.0,1.0,0.5,1.0,0.5,1.0,1.0,0.5,0.5,1.0,4.0,0.0,1.0,1.0,1.0,1.0,1.0,Torrent,None,0,0,42,148,0.283784,0,0,0,0,0,0,0,0,0,0,1,0,0,0,0,0,0,1,0,0,0.0,0,0,0,0,0,0,0,1,0,1,0,0,145.0,98.0,1.0283687943262412,4.0,1,0.345679012345679,1,0
283,Swampert,Damp,3,100.0,110.0,90.0,85.0,90.0,60.0,535.0,81.9,1.5,0.875,Mud Fish Pokémon,45,20,1059860,70,0,0,1,3,3,Marshtomp,1.0,1.0,1.0,0.5,1.0,0.5,1.0,1.0,0.5,0.5,1.0,4.0,0.0,1.0,1.0,1.0,1.0,1.0,Torrent,None,0,0,65,136,0.477941,0,0,0,0,0,0,0,0,0,0,1,0,0,0,0,0,0,1,0,0,0.0,0,0,0,0,0,0,0,1,0,1,0,0,195.0,180.0,1.0773480662983426,4.0,1,0.3364485981308411,1,1
284,Mega Swampert,None,3,100.0,150.0,110.0,95.0,110.0,70.0,635.0,102.0,1.9,0.875,Mud Fish Pokémon,45,20,1059860,70,0,0,1,3,3,Swampert,1.0,1.0,1.0,0.5,1.0,0.5,1.0,1.0,0.5,0.5,1.0,4.0,0.0,1.0,1.0,1.0,1.0,1.0,Swift Swim,None,0,1,77,130,0.592308,0,0,0,0,0,0,0,0,0,0,1,0,0,0,0,0,0,1,0,0,0.0,0,0,0,0,0,0,0,1,0,1,0,0,245.0,220.0,1.1085972850678734,4.0,1,0.3464566929133858,1,1
285,Poochyena,Rattled,3,35.0,55.0,35.0,30.0,30.0,35.0,220.0,13.6,0.5,0.5,Bite Pokémon,255,15,1000000,70,0,0,0,1,2,No Preevolution,1.0,2.0,1.0,1.0,1.0,1.0,2.0,0.5,1.0,1.0,1.0,1.0,1.0,0.0,1.0,1.0,0.5,2.0,Run Away,Quick Feet,0,0,27,114,0.236842,0,2,0,0,0,0,0,0,0,0,0,0,0,0,0,0,0,0,0,0,0.0,0,0,1,0,0,0,0,0,1,0,0,0,85.0,22.75,1.2878787878787878,6.0,0,0.29545454545454547,1,0
286,Mightyena,Moxie,3,70.0,90.0,70.0,60.0,60.0,70.0,420.0,37.0,1.0,0.5,Bite Pokémon,127,15,1000000,70,0,0,0,2,2,Poochyena,1.0,2.0,1.0,1.0,1.0,1.0,2.0,0.5,1.0,1.0,1.0,1.0,1.0,0.0,1.0,1.0,0.5,2.0,Intimidate,Quick Feet,0,0,85,133,0.639098,0,2,0,0,0,0,0,0,0,0,0,0,0,0,0,0,0,0,0,0,0.0,0,0,1,0,0,0,0,0,1,0,0,0,150.0,91.0,1.1450381679389312,6.0,0,0.30952380952380953,1,0
287,Zigzagoon,Quick Feet,3,38.0,30.0,41.0,30.0,41.0,60.0,240.0,17.5,0.4,0.5,Tiny Raccoon Pokémon,255,15,1000000,70,0,0,0,1,2,No Preevolution,1.0,2.0,1.0,1.0,1.0,1.0,1.0,0.0,1.0,1.0,1.0,1.0,1.0,1.0,1.0,1.0,1.0,1.0,Pickup,Gluttony,0,0,31,107,0.28972,0,0,0,0,0,0,0,0,0,0,0,0,2,0,0,0,0,0,0,0,0.0,0,0,1,0,0,0,0,0,1,0,0,0,60.0,31.16,0.7228915662650602,2.0,0,0.3416666666666667,1,0
288,Linoone,Quick Feet,3,78.0,70.0,61.0,50.0,61.0,100.0,420.0,32.5,0.5,0.5,Rushing Pokémon,90,15,1000000,70,0,0,0,2,2,Zigzagoon,1.0,2.0,1.0,1.0,1.0,1.0,1.0,0.0,1.0,1.0,1.0,1.0,1.0,1.0,1.0,1.0,1.0,1.0,Pickup,Gluttony,0,0,101,124,0.814516,0,0,0,0,0,0,0,0,0,0,0,0,2,0,0,0,0,0,0,0,0.0,0,0,1,0,0,0,0,0,1,0,0,0,120.0,95.16,0.975609756097561,2.0,0,0.2904761904761905,1,0
289,Wurmple,Run Away,3,45.0,45.0,35.0,20.0,30.0,20.0,195.0,3.6,0.3,0.5,Worm Pokémon,255,15,1000000,70,0,0,0,1,3,No Preevolution,1.0,0.5,2.0,1.0,0.5,2.0,1.0,1.0,1.0,2.0,1.0,0.5,1.0,1.0,1.0,1.0,1.0,1.0,Shield Dust,None,0,0,10,138,0.072464,2,0,0,0,0,0,0,0,0,0,0,0,0,0,0,0,0,0,0,1,0.0,0,0,0,0,0,0,0,0,1,0,0,0,65.0,29.25,0.9848484848484849,6.0,0,0.3333333333333333,1,0
290,Silcoon,None,3,50.0,35.0,55.0,25.0,25.0,15.0,205.0,10.0,0.6,0.5,Cocoon Pokémon,120,15,1000000,70,0,0,0,2,3,Wurmple,1.0,0.5,2.0,1.0,0.5,2.0,1.0,1.0,1.0,2.0,1.0,0.5,1.0,1.0,1.0,1.0,1.0,1.0,Shed Skin,None,0,0,3,138,0.021739,2,0,0,0,0,0,0,0,0,0,0,0,0,0,0,0,0,0,0,1,0.0,0,0,0,0,0,0,0,0,1,0,0,0,60.0,40.0,0.7407407407407407,6.0,0,0.3902439024390244,1,0
291,Beautifly,Rivalry,3,60.0,70.0,50.0,100.0,50.0,65.0,395.0,28.4,1.0,0.5,Butterfly Pokémon,45,15,1000000,70,0,0,0,3,3,Silcoon,1.0,0.25,2.0,1.0,0.0,4.0,0.5,1.0,1.0,2.0,1.0,0.25,2.0,1.0,2.0,1.0,1.0,1.0,Swarm,None,0,0,72,138,0.521739,1,0,0,0,0,0,0,1,0,0,0,0,0,0,0,0,0,0,0,1,0.0,0,0,0,0,0,0,0,0,1,0,0,0,170.0,60.0,1.683168316831683,12.0,1,0.25316455696202533,1,0
292,Cascoon,None,3,50.0,35.0,55.0,25.0,25.0,15.0,205.0,11.5,0.7,0.5,Cocoon Pokémon,120,15,1000000,70,0,0,0,2,3,Wurmple,1.0,0.5,2.0,1.0,0.5,2.0,1.0,1.0,1.0,2.0,1.0,0.5,1.0,1.0,1.0,1.0,1.0,1.0,Shed Skin,None,0,0,7,133,0.052632,2,0,0,0,0,0,0,0,0,0,0,0,0,0,0,0,0,0,0,1,0.0,0,0,0,0,0,0,0,0,1,0,0,0,60.0,40.0,0.7407407407407407,6.0,0,0.3902439024390244,1,0
293,Dustox,Compound Eyes,3,60.0,50.0,70.0,50.0,90.0,65.0,385.0,31.6,1.2,0.5,Poison Moth Pokémon,45,15,1000000,70,0,0,0,3,3,Cascoon,1.0,0.25,2.0,0.5,1.0,2.0,0.5,1.0,1.0,2.0,1.0,0.25,1.0,2.0,1.0,1.0,1.0,0.5,Shield Dust,None,0,0,55,139,0.395683,1,0,0,0,0,0,0,0,0,0,0,0,0,1,0,0,0,0,0,1,0.0,0,0,0,0,0,0,0,0,1,0,0,0,100.0,96.0,0.6211180124223602,8.0,0,0.4155844155844156,1,0
294,Lotad,Own Tempo,3,40.0,30.0,30.0,40.0,50.0,30.0,220.0,2.6,0.5,0.5,Water Weed Pokémon,255,15,1059860,70,0,0,0,1,3,No Preevolution,1.0,1.0,2.0,2.0,0.5,1.0,2.0,1.0,0.5,1.0,0.25,1.0,1.0,1.0,1.0,1.0,1.0,1.0,Swift Swim,Rain Dish,0,0,10,126,0.079365,0,0,0,0,0,0,0,0,0,1,0,0,0,0,0,0,0,1,0,0,0.0,0,0,0,0,1,0,0,0,0,1,0,0,70.0,32.0,0.8641975308641975,6.0,0,0.36363636363636365,1,0
295,Lombre,Own Tempo,3,60.0,50.0,50.0,60.0,70.0,50.0,340.0,32.5,1.2,0.5,Jolly Pokémon,120,15,1059860,70,0,0,0,2,3,Lotad,1.0,1.0,2.0,2.0,0.5,1.0,2.0,1.0,0.5,1.0,0.25,1.0,1.0,1.0,1.0,1.0,1.0,1.0,Swift Swim,Rain Dish,0,0,36,127,0.283465,0,0,0,0,0,0,0,0,0,1,0,0,0,0,0,0,0,1,0,0,0.0,0,0,0,0,1,0,0,0,0,1,0,0,110.0,72.0,0.9090909090909091,6.0,0,0.35294117647058826,1,0
296,Ludicolo,Own Tempo,3,80.0,70.0,70.0,90.0,100.0,70.0,480.0,55.0,1.5,0.5,Carefree Pokémon,45,15,1059860,70,0,0,0,3,3,Lombre,1.0,1.0,2.0,2.0,0.5,1.0,2.0,1.0,0.5,1.0,0.25,1.0,1.0,1.0,1.0,1.0,1.0,1.0,Swift Swim,Rain Dish,0,0,69,123,0.560976,0,0,0,0,0,0,0,0,0,1,0,0,0,0,0,0,0,1,0,0,0.0,0,0,0,0,1,0,0,0,0,1,0,0,160.0,136.0,0.935672514619883,6.0,0,0.3541666666666667,1,0
297,Seedot,Pickpocket,3,40.0,40.0,50.0,30.0,30.0,30.0,220.0,4.0,0.5,0.5,Acorn Pokémon,255,15,1059860,70,0,0,0,1,3,No Preevolution,1.0,1.0,2.0,2.0,0.5,1.0,2.0,1.0,1.0,2.0,0.5,0.5,0.5,1.0,2.0,1.0,1.0,1.0,Chlorophyll,Early Bird,0,0,11,126,0.087302,0,0,0,0,0,0,0,0,0,2,0,0,0,0,0,0,0,0,0,0,0.0,0,0,1,0,1,0,0,0,0,0,0,0,70.0,32.0,0.8641975308641975,10.0,0,0.36363636363636365,1,0
298,Nuzleaf,Pickpocket,3,70.0,70.0,40.0,60.0,40.0,60.0,340.0,28.0,1.0,0.5,Wily Pokémon,120,15,1059860,70,0,0,0,2,3,Seedot,1.0,2.0,2.0,2.0,0.5,1.0,4.0,0.5,1.0,2.0,0.5,0.5,0.5,0.0,2.0,1.0,0.5,2.0,Chlorophyll,Early Bird,0,0,48,113,0.424779,0,1,0,0,0,0,0,0,0,1,0,0,0,0,0,0,0,0,0,0,0.0,0,0,1,0,1,0,0,0,0,0,0,0,130.0,56.0,1.6049382716049383,16.0,1,0.23529411764705882,1,0
299,Shiftry,Pickpocket,3,90.0,100.0,60.0,90.0,60.0,80.0,480.0,59.6,1.3,0.5,Wicked Pokémon,45,15,1059860,70,0,0,0,3,3,Nuzleaf,1.0,2.0,2.0,2.0,0.5,1.0,4.0,0.5,1.0,2.0,0.5,0.5,0.5,0.0,2.0,1.0,0.5,2.0,Chlorophyll,Wind Rider,0,0,79,123,0.642276,0,1,0,0,0,0,0,0,0,1,0,0,0,0,0,0,0,0,0,0,0.0,0,0,1,0,1,0,0,0,0,0,0,0,190.0,108.0,1.5702479338842976,16.0,1,0.25,1,0
300,Taillow,Scrappy,3,40.0,55.0,30.0,30.0,30.0,85.0,270.0,2.3,0.3,0.5,Tiny Swallow Pokémon,200,15,1059860,70,0,0,0,1,2,No Preevolution,1.0,1.0,1.0,1.0,0.0,2.0,0.5,0.0,1.0,1.0,1.0,0.5,2.0,1.0,2.0,1.0,1.0,1.0,Guts,None,0,0,86,125,0.688,0,0,0,0,0,0,0,1,0,0,0,0,1,0,0,0,0,0,0,0,0.0,0,0,0,1,0,0,0,0,1,0,0,0,85.0,24.0,1.3934426229508197,6.0,0,0.2222222222222222,1,0
301,Swellow,Scrappy,3,60.0,85.0,60.0,75.0,50.0,125.0,455.0,19.8,0.7,0.5,Swallow Pokémon,45,15,1059860,70,0,0,0,2,2,Taillow,1.0,1.0,1.0,1.0,0.0,2.0,0.5,0.0,1.0,1.0,1.0,0.5,2.0,1.0,2.0,1.0,1.0,1.0,Guts,None,0,0,110,121,0.909091,0,0,0,0,0,0,0,1,0,0,0,0,1,0,0,0,0,0,0,0,0.0,0,0,0,1,0,0,0,0,1,0,0,0,160.0,66.0,1.4414414414414414,6.0,0,0.24175824175824176,1,0
302,Wingull,Rain Dish,3,40.0,30.0,30.0,55.0,30.0,85.0,270.0,9.5,0.6,0.5,Seagull Pokémon,190,20,1000000,70,0,0,0,1,2,No Preevolution,1.0,0.5,1.0,1.0,0.0,2.0,0.5,1.0,0.5,0.5,0.5,1.0,4.0,1.0,1.0,1.0,1.0,1.0,Keen Eye,Hydration,0,0,56,120,0.466667,0,0,0,0,0,0,0,1,0,0,0,0,0,0,0,0,0,1,0,0,0.0,0,0,0,1,0,0,0,0,0,1,0,0,85.0,24.0,1.3934426229508197,6.0,1,0.2222222222222222,1,0
303,Pelipper,Rain Dish,3,60.0,50.0,100.0,95.0,70.0,65.0,440.0,28.0,1.2,0.5,Water Bird Pokémon,45,20,1000000,70,0,0,0,2,2,Wingull,1.0,0.5,1.0,1.0,0.0,2.0,0.5,1.0,0.5,0.5,0.5,1.0,4.0,1.0,1.0,1.0,1.0,1.0,Keen Eye,Drizzle,0,0,59,124,0.475806,0,0,0,0,0,0,0,1,0,0,0,0,0,0,0,0,0,1,0,0,0.0,0,0,0,1,0,0,0,0,0,1,0,0,145.0,102.0,0.847953216374269,6.0,1,0.38636363636363635,1,0
304,Ralts,Telepathy,3,28.0,25.0,25.0,45.0,35.0,40.0,198.0,6.6,0.4,0.5,Feeling Pokémon,235,20,1250000,35,0,0,0,1,3,No Preevolution,1.0,0.25,1.0,2.0,1.0,1.0,1.0,2.0,2.0,1.0,1.0,1.0,1.0,0.5,1.0,0.0,1.0,1.0,Synchronize,Trace,0,0,23,143,0.160839,0,0,0,0,1,0,0,0,0,0,0,0,0,0,1,0,0,0,1,0,0.0,0,0,0,0,0,1,0,0,0,0,0,0,70.0,16.8,1.1475409836065573,6.0,0,0.30303030303030304,1,0
305,Kirlia,Telepathy,3,38.0,35.0,35.0,65.0,55.0,50.0,278.0,20.2,0.8,0.5,Emotion Pokémon,120,20,1250000,35,0,0,0,2,3,Ralts,1.0,0.25,1.0,2.0,1.0,1.0,1.0,2.0,2.0,1.0,1.0,1.0,1.0,0.5,1.0,0.0,1.0,1.0,Synchronize,Trace,0,0,36,136,0.264706,0,0,0,0,1,0,0,0,0,0,0,0,0,0,1,0,0,0,1,0,0.0,0,0,0,0,0,1,0,0,0,0,0,0,100.0,34.2,1.098901098901099,6.0,0,0.3237410071942446,1,0
306,Gardevoir,Telepathy,3,68.0,65.0,65.0,125.0,115.0,80.0,518.0,48.4,1.6,0.5,Embrace Pokémon,45,20,1250000,35,0,0,1,3,3,Kirlia,1.0,0.25,1.0,2.0,1.0,1.0,1.0,2.0,2.0,1.0,1.0,1.0,1.0,0.5,1.0,0.0,1.0,1.0,Synchronize,Trace,0,0,84,130,0.646154,0,0,0,0,1,0,0,0,0,0,0,0,0,0,1,0,0,0,1,0,0.0,0,0,0,0,0,1,0,0,0,0,0,0,190.0,122.4,1.0497237569060773,6.0,0,0.3474903474903475,1,1
307,Mega Gardevoir,None,3,68.0,85.0,65.0,165.0,135.0,100.0,618.0,48.4,1.6,0.5,Embrace Pokémon,45,20,1250000,70,0,0,1,3,3,Gardevoir,1.0,0.25,1.0,2.0,1.0,1.0,1.0,2.0,2.0,1.0,1.0,1.0,1.0,0.5,1.0,0.0,1.0,1.0,Pixilate,None,0,1,97,120,0.808333,0,0,0,0,1,0,0,0,0,0,0,0,0,0,1,0,0,0,1,0,0.0,0,0,0,0,0,1,0,0,0,0,0,0,250.0,136.0,1.243781094527363,6.0,0,0.32362459546925565,1,1
308,Surskit,Rain Dish,3,40.0,30.0,32.0,50.0,52.0,65.0,269.0,1.7,0.5,0.5,Pond Skater Pokémon,200,15,1000000,70,0,0,0,1,2,No Preevolution,1.0,0.5,2.0,1.0,0.5,2.0,1.0,1.0,0.5,1.0,0.5,1.0,2.0,1.0,0.5,1.0,1.0,1.0,Swift Swim,None,0,0,47,128,0.367188,1,0,0,0,0,0,0,0,0,0,0,0,0,0,0,0,0,1,0,1,0.0,0,0,0,0,0,0,0,0,0,1,0,0,80.0,33.6,0.9411764705882353,6.0,0,0.31226765799256506,1,0
309,Masquerain,Unnerve,3,70.0,60.0,62.0,100.0,82.0,80.0,454.0,3.6,0.8,0.5,Eyeball Pokémon,75,15,1000000,70,0,0,0,2,2,Surskit,1.0,0.25,2.0,1.0,0.0,4.0,0.5,1.0,1.0,2.0,1.0,0.25,2.0,1.0,2.0,1.0,1.0,1.0,Intimidate,None,0,0,63,144,0.4375,1,0,0,0,0,0,0,1,0,0,0,0,0,0,0,0,0,0,0,1,0.0,0,0,0,0,0,0,0,0,0,1,0,0,160.0,100.8,1.103448275862069,12.0,1,0.31718061674008813,1,0
310,Shroomish,Quick Feet,3,60.0,40.0,60.0,40.0,60.0,35.0,295.0,4.5,0.4,0.5,Mushroom Pokémon,255,15,1640000,70,0,0,0,1,2,No Preevolution,1.0,1.0,2.0,2.0,0.5,1.0,2.0,1.0,1.0,2.0,0.5,0.5,0.5,1.0,2.0,1.0,1.0,1.0,Effect Spore,Poison Heal,0,0,26,144,0.180556,0,0,0,0,0,0,0,0,0,2,0,0,0,0,0,0,0,0,0,0,0.0,0,1,0,0,1,0,0,0,0,0,0,0,80.0,72.0,0.6611570247933884,10.0,0,0.4067796610169492,1,0
311,Breloom,Technician,3,60.0,130.0,80.0,60.0,60.0,70.0,460.0,39.2,1.2,0.5,Mushroom Pokémon,90,15,1640000,70,0,0,0,2,2,Shroomish,1.0,1.0,4.0,2.0,0.5,0.5,1.0,1.0,1.0,2.0,0.5,0.5,0.5,2.0,2.0,1.0,0.5,2.0,Effect Spore,Poison Heal,0,0,67,130,0.515385,0,0,0,0,0,1,0,0,0,1,0,0,0,0,0,0,0,0,0,0,0.0,0,1,0,0,1,0,0,0,0,0,0,0,190.0,84.0,1.3475177304964538,14.0,1,0.30434782608695654,1,0
312,Slakoth,None,3,60.0,60.0,60.0,35.0,35.0,30.0,280.0,24.0,0.8,0.5,Slacker Pokémon,255,15,1250000,70,0,0,0,1,3,No Preevolution,1.0,2.0,1.0,1.0,1.0,1.0,1.0,0.0,1.0,1.0,1.0,1.0,1.0,1.0,1.0,1.0,1.0,1.0,Truant,None,0,0,15,134,0.11194,0,0,0,0,0,0,0,0,0,0,0,0,2,0,0,0,0,0,0,0,0.0,0,0,1,0,0,0,0,0,1,0,0,0,95.0,57.0,0.9895833333333334,2.0,0,0.3392857142857143,1,0
313,Vigoroth,None,3,80.0,80.0,80.0,55.0,55.0,90.0,440.0,46.5,1.4,0.5,Wild Monkey Pokémon,120,15,1250000,70,0,0,0,2,3,Slakoth,1.0,2.0,1.0,1.0,1.0,1.0,1.0,0.0,1.0,1.0,1.0,1.0,1.0,1.0,1.0,1.0,1.0,1.0,Vital Spirit,None,0,0,86,134,0.641791,0,0,0,0,0,0,0,0,0,0,0,0,2,0,0,0,0,0,0,0,0.0,0,0,1,0,0,0,0,0,1,0,0,0,135.0,108.0,0.9926470588235294,2.0,0,0.3068181818181818,1,0
314,Slaking,None,3,150.0,160.0,100.0,95.0,65.0,100.0,670.0,130.5,2.0,0.5,Lazy Pokémon,45,15,1250000,70,0,0,0,3,3,Vigoroth,1.0,2.0,1.0,1.0,1.0,1.0,1.0,0.0,1.0,1.0,1.0,1.0,1.0,1.0,1.0,1.0,1.0,1.0,Truant,None,0,0,133,150,0.886667,0,0,0,0,0,0,0,0,0,0,0,0,2,0,0,0,0,0,0,0,0.0,0,0,1,0,0,0,0,0,1,0,0,0,255.0,247.5,1.536144578313253,2.0,0,0.2462686567164179,1,0
315,Nincada,Run Away,3,31.0,45.0,90.0,30.0,30.0,40.0,266.0,5.5,0.5,0.5,Trainee Pokémon,255,15,600000,70,0,0,0,1,2,No Preevolution,1.0,0.5,2.0,0.5,0.5,1.0,1.0,1.0,1.0,2.0,2.0,1.0,0.0,1.0,2.0,1.0,1.0,1.0,Compound Eyes,None,0,0,25,114,0.219298,1,0,0,0,0,0,0,0,0,0,1,0,0,0,0,0,0,0,0,1,0.0,0,0,0,0,0,0,1,0,0,0,0,0,75.0,37.2,0.6198347107438017,8.0,0,0.45112781954887216,1,0
316,Ninjask,Infiltrator,3,61.0,90.0,45.0,50.0,50.0,160.0,456.0,12.0,0.8,0.5,Ninja Pokémon,120,15,600000,70,0,0,0,2,2,Nincada,1.0,0.25,2.0,1.0,0.0,4.0,0.5,1.0,1.0,2.0,1.0,0.25,2.0,1.0,2.0,1.0,1.0,1.0,Speed Boost,None,0,0,108,117,0.923077,1,0,0,0,0,0,0,1,0,0,0,0,0,0,0,0,0,0,0,1,0.0,0,0,0,0,0,0,0,0,1,0,0,0,140.0,57.95,1.4583333333333333,12.0,1,0.20833333333333334,1,0
317,Shedinja,None,3,1.0,90.0,45.0,30.0,30.0,40.0,236.0,1.2,0.8,0.5,Shed Pokémon,45,15,600000,70,0,0,0,2,2,Ninjask,0.0,0.0,2.0,0.5,0.5,2.0,0.5,2.0,1.0,2.0,1.0,0.5,1.0,1.0,1.0,1.0,2.0,1.0,Wonder Guard,None,1,0,41,124,0.330645,1,0,0,0,0,0,0,0,1,0,0,0,0,0,0,0,0,0,0,1,0.0,0,0,0,0,0,0,1,0,0,0,0,0,120.0,0.75,1.5789473684210527,10.0,0,0.3177966101694915,1,0
318,Whismur,Rattled,3,64.0,51.0,23.0,51.0,23.0,28.0,240.0,16.3,0.6,0.5,Whisper Pokémon,190,20,1059860,70,0,0,0,1,3,No Preevolution,1.0,2.0,1.0,1.0,1.0,1.0,1.0,0.0,1.0,1.0,1.0,1.0,1.0,1.0,1.0,1.0,1.0,1.0,Soundproof,None,0,0,15,132,0.113636,0,0,0,0,0,0,0,0,0,0,0,0,2,0,0,0,0,0,0,0,0.0,0,0,1,0,0,0,0,1,0,0,0,0,102.0,29.44,2.1702127659574466,2.0,0,0.19166666666666668,1,0
319,Loudred,Scrappy,3,84.0,71.0,43.0,71.0,43.0,48.0,360.0,40.5,1.0,0.5,Big Voice Pokémon,120,20,1059860,70,0,0,0,2,3,Whismur,1.0,2.0,1.0,1.0,1.0,1.0,1.0,0.0,1.0,1.0,1.0,1.0,1.0,1.0,1.0,1.0,1.0,1.0,Soundproof,None,0,0,37,143,0.258741,0,0,0,0,0,0,0,0,0,0,0,0,2,0,0,0,0,0,0,0,0.0,0,0,1,0,0,0,0,1,0,0,0,0,142.0,72.24,1.632183908045977,2.0,0,0.2388888888888889,1,0
320,Exploud,Scrappy,3,104.0,91.0,63.0,91.0,73.0,68.0,490.0,84.0,1.5,0.5,Loud Noise Pokémon,45,20,1059860,70,0,0,0,3,3,Loudred,1.0,2.0,1.0,1.0,1.0,1.0,1.0,0.0,1.0,1.0,1.0,1.0,1.0,1.0,1.0,1.0,1.0,1.0,Soundproof,None,0,0,65,127,0.511811,0,0,0,0,0,0,0,0,0,0,0,0,2,0,0,0,0,0,0,0,0.0,0,0,1,0,0,0,0,1,0,0,0,0,182.0,141.44,1.3284671532846715,2.0,0,0.27755102040816326,1,0
321,Makuhita,Sheer Force,3,72.0,60.0,30.0,20.0,30.0,25.0,237.0,86.4,1.0,0.75,Guts Pokémon,180,20,1640000,70,0,0,0,1,2,No Preevolution,1.0,1.0,2.0,1.0,1.0,0.5,0.5,1.0,1.0,1.0,1.0,1.0,1.0,2.0,1.0,1.0,0.5,2.0,Thick Fat,Guts,0,0,14,121,0.115702,0,0,0,0,0,2,0,0,0,0,0,0,0,0,0,0,0,0,0,0,0.0,0,0,0,0,0,1,0,0,1,0,0,0,80.0,43.2,1.3114754098360655,6.0,0,0.25316455696202533,1,0
322,Hariyama,Sheer Force,3,144.0,120.0,60.0,40.0,60.0,50.0,474.0,253.8,2.3,0.75,Arm Thrust Pokémon,200,20,1640000,70,0,0,0,2,2,Makuhita,1.0,1.0,2.0,1.0,1.0,0.5,0.5,1.0,1.0,1.0,1.0,1.0,1.0,2.0,1.0,1.0,0.5,2.0,Thick Fat,Guts,0,0,0,0,0.0,0,0,0,0,0,2,0,0,0,0,0,0,0,0,0,0,0,0,0,0,0.0,0,0,0,0,0,1,0,0,1,0,0,0,160.0,172.8,1.322314049586777,6.0,0,0.25316455696202533,1,0
323,Azurill,Sap Sipper,3,50.0,20.0,40.0,20.0,40.0,20.0,190.0,2.0,0.2,0.25,Polka Dot Pokémon,150,10,800000,70,0,0,0,1,3,No Preevolution,1.0,1.0,1.0,2.0,1.0,1.0,0.5,0.0,2.0,1.0,1.0,1.0,1.0,1.0,1.0,0.0,0.5,1.0,Thick Fat,Huge Power,0,0,13,135,0.096296,0,0,0,0,1,0,0,0,0,0,0,0,1,0,0,0,0,0,0,0,0.0,0,0,0,0,0,0,0,0,2,0,0,0,40.0,40.0,0.49382716049382713,4.0,0,0.42105263157894735,1,0
324,Nosepass,Sand Force,3,30.0,45.0,135.0,45.0,90.0,30.0,375.0,97.0,1.0,0.5,Compass Pokémon,255,20,1000000,70,0,0,0,1,2,No Preevolution,0.5,2.0,0.5,0.5,2.0,1.0,1.0,1.0,2.0,0.5,2.0,2.0,1.0,1.0,1.0,1.0,1.0,1.0,Sturdy,Magnet Pull,0,0,13,140,0.092857,0,0,0,0,0,0,0,0,0,0,0,0,0,0,0,2,0,0,0,0,0.0,0,0,0,0,0,0,1,0,1,0,0,0,90.0,67.5,0.39823008849557523,10.0,0,0.6,1,0
325,Skitty,Wonder Skin,3,50.0,45.0,45.0,35.0,35.0,50.0,260.0,11.0,0.6,0.25,Kitten Pokémon,255,15,800000,70,0,0,0,1,2,No Preevolution,1.0,2.0,1.0,1.0,1.0,1.0,1.0,0.0,1.0,1.0,1.0,1.0,1.0,1.0,1.0,1.0,1.0,1.0,Cute Charm,Normalize,0,0,32,136,0.235294,0,0,0,0,0,0,0,0,0,0,0,0,2,0,0,0,0,0,0,0,0.0,0,1,1,0,0,0,0,0,0,0,0,0,80.0,40.0,0.9876543209876543,2.0,0,0.3076923076923077,1,0
326,Delcatty,Wonder Skin,3,70.0,65.0,65.0,55.0,55.0,90.0,400.0,32.6,1.1,0.25,Prim Pokémon,60,15,800000,70,0,0,0,2,2,Skitty,1.0,2.0,1.0,1.0,1.0,1.0,1.0,0.0,1.0,1.0,1.0,1.0,1.0,1.0,1.0,1.0,1.0,1.0,Cute Charm,Normalize,0,0,58,116,0.5,0,0,0,0,0,0,0,0,0,0,0,0,2,0,0,0,0,0,0,0,0.0,0,1,1,0,0,0,0,0,0,0,0,0,120.0,84.0,0.9917355371900827,2.0,0,0.3,1,0
327,Sableye,Prankster,3,50.0,75.0,75.0,65.0,65.0,50.0,380.0,11.0,0.5,0.5,Darkness Pokémon,45,25,1059860,35,0,0,1,1,1,No Preevolution,0.0,0.0,1.0,0.5,1.0,1.0,1.0,1.0,1.0,1.0,1.0,1.0,1.0,0.0,1.0,1.0,1.0,2.0,Keen Eye,Stall,0,0,49,121,0.404959,0,1,0,0,0,0,0,0,1,0,0,0,0,0,0,0,0,0,0,0,0.0,0,0,0,0,0,1,0,0,1,0,0,0,140.0,70.0,0.9929078014184397,2.0,0,0.3684210526315789,1,1
328,Mega Sableye,None,3,50.0,85.0,125.0,85.0,115.0,20.0,480.0,161.0,0.5,0.5,Darkness Pokémon,45,25,1059860,35,0,0,1,1,1,Sableye,0.0,0.0,1.0,0.5,1.0,1.0,1.0,1.0,1.0,1.0,1.0,1.0,1.0,0.0,1.0,1.0,1.0,2.0,Magic Bounce,None,0,1,59,137,0.430657,0,1,0,0,0,0,0,0,1,0,0,0,0,0,0,0,0,0,0,0,0.0,0,0,0,0,0,1,0,0,1,0,0,0,170.0,120.0,0.7053941908713693,2.0,0,0.5,1,1
329,Mawile,Sheer Force,3,50.0,85.0,85.0,55.0,55.0,50.0,380.0,11.5,0.6,0.5,Deceiver Pokémon,45,20,800000,70,0,0,1,1,1,No Preevolution,0.5,1.0,0.5,0.0,2.0,0.5,0.25,1.0,1.0,2.0,1.0,0.5,1.0,0.5,0.5,0.0,0.5,0.5,Hyper Cutter,Intimidate,0,0,48,123,0.390244,0,0,0,0,1,0,0,0,0,0,0,0,0,0,0,0,1,0,0,0,0.0,0,1,1,0,0,0,0,0,0,0,0,0,140.0,70.0,0.9929078014184397,4.0,0,0.3684210526315789,1,1
330,Mega Mawile,None,3,50.0,105.0,125.0,55.0,95.0,50.0,480.0,23.5,1.0,0.5,Deceiver Pokémon,45,20,800000,70,0,0,1,1,1,Mawile,0.5,1.0,0.5,0.0,2.0,0.5,0.25,1.0,1.0,2.0,1.0,0.5,1.0,0.5,0.5,0.0,0.5,0.5,Huge Power,None,0,1,53,141,0.375887,0,0,0,0,1,0,0,0,0,0,0,0,0,0,0,0,1,0,0,0,0.0,0,1,1,0,0,0,0,0,0,0,0,0,160.0,110.0,0.7239819004524887,4.0,0,0.4583333333333333,1,1
331,Aron,Heavy Metal,3,50.0,70.0,100.0,40.0,40.0,30.0,330.0,60.0,0.4,0.5,Iron Armor Pokémon,180,35,1250000,35,0,0,0,1,3,No Preevolution,0.25,4.0,0.25,0.0,4.0,0.5,0.5,1.0,1.0,1.0,2.0,1.0,1.0,0.5,0.5,0.5,1.0,0.5,Sturdy,Rock Head,0,0,28,126,0.222222,0,0,0,0,0,0,0,0,0,0,0,0,0,0,0,1,1,0,0,0,0.0,0,0,0,0,0,0,0,1,1,0,0,0,110.0,70.0,0.7801418439716312,10.0,2,0.42424242424242425,1,0
332,Lairon,Heavy Metal,3,60.0,90.0,140.0,50.0,50.0,40.0,430.0,120.0,0.9,0.5,Iron Armor Pokémon,90,35,1250000,35,0,0,0,2,3,Aron,0.25,4.0,0.25,0.0,4.0,0.5,0.5,1.0,1.0,1.0,2.0,1.0,1.0,0.5,0.5,0.5,1.0,0.5,Sturdy,Rock Head,0,0,36,142,0.253521,0,0,0,0,0,0,0,0,0,0,0,0,0,0,0,1,1,0,0,0,0.0,0,0,0,0,0,0,0,1,1,0,0,0,140.0,114.0,0.7329842931937173,10.0,2,0.4418604651162791,1,0
333,Aggron,Heavy Metal,3,70.0,110.0,180.0,60.0,60.0,50.0,530.0,360.0,2.1,0.5,Iron Armor Pokémon,45,35,1250000,35,0,0,1,3,3,Lairon,0.25,4.0,0.25,0.0,4.0,0.5,0.5,1.0,1.0,1.0,2.0,1.0,1.0,0.5,0.5,0.5,1.0,0.5,Sturdy,Rock Head,0,0,63,153,0.411765,0,0,0,0,0,0,0,0,0,0,0,0,0,0,0,1,1,0,0,0,0.0,0,0,0,0,0,0,0,1,1,0,0,0,170.0,168.0,0.7053941908713693,10.0,2,0.4528301886792453,1,1
334,Mega Aggron,None,3,70.0,140.0,230.0,60.0,80.0,50.0,630.0,395.0,2.2,0.5,Iron Armor Pokémon,45,35,1250000,35,0,0,1,3,3,Aggron,0.5,1.5,0.5,0.0,1.5,0.5,0.5,1.0,0.5,1.5,1.0,0.5,1.0,0.5,0.5,0.5,1.0,0.5,Filter,None,0,1,48,148,0.324324,0,0,0,0,0,0,0,0,0,0,0,0,0,0,0,0,2,0,0,0,0.0,0,0,0,0,0,0,0,1,1,0,0,0,200.0,217.0,0.6430868167202572,4.5,0,0.49206349206349204,1,1
335,Meditite,Telepathy,3,30.0,40.0,55.0,40.0,55.0,60.0,280.0,11.2,0.6,0.5,Meditate Pokémon,180,20,1000000,70,0,0,0,1,2,No Preevolution,1.0,0.5,2.0,1.0,1.0,0.5,1.0,2.0,1.0,1.0,1.0,1.0,1.0,1.0,1.0,1.0,1.0,2.0,Pure Power,None,0,0,45,139,0.323741,0,0,0,0,0,1,0,0,0,0,0,0,0,0,1,0,0,0,0,0,0.0,0,0,0,0,0,1,0,0,1,0,0,0,80.0,33.0,0.7207207207207207,6.0,0,0.39285714285714285,1,0
336,Medicham,Telepathy,3,60.0,60.0,75.0,60.0,75.0,80.0,410.0,31.5,1.3,0.5,Meditate Pokémon,90,20,1000000,70,0,0,1,2,2,Meditite,1.0,0.5,2.0,1.0,1.0,0.5,1.0,2.0,1.0,1.0,1.0,1.0,1.0,1.0,1.0,1.0,1.0,2.0,Pure Power,None,0,0,82,112,0.732143,0,0,0,0,0,1,0,0,0,0,0,0,0,0,1,0,0,0,0,0,0.0,0,0,0,0,0,1,0,0,1,0,0,0,120.0,90.0,0.7947019867549668,6.0,0,0.36585365853658536,1,1
337,Mega Medicham,None,3,60.0,100.0,85.0,80.0,85.0,100.0,510.0,31.5,1.3,0.5,Meditate Pokémon,90,20,1000000,70,0,0,1,2,2,Medicham,1.0,0.5,2.0,1.0,1.0,0.5,1.0,2.0,1.0,1.0,1.0,1.0,1.0,1.0,1.0,1.0,1.0,2.0,Pure Power,None,0,1,89,127,0.700787,0,0,0,0,0,1,0,0,0,0,0,0,0,0,1,0,0,0,0,0,0.0,0,0,0,0,0,1,0,0,1,0,0,0,180.0,102.0,1.0526315789473684,6.0,0,0.3333333333333333,1,1
338,Electrike,Minus,3,40.0,45.0,40.0,65.0,40.0,65.0,295.0,15.2,0.6,0.5,Lightning Pokémon,120,20,1250000,70,0,0,0,1,2,No Preevolution,1.0,1.0,0.5,1.0,2.0,1.0,1.0,1.0,0.5,1.0,1.0,1.0,0.5,1.0,1.0,1.0,1.0,1.0,Static,Lightning Rod,0,0,77,136,0.566176,0,0,0,2,0,0,0,0,0,0,0,0,0,0,0,0,0,0,0,0,0.0,0,0,1,0,0,0,0,0,1,0,0,0,110.0,32.0,1.3580246913580247,2.0,0,0.2711864406779661,1,0
339,Manectric,Minus,3,70.0,75.0,60.0,105.0,60.0,105.0,475.0,40.2,1.5,0.5,Discharge Pokémon,45,20,1250000,70,0,0,1,2,2,Electrike,1.0,1.0,0.5,1.0,2.0,1.0,1.0,1.0,0.5,1.0,1.0,1.0,0.5,1.0,1.0,1.0,1.0,1.0,Static,Lightning Rod,0,0,110,125,0.88,0,0,0,2,0,0,0,0,0,0,0,0,0,0,0,0,0,0,0,0,0.0,0,0,1,0,0,0,0,0,1,0,0,0,180.0,84.0,1.487603305785124,2.0,0,0.25263157894736843,1,1
340,Mega Manectric,None,3,70.0,75.0,80.0,135.0,80.0,135.0,575.0,44.0,1.8,0.5,Discharge Pokémon,45,20,1250000,70,0,0,1,2,2,Manectric,1.0,1.0,0.5,1.0,2.0,1.0,1.0,1.0,0.5,1.0,1.0,1.0,0.5,1.0,1.0,1.0,1.0,1.0,Intimidate,None,0,1,123,134,0.91791,0,0,0,2,0,0,0,0,0,0,0,0,0,0,0,0,0,0,0,0,0.0,0,0,1,0,0,0,0,0,1,0,0,0,210.0,112.0,1.3043478260869565,2.0,0,0.2782608695652174,1,1
341,Plusle,Lightning Rod,3,60.0,50.0,40.0,85.0,75.0,95.0,405.0,4.2,0.4,0.5,Cheering Pokémon,200,20,1000000,70,0,0,0,1,1,No Preevolution,1.0,1.0,0.5,1.0,2.0,1.0,1.0,1.0,0.5,1.0,1.0,1.0,0.5,1.0,1.0,1.0,1.0,1.0,Plus,None,0,0,92,122,0.754098,0,0,0,2,0,0,0,0,0,0,0,0,0,0,0,0,0,0,0,0,0.0,0,1,0,0,0,0,0,0,1,0,0,0,135.0,69.0,1.1637931034482758,2.0,0,0.2839506172839506,1,0
342,Minun,Volt Absorb,3,60.0,40.0,50.0,75.0,85.0,95.0,405.0,4.2,0.4,0.5,Cheering Pokémon,200,20,1000000,70,0,0,0,1,1,No Preevolution,1.0,1.0,0.5,1.0,2.0,1.0,1.0,1.0,0.5,1.0,1.0,1.0,0.5,1.0,1.0,1.0,1.0,1.0,Minus,None,0,0,81,134,0.604478,0,0,0,2,0,0,0,0,0,0,0,0,0,0,0,0,0,0,0,0,0.0,0,1,0,0,0,0,0,0,1,0,0,0,115.0,81.0,0.8455882352941176,2.0,0,0.3333333333333333,1,0
343,Volbeat,Prankster,3,65.0,73.0,75.0,47.0,85.0,85.0,430.0,17.7,0.7,1.0,Firefly Pokémon,150,15,600000,70,0,0,0,1,1,No Preevolution,1.0,0.5,2.0,1.0,0.5,2.0,1.0,1.0,1.0,2.0,1.0,0.5,1.0,1.0,1.0,1.0,1.0,1.0,Illuminate,Swarm,0,0,76,111,0.684685,2,0,0,0,0,0,0,0,0,0,0,0,0,0,0,0,0,0,0,1,0.0,0,0,0,0,0,1,0,0,0,0,0,0,120.0,104.0,0.7453416149068323,6.0,0,0.37209302325581395,1,0
344,Illumise,Prankster,3,65.0,47.0,75.0,73.0,85.0,85.0,430.0,17.7,0.6,0.0,Firefly Pokémon,150,15,1640000,70,0,0,0,1,1,No Preevolution,1.0,0.5,2.0,1.0,0.5,2.0,1.0,1.0,1.0,2.0,1.0,0.5,1.0,1.0,1.0,1.0,1.0,1.0,Oblivious,Tinted Lens,0,0,104,160,0.65,2,0,0,0,0,0,0,0,0,0,0,0,0,0,0,0,0,0,0,1,0.0,0,0,0,0,0,1,0,0,0,0,0,0,120.0,104.0,0.7453416149068323,6.0,0,0.37209302325581395,1,0
345,Roselia,Leaf Guard,3,50.0,60.0,45.0,100.0,80.0,65.0,400.0,2.0,0.3,0.5,Thorn Pokémon,150,20,1059860,70,0,0,0,2,3,Budew,1.0,0.5,2.0,1.0,1.0,1.0,1.0,1.0,1.0,2.0,0.5,0.25,0.5,2.0,2.0,1.0,1.0,0.5,Natural Cure,Poison Point,0,0,53,116,0.456897,0,0,0,0,0,0,0,0,0,1,0,0,0,1,0,0,0,0,0,0,0.0,0,1,0,0,1,0,0,0,0,0,0,0,160.0,62.5,1.2698412698412698,8.0,0,0.3125,1,0
346,Gulpin,Gluttony,3,70.0,43.0,53.0,43.0,53.0,40.0,302.0,10.3,0.4,0.5,Stomach Pokémon,225,20,1640000,70,0,0,0,1,2,No Preevolution,1.0,0.5,1.0,0.5,2.0,1.0,0.5,1.0,1.0,1.0,1.0,0.5,1.0,2.0,1.0,1.0,1.0,0.5,Liquid Ooze,Sticky Hold,0,0,21,110,0.190909,0,0,0,0,0,0,0,0,0,0,0,0,0,2,0,0,0,0,1,0,0.0,0,0,0,0,0,0,0,0,1,0,0,0,86.0,74.2,0.8037383177570093,4.0,0,0.3509933774834437,1,0
347,Swalot,Gluttony,3,100.0,73.0,83.0,73.0,83.0,55.0,467.0,80.0,1.7,0.5,Poison Bag Pokémon,75,20,1640000,70,0,0,0,2,2,Gulpin,1.0,0.5,1.0,0.5,2.0,1.0,0.5,1.0,1.0,1.0,1.0,0.5,1.0,2.0,1.0,1.0,1.0,0.5,Liquid Ooze,Sticky Hold,0,0,45,121,0.371901,0,0,0,0,0,0,0,0,0,0,0,0,0,2,0,0,0,0,1,0,0.0,0,0,0,0,0,0,0,0,1,0,0,0,146.0,166.0,0.874251497005988,4.0,0,0.3554603854389722,1,0
348,Carvanha,Speed Boost,3,45.0,90.0,20.0,65.0,20.0,65.0,305.0,20.8,0.8,0.5,Savage Pokémon,225,20,1250000,35,0,0,0,1,2,No Preevolution,1.0,2.0,1.0,1.0,1.0,1.0,2.0,0.5,0.5,0.5,0.5,2.0,2.0,0.0,0.5,1.0,0.5,2.0,Rough Skin,None,0,0,66,129,0.511628,0,1,0,0,0,0,0,0,0,0,0,0,0,0,0,0,0,1,0,0,0.0,0,0,0,0,0,0,0,0,1,0,1,0,155.0,18.0,3.7804878048780486,10.0,0,0.13114754098360656,1,0
349,Sharpedo,Speed Boost,3,70.0,120.0,40.0,95.0,40.0,95.0,460.0,88.8,1.8,0.5,Brutal Pokémon,60,20,1250000,35,0,0,1,2,2,Carvanha,1.0,2.0,1.0,1.0,1.0,1.0,2.0,0.5,0.5,0.5,0.5,2.0,2.0,0.0,0.5,1.0,0.5,2.0,Rough Skin,None,0,0,107,132,0.810606,0,1,0,0,0,0,0,0,0,0,0,0,0,0,0,0,0,1,0,0,0.0,0,0,0,0,0,0,0,0,1,0,1,0,215.0,56.0,2.654320987654321,10.0,0,0.17391304347826086,1,1
350,Mega Sharpedo,None,3,70.0,140.0,70.0,110.0,65.0,105.0,560.0,130.3,2.5,0.5,Brutal Pokémon,60,20,1250000,35,0,0,1,2,2,Sharpedo,1.0,2.0,1.0,1.0,1.0,1.0,2.0,0.5,0.5,0.5,0.5,2.0,2.0,0.0,0.5,1.0,0.5,2.0,Strong Jaw,None,0,1,114,120,0.95,0,1,0,0,0,0,0,0,0,0,0,0,0,0,0,0,0,1,0,0,0.0,0,0,0,0,0,0,0,0,1,0,1,0,250.0,94.5,1.838235294117647,10.0,0,0.24107142857142858,1,1
351,Wailmer,Pressure,3,130.0,70.0,35.0,70.0,35.0,60.0,400.0,130.0,2.0,0.5,Ball Whale Pokémon,125,40,1640000,70,0,0,0,1,2,No Preevolution,1.0,1.0,1.0,1.0,1.0,1.0,1.0,1.0,0.5,0.5,0.5,2.0,2.0,1.0,0.5,1.0,1.0,1.0,Water Veil,Oblivious,0,0,45,112,0.401786,0,0,0,0,0,0,0,0,0,0,0,0,0,0,0,0,0,2,0,0,0.0,0,0,1,0,0,0,0,0,0,0,1,0,140.0,91.0,1.971830985915493,4.0,0,0.175,1,0
352,Wailord,Pressure,3,170.0,90.0,45.0,90.0,45.0,60.0,500.0,398.0,14.5,0.5,Float Whale Pokémon,60,40,1640000,70,0,0,0,2,2,Wailmer,1.0,1.0,1.0,1.0,1.0,1.0,1.0,1.0,0.5,0.5,0.5,2.0,2.0,1.0,0.5,1.0,1.0,1.0,Water Veil,Oblivious,0,0,59,138,0.427536,0,0,0,0,0,0,0,0,0,0,0,0,0,0,0,0,0,2,0,0,0.0,0,0,1,0,0,0,0,0,0,0,1,0,180.0,153.0,1.978021978021978,4.0,0,0.18,1,0
353,Numel,Own Tempo,3,60.0,60.0,40.0,65.0,45.0,35.0,305.0,24.0,0.7,0.5,Numb Pokémon,255,20,1000000,70,0,0,0,1,2,No Preevolution,1.0,1.0,1.0,0.5,2.0,1.0,0.5,1.0,0.5,0.5,4.0,1.0,0.0,1.0,1.0,1.0,1.0,0.5,Oblivious,Simple,0,0,19,120,0.158333,0,0,0,0,0,0,1,0,0,0,1,0,0,0,0,0,0,0,0,0,0.0,0,0,1,0,0,0,0,0,1,0,0,0,125.0,51.0,1.4534883720930232,6.0,1,0.2786885245901639,1,0
354,Camerupt,Anger Point,3,70.0,100.0,70.0,105.0,75.0,40.0,460.0,220.0,1.9,0.5,Eruption Pokémon,150,20,1000000,70,0,0,1,2,2,Numel,1.0,1.0,1.0,0.5,2.0,1.0,0.5,1.0,0.5,0.5,4.0,1.0,0.0,1.0,1.0,1.0,1.0,0.5,Magma Armor,Solid Rock,0,0,26,112,0.232143,0,0,0,0,0,0,1,0,0,0,1,0,0,0,0,0,0,0,0,0,0.0,0,0,1,0,0,0,0,0,1,0,0,0,205.0,101.5,1.404109589041096,6.0,1,0.31521739130434784,1,1
355,Mega Camerupt,None,3,70.0,120.0,100.0,145.0,105.0,20.0,560.0,320.5,2.5,0.5,Eruption Pokémon,150,20,1000000,70,0,0,1,2,2,Camerupt,1.0,1.0,1.0,0.5,2.0,1.0,0.5,1.0,0.5,0.5,4.0,1.0,0.0,1.0,1.0,1.0,1.0,0.5,Sheer Force,None,0,1,37,131,0.282443,0,0,0,0,0,0,1,0,0,0,1,0,0,0,0,0,0,0,0,0,0.0,0,0,1,0,0,0,0,0,1,0,0,0,265.0,143.5,1.2864077669902914,6.0,1,0.36607142857142855,1,1
356,Torkoal,Shell Armor,3,70.0,85.0,140.0,85.0,70.0,20.0,470.0,80.4,0.5,0.5,Coal Pokémon,90,20,1000000,70,0,0,0,1,1,No Preevolution,1.0,1.0,1.0,1.0,2.0,2.0,0.5,1.0,0.5,0.5,2.0,0.5,1.0,1.0,0.5,1.0,1.0,0.5,White Smoke,Drought,0,0,34,125,0.272,0,0,0,0,0,0,2,0,0,0,0,0,0,0,0,0,0,0,0,0,0.0,0,0,1,0,0,0,0,0,1,0,0,0,170.0,147.0,0.8056872037914692,6.0,0,0.44680851063829785,1,0
357,Spoink,Gluttony,3,60.0,25.0,35.0,70.0,80.0,60.0,330.0,30.6,0.7,0.5,Bounce Pokémon,255,20,800000,70,0,0,0,1,2,No Preevolution,1.0,0.5,1.0,1.0,1.0,1.0,2.0,2.0,1.0,1.0,1.0,1.0,1.0,0.5,1.0,1.0,2.0,1.0,Thick Fat,Own Tempo,0,0,36,117,0.307692,0,0,0,0,0,0,0,0,0,0,0,0,0,0,2,0,0,0,0,0,0.0,0,0,1,0,0,0,0,0,1,0,0,0,95.0,69.0,0.8189655172413793,6.0,0,0.3484848484848485,1,0
358,Grumpig,Gluttony,3,80.0,45.0,65.0,90.0,110.0,80.0,470.0,71.5,0.9,0.5,Manipulate Pokémon,60,20,800000,70,0,0,0,2,2,Spoink,1.0,0.5,1.0,1.0,1.0,1.0,2.0,2.0,1.0,1.0,1.0,1.0,1.0,0.5,1.0,1.0,2.0,1.0,Thick Fat,Own Tempo,0,0,59,108,0.546296,0,0,0,0,0,0,0,0,0,0,0,0,0,0,2,0,0,0,0,0,0.0,0,0,1,0,0,0,0,0,1,0,0,0,135.0,140.0,0.7670454545454546,6.0,0,0.3723404255319149,1,0
359,Spinda,Contrary,3,60.0,60.0,60.0,60.0,60.0,60.0,360.0,5.0,1.1,0.5,Spot Panda Pokémon,255,15,800000,70,0,0,0,1,1,No Preevolution,1.0,2.0,1.0,1.0,1.0,1.0,1.0,0.0,1.0,1.0,1.0,1.0,1.0,1.0,1.0,1.0,1.0,1.0,Own Tempo,Tangled Feet,0,0,48,126,0.380952,0,0,0,0,0,0,0,0,0,0,0,0,2,0,0,0,0,0,0,0,0.0,0,0,1,0,0,1,0,0,0,0,0,0,120.0,72.0,0.9917355371900827,2.0,0,0.3333333333333333,1,0
360,Trapinch,Sheer Force,3,45.0,100.0,45.0,45.0,45.0,10.0,290.0,15.0,0.7,0.5,Ant Pit Pokémon,255,20,1059860,70,0,0,0,1,3,No Preevolution,1.0,1.0,1.0,0.5,1.0,0.5,1.0,1.0,1.0,1.0,2.0,2.0,0.0,1.0,2.0,1.0,1.0,1.0,Hyper Cutter,Arena Trap,0,0,41,139,0.294964,0,0,0,0,0,0,0,0,0,0,2,0,0,0,0,0,0,0,0,1,0.0,1,0,0,0,0,0,0,0,0,0,0,0,145.0,40.5,1.5934065934065933,6.0,0,0.3103448275862069,1,0
361,Vibrava,None,3,50.0,70.0,50.0,50.0,50.0,70.0,340.0,15.3,1.1,0.5,Vibration Pokémon,120,20,1059860,70,0,0,0,2,3,Trapinch,1.0,1.0,1.0,0.5,1.0,0.5,1.0,1.0,1.0,0.5,1.0,1.0,0.0,1.0,4.0,2.0,1.0,2.0,Levitate,None,0,0,70,124,0.564516,0,0,1,0,0,0,0,0,0,0,1,0,0,0,0,0,0,0,0,1,0.0,1,0,0,0,0,0,0,0,0,0,0,0,120.0,50.0,1.188118811881188,8.0,1,0.29411764705882354,1,0
362,Flygon,None,3,80.0,100.0,80.0,80.0,80.0,100.0,520.0,82.0,2.0,0.5,Mystic Pokémon,45,20,1059860,70,0,0,0,3,3,Vibrava,1.0,1.0,1.0,0.5,1.0,0.5,1.0,1.0,1.0,0.5,1.0,1.0,0.0,1.0,4.0,2.0,1.0,2.0,Levitate,None,0,0,105,116,0.905172,0,0,1,0,0,0,0,0,0,0,1,0,0,0,0,0,0,0,0,1,0.0,1,0,0,0,0,0,0,0,0,0,0,0,180.0,128.0,1.1180124223602483,8.0,1,0.3076923076923077,1,0
363,Cacnea,Water Absorb,3,50.0,85.0,40.0,85.0,40.0,35.0,335.0,51.3,0.4,0.5,Cactus Pokémon,190,20,1059860,35,0,0,0,1,2,No Preevolution,1.0,1.0,2.0,2.0,0.5,1.0,2.0,1.0,1.0,2.0,0.5,0.5,0.5,1.0,2.0,1.0,1.0,1.0,Sand Veil,None,0,0,22,126,0.174603,0,0,0,0,0,0,0,0,0,2,0,0,0,0,0,0,0,0,0,0,0.0,0,0,0,0,1,1,0,0,0,0,0,0,170.0,40.0,2.0987654320987654,10.0,0,0.23880597014925373,1,0
364,Cacturne,Water Absorb,3,70.0,115.0,60.0,115.0,60.0,55.0,475.0,77.4,1.3,0.5,Scarecrow Pokémon,60,20,1059860,35,0,0,0,2,2,Cacnea,1.0,2.0,2.0,2.0,0.5,1.0,4.0,0.5,1.0,2.0,0.5,0.5,0.5,0.0,2.0,1.0,0.5,2.0,Sand Veil,None,0,0,66,142,0.464789,0,1,0,0,0,0,0,0,0,1,0,0,0,0,0,0,0,0,0,0,0.0,0,0,0,0,1,1,0,0,0,0,0,0,230.0,84.0,1.9008264462809918,16.0,1,0.25263157894736843,1,0
365,Swablu,Cloud Nine,3,45.0,40.0,60.0,40.0,75.0,50.0,310.0,1.2,0.4,0.5,Cotton Bird Pokémon,255,20,600000,70,0,0,0,1,2,No Preevolution,1.0,1.0,1.0,1.0,0.0,2.0,0.5,0.0,1.0,1.0,1.0,0.5,2.0,1.0,2.0,1.0,1.0,1.0,Natural Cure,None,0,0,36,123,0.292683,0,0,0,0,0,0,0,1,0,0,0,0,1,0,0,0,0,0,0,0,0.0,1,0,0,1,0,0,0,0,0,0,0,0,80.0,60.75,0.5882352941176471,6.0,0,0.43548387096774194,1,0
366,Altaria,Cloud Nine,3,75.0,70.0,90.0,70.0,105.0,80.0,490.0,20.6,1.1,0.5,Humming Pokémon,45,20,600000,70,0,0,1,2,2,Swablu,1.0,0.5,1.0,1.0,0.0,2.0,0.5,1.0,1.0,0.5,0.5,0.25,1.0,1.0,4.0,2.0,1.0,2.0,Natural Cure,None,0,0,82,125,0.656,0,0,1,0,0,0,0,1,0,0,0,0,0,0,0,0,0,0,0,0,0.0,1,0,0,1,0,0,0,0,0,0,0,0,140.0,146.25,0.7142857142857143,10.0,1,0.3979591836734694,1,1
367,Mega Altaria,None,3,75.0,110.0,110.0,110.0,105.0,80.0,590.0,20.6,1.5,0.5,Humming Pokémon,45,20,600000,70,0,0,1,2,2,Altaria,1.0,0.5,1.0,2.0,1.0,1.0,0.5,1.0,2.0,0.5,0.5,0.5,0.5,1.0,2.0,0.0,0.5,2.0,Pixilate,None,0,1,90,137,0.656934,0,0,1,0,1,0,0,0,0,0,0,0,0,0,0,0,0,0,0,0,0.0,1,0,0,1,0,0,0,0,0,0,0,0,220.0,161.25,1.0185185185185186,8.0,0,0.3644067796610169,1,1
368,Zangoose,Toxic Boost,3,73.0,115.0,60.0,60.0,60.0,90.0,458.0,40.3,1.3,0.5,Cat Ferret Pokémon,90,20,600000,70,0,0,0,1,1,No Preevolution,1.0,2.0,1.0,1.0,1.0,1.0,1.0,0.0,1.0,1.0,1.0,1.0,1.0,1.0,1.0,1.0,1.0,1.0,Immunity,None,0,0,79,118,0.669492,0,0,0,0,0,0,0,0,0,0,0,0,2,0,0,0,0,0,0,0,0.0,0,0,1,0,0,0,0,0,1,0,0,0,175.0,87.6,1.4462809917355373,2.0,0,0.26200873362445415,1,0
369,Seviper,Infiltrator,3,73.0,100.0,60.0,100.0,60.0,65.0,458.0,52.5,2.7,0.5,Fang Snake Pokémon,90,20,1640000,70,0,0,0,1,1,No Preevolution,1.0,0.5,1.0,0.5,2.0,1.0,0.5,1.0,1.0,1.0,1.0,0.5,1.0,2.0,1.0,1.0,1.0,0.5,Shed Skin,None,0,0,61,143,0.426573,0,0,0,0,0,0,0,0,0,0,0,0,0,2,0,0,0,0,0,0,0.0,1,0,1,0,0,0,0,0,0,0,0,0,200.0,87.6,1.6528925619834711,4.0,0,0.26200873362445415,1,0
370,Lunatone,None,3,90.0,55.0,65.0,95.0,85.0,70.0,460.0,168.0,1.0,0.5,Meteorite Pokémon,45,25,800000,70,0,0,0,1,1,No Preevolution,0.5,1.0,0.5,0.5,2.0,1.0,2.0,2.0,2.0,0.5,2.0,2.0,1.0,0.5,1.0,1.0,2.0,1.0,Levitate,None,1,0,69,130,0.530769,0,0,0,0,0,0,0,0,0,0,0,0,0,0,1,1,0,0,0,0,0.0,0,0,0,0,0,0,1,0,1,0,0,0,150.0,135.0,0.9933774834437086,14.0,0,0.32608695652173914,1,0
371,Solrock,None,3,90.0,95.0,85.0,55.0,65.0,70.0,460.0,154.0,1.2,0.5,Meteorite Pokémon,45,25,800000,70,0,0,0,1,1,No Preevolution,0.5,1.0,0.5,0.5,2.0,1.0,2.0,2.0,2.0,0.5,2.0,2.0,1.0,0.5,1.0,1.0,2.0,1.0,Levitate,None,1,0,54,108,0.5,0,0,0,0,0,0,0,0,0,0,0,0,0,0,1,1,0,0,0,0,0.0,0,0,0,0,0,0,1,0,1,0,0,0,150.0,135.0,0.9933774834437086,14.0,0,0.32608695652173914,1,0
372,Barboach,Hydration,3,50.0,48.0,43.0,46.0,41.0,60.0,288.0,1.9,0.4,0.5,Whiskers Pokémon,190,20,1000000,70,0,0,0,1,2,No Preevolution,1.0,1.0,1.0,0.5,1.0,0.5,1.0,1.0,0.5,0.5,1.0,4.0,0.0,1.0,1.0,1.0,1.0,1.0,Oblivious,Anticipation,0,0,70,148,0.472973,0,0,0,0,0,0,0,0,0,0,1,0,0,0,0,0,0,1,0,0,0.0,0,0,0,0,0,0,0,0,0,1,1,0,94.0,42.0,1.1058823529411765,4.0,1,0.2916666666666667,1,0
373,Whiscash,Hydration,3,110.0,78.0,73.0,76.0,71.0,60.0,468.0,23.6,0.9,0.5,Whiskers Pokémon,75,20,1000000,70,0,0,0,2,2,Barboach,1.0,1.0,1.0,0.5,1.0,0.5,1.0,1.0,0.5,0.5,1.0,4.0,0.0,1.0,1.0,1.0,1.0,1.0,Oblivious,Anticipation,0,0,41,123,0.333333,0,0,0,0,0,0,0,0,0,0,1,0,0,0,0,0,0,1,0,0,0.0,0,0,0,0,0,0,0,0,0,1,1,0,154.0,158.4,1.0620689655172413,4.0,1,0.3076923076923077,1,0
374,Corphish,Adaptability,3,43.0,80.0,65.0,50.0,35.0,35.0,308.0,11.5,0.6,0.5,Ruffian Pokémon,205,15,1640000,70,0,0,0,1,2,No Preevolution,1.0,1.0,1.0,1.0,1.0,1.0,1.0,1.0,0.5,0.5,0.5,2.0,2.0,1.0,0.5,1.0,1.0,1.0,Hyper Cutter,Shell Armor,0,0,22,155,0.141935,0,0,0,0,0,0,0,0,0,0,0,0,0,0,0,0,0,2,0,0,0.0,0,0,0,0,0,0,0,0,0,1,0,1,130.0,43.0,1.2871287128712872,4.0,0,0.3246753246753247,1,0
375,Crawdaunt,Adaptability,3,63.0,120.0,85.0,90.0,55.0,55.0,468.0,32.8,1.1,0.5,Rogue Pokémon,155,15,1640000,70,0,0,0,2,2,Corphish,1.0,2.0,1.0,1.0,1.0,1.0,2.0,0.5,0.5,0.5,0.5,2.0,2.0,0.0,0.5,1.0,0.5,2.0,Hyper Cutter,Shell Armor,0,0,34,121,0.280992,0,1,0,0,0,0,0,0,0,0,0,0,0,0,0,0,0,1,0,0,0.0,0,0,0,0,0,0,0,0,0,1,0,1,210.0,88.2,1.4893617021276595,10.0,0,0.29914529914529914,1,0
376,Baltoy,None,3,40.0,40.0,55.0,40.0,70.0,55.0,300.0,21.5,0.5,0.5,Clay Doll Pokémon,255,20,1000000,70,0,0,0,1,2,No Preevolution,1.0,0.5,1.0,0.5,1.0,0.5,2.0,2.0,1.0,1.0,2.0,2.0,0.0,0.5,2.0,1.0,2.0,1.0,Levitate,None,1,0,61,149,0.409396,0,0,0,0,0,0,0,0,0,0,1,0,0,0,1,0,0,0,0,0,0.0,0,0,0,0,0,0,1,0,1,0,0,0,80.0,50.0,0.6349206349206349,12.0,0,0.4166666666666667,1,0
377,Claydol,None,3,60.0,70.0,105.0,70.0,120.0,75.0,500.0,108.0,1.5,0.5,Clay Doll Pokémon,90,20,1000000,70,0,0,0,2,2,Baltoy,1.0,0.5,1.0,0.5,1.0,0.5,2.0,2.0,1.0,1.0,2.0,2.0,0.0,0.5,2.0,1.0,2.0,1.0,Levitate,None,1,0,73,122,0.598361,0,0,0,0,0,0,0,0,0,0,1,0,0,0,1,0,0,0,0,0,0.0,0,0,0,0,0,0,1,0,1,0,0,0,140.0,135.0,0.6194690265486725,12.0,0,0.45,1,0
378,Lileep,Storm Drain,3,66.0,41.0,77.0,61.0,87.0,23.0,355.0,23.8,1.0,0.875,Sea Lily Pokémon,45,30,600000,70,0,0,0,1,2,No Preevolution,0.5,2.0,1.0,1.0,1.0,1.0,2.0,1.0,2.0,1.0,1.0,1.0,0.5,1.0,2.0,1.0,1.0,1.0,Suction Cups,None,0,0,15,124,0.120968,0,0,0,0,0,0,0,0,0,1,0,0,0,0,0,1,0,0,0,0,0.0,0,0,0,0,0,0,0,0,1,0,0,1,102.0,108.24,0.6181818181818182,8.0,0,0.4619718309859155,1,0
379,Cradily,Storm Drain,3,86.0,81.0,97.0,81.0,107.0,43.0,495.0,60.4,1.5,0.875,Barnacle Pokémon,45,30,600000,70,0,0,0,2,2,Lileep,0.5,2.0,1.0,1.0,1.0,1.0,2.0,1.0,2.0,1.0,1.0,1.0,0.5,1.0,2.0,1.0,1.0,1.0,Suction Cups,None,0,0,26,128,0.203125,0,0,0,0,0,0,0,0,0,1,0,0,0,0,0,1,0,0,0,0,0.0,0,0,0,0,0,0,0,0,1,0,0,1,162.0,175.44,0.7902439024390244,8.0,0,0.4121212121212121,1,0
380,Anorith,Swift Swim,3,45.0,95.0,50.0,40.0,50.0,75.0,355.0,12.5,0.7,0.875,Old Shrimp Pokémon,45,30,600000,70,0,0,0,1,2,No Preevolution,0.5,1.0,1.0,0.5,1.0,2.0,1.0,1.0,2.0,1.0,2.0,1.0,1.0,1.0,1.0,1.0,1.0,1.0,Battle Armor,None,0,0,81,150,0.54,1,0,0,0,0,0,0,0,0,0,0,0,0,0,0,1,0,0,0,0,0.0,0,0,0,0,0,0,0,0,1,0,0,1,135.0,45.0,1.3366336633663367,6.0,0,0.28169014084507044,1,0
381,Armaldo,Swift Swim,3,75.0,125.0,100.0,70.0,80.0,45.0,495.0,68.2,1.5,0.875,Plate Pokémon,45,30,600000,70,0,0,0,2,2,Anorith,0.5,1.0,1.0,0.5,1.0,2.0,1.0,1.0,2.0,1.0,2.0,1.0,1.0,1.0,1.0,1.0,1.0,1.0,Battle Armor,None,0,0,37,112,0.330357,1,0,0,0,0,0,0,0,0,0,0,0,0,0,0,1,0,0,0,0,0.0,0,0,0,0,0,0,0,0,1,0,0,1,195.0,135.0,1.0773480662983426,6.0,0,0.36363636363636365,1,0
382,Feebas,Adaptability,3,20.0,15.0,20.0,10.0,55.0,80.0,200.0,7.4,0.6,0.5,Fish Pokémon,255,20,600000,70,0,0,0,1,2,No Preevolution,1.0,1.0,1.0,1.0,1.0,1.0,1.0,1.0,0.5,0.5,0.5,2.0,2.0,1.0,0.5,1.0,1.0,1.0,Swift Swim,Oblivious,0,0,33,123,0.268293,0,0,0,0,0,0,0,0,0,0,0,0,0,0,0,0,0,2,0,0,0.0,1,0,0,0,0,0,0,0,0,1,0,0,25.0,15.0,0.32894736842105265,4.0,0,0.375,1,0
383,Milotic,Cute Charm,3,95.0,60.0,79.0,100.0,125.0,81.0,540.0,162.0,6.2,0.5,Tender Pokémon,60,20,600000,70,0,0,0,2,2,Feebas,1.0,1.0,1.0,1.0,1.0,1.0,1.0,1.0,0.5,0.5,0.5,2.0,2.0,1.0,0.5,1.0,1.0,1.0,Marvel Scale,Competitive,0,0,80,129,0.620155,0,0,0,0,0,0,0,0,0,0,0,0,0,0,0,0,0,2,0,0,0.0,1,0,0,0,0,0,0,0,0,1,0,0,160.0,193.8,0.7804878048780488,4.0,0,0.37777777777777777,1,0
384,Castform,None,3,70.0,70.0,70.0,70.0,70.0,70.0,420.0,0.8,0.3,0.5,Weather Pokémon,45,25,1000000,70,0,0,0,1,1,No Preevolution,1.0,2.0,1.0,1.0,1.0,1.0,1.0,0.0,1.0,1.0,1.0,1.0,1.0,1.0,1.0,1.0,1.0,1.0,Forecast,None,0,0,64,121,0.528926,0,0,0,0,0,0,0,0,0,0,0,0,2,0,0,0,0,0,1,0,0.0,0,1,0,0,0,0,0,0,0,0,0,0,140.0,98.0,0.9929078014184397,2.0,0,0.3333333333333333,1,0
385,Kecleon,Protean,3,60.0,90.0,70.0,60.0,120.0,40.0,440.0,22.0,1.0,0.5,Color Swap Pokémon,200,20,1059860,70,0,0,0,1,1,No Preevolution,1.0,2.0,1.0,1.0,1.0,1.0,1.0,0.0,1.0,1.0,1.0,1.0,1.0,1.0,1.0,1.0,1.0,1.0,Color Change,None,0,0,34,124,0.274194,0,0,0,0,0,0,0,0,0,0,0,0,2,0,0,0,0,0,0,0,0.0,0,0,1,0,0,0,0,0,1,0,0,0,150.0,114.0,0.7853403141361257,2.0,0,0.4318181818181818,1,0
386,Shuppet,Cursed Body,3,44.0,75.0,35.0,63.0,33.0,45.0,295.0,2.3,0.6,0.5,Puppet Pokémon,225,25,800000,35,0,0,0,1,2,No Preevolution,0.0,0.0,1.0,0.5,1.0,1.0,0.5,2.0,1.0,1.0,1.0,1.0,1.0,1.0,1.0,1.0,2.0,1.0,Insomnia,Frisk,0,0,36,136,0.264706,0,0,0,0,0,0,0,0,2,0,0,0,0,0,0,0,0,0,1,0,0.0,0,0,0,0,0,0,0,0,1,0,0,0,138.0,29.92,2.0,4.0,0,0.2305084745762712,1,0
387,Banette,Cursed Body,3,64.0,115.0,65.0,83.0,63.0,65.0,455.0,12.5,1.1,0.5,Marionette Pokémon,45,25,800000,35,0,0,1,2,2,Shuppet,0.0,0.0,1.0,0.5,1.0,1.0,0.5,2.0,1.0,1.0,1.0,1.0,1.0,1.0,1.0,1.0,2.0,1.0,Insomnia,Frisk,0,0,74,139,0.532374,0,0,0,0,0,0,0,0,2,0,0,0,0,0,0,0,0,0,1,0,0.0,0,0,0,0,0,0,0,0,1,0,0,0,198.0,81.92,1.5348837209302326,4.0,0,0.2813186813186813,1,1
388,Mega Banette,None,3,64.0,165.0,75.0,93.0,83.0,75.0,555.0,13.0,1.2,0.5,Marionette Pokémon,45,25,800000,35,0,0,1,2,2,Banette,0.0,0.0,1.0,0.5,1.0,1.0,0.5,2.0,1.0,1.0,1.0,1.0,1.0,1.0,1.0,1.0,2.0,1.0,Prankster,None,0,1,83,126,0.65873,0,0,0,0,0,0,0,0,2,0,0,0,0,0,0,0,0,0,1,0,0.0,0,0,0,0,0,0,0,0,1,0,0,0,258.0,101.12,1.6226415094339623,4.0,0,0.28468468468468466,1,1
389,Duskull,Frisk,3,20.0,40.0,90.0,30.0,90.0,25.0,295.0,15.0,0.8,0.5,Requiem Pokémon,190,25,800000,35,0,0,0,1,3,No Preevolution,0.0,0.0,1.0,0.5,1.0,1.0,0.5,2.0,1.0,1.0,1.0,1.0,1.0,1.0,1.0,1.0,2.0,1.0,Levitate,None,0,0,15,132,0.113636,0,0,0,0,0,0,0,0,2,0,0,0,0,0,0,0,0,0,1,0,0.0,0,0,0,0,0,0,0,0,1,0,0,0,70.0,36.0,0.3867403314917127,4.0,0,0.6101694915254238,1,0
390,Dusclops,Frisk,3,40.0,70.0,130.0,60.0,130.0,25.0,455.0,30.6,1.6,0.5,Beckon Pokémon,90,25,800000,35,0,0,0,2,3,Duskull,0.0,0.0,1.0,0.5,1.0,1.0,0.5,2.0,1.0,1.0,1.0,1.0,1.0,1.0,1.0,1.0,2.0,1.0,Pressure,None,0,0,21,121,0.173554,0,0,0,0,0,0,0,0,2,0,0,0,0,0,0,0,0,0,1,0,0.0,0,0,0,0,0,0,0,0,1,0,0,0,130.0,104.0,0.49808429118773945,4.0,0,0.5714285714285714,1,0
391,Tropius,Harvest,3,99.0,68.0,83.0,72.0,87.0,51.0,460.0,100.0,2.0,0.5,Fruit Pokémon,200,25,1250000,70,0,0,0,1,1,No Preevolution,1.0,0.5,2.0,2.0,0.0,2.0,1.0,1.0,1.0,2.0,0.5,0.25,1.0,1.0,4.0,1.0,1.0,1.0,Chlorophyll,Solar Power,0,0,56,134,0.41791,0,0,0,0,0,0,0,1,0,1,0,0,0,0,0,0,0,0,0,0,0.0,0,0,0,0,1,0,0,1,0,0,0,0,140.0,168.3,0.8187134502923976,12.0,1,0.3695652173913043,1,0
392,Chimecho,None,3,75.0,50.0,80.0,95.0,90.0,65.0,455.0,1.0,0.6,0.5,Wind Chime Pokémon,45,25,800000,70,0,0,0,2,2,Chingling,1.0,0.5,1.0,1.0,1.0,1.0,2.0,2.0,1.0,1.0,1.0,1.0,1.0,0.5,1.0,1.0,2.0,1.0,Levitate,None,0,0,52,122,0.42623,0,0,0,0,0,0,0,0,0,0,0,0,0,0,2,0,0,0,1,0,0.0,0,0,0,0,0,0,0,0,1,0,0,0,145.0,127.5,0.847953216374269,6.0,0,0.37362637362637363,1,0
393,Absol,Justified,3,65.0,130.0,60.0,75.0,60.0,75.0,465.0,47.0,1.2,0.5,Disaster Pokémon,30,25,1059860,35,0,0,1,1,1,No Preevolution,1.0,2.0,1.0,1.0,1.0,1.0,2.0,0.5,1.0,1.0,1.0,1.0,1.0,0.0,1.0,1.0,0.5,2.0,Pressure,Super Luck,0,0,89,129,0.689922,0,2,0,0,0,0,0,0,0,0,0,0,0,0,0,0,0,0,0,0,0.0,0,0,1,0,0,0,0,0,1,0,0,0,205.0,78.0,1.6942148760330578,6.0,0,0.25806451612903225,1,1
394,Mega Absol,None,3,65.0,150.0,60.0,115.0,60.0,115.0,565.0,49.0,1.2,0.5,Disaster Pokémon,30,25,1059860,35,0,0,1,1,1,Absol,1.0,2.0,1.0,1.0,1.0,1.0,2.0,0.5,1.0,1.0,1.0,1.0,1.0,0.0,1.0,1.0,0.5,2.0,Magic Bounce,None,0,1,130,139,0.935252,0,2,0,0,0,0,0,0,0,0,0,0,0,0,0,0,0,0,0,0,0.0,0,0,1,0,0,0,0,0,1,0,0,0,265.0,78.0,2.190082644628099,6.0,0,0.21238938053097345,1,1
395,Wynaut,Telepathy,3,95.0,23.0,48.0,23.0,48.0,23.0,260.0,14.0,0.6,0.5,Bright Pokémon,125,20,1000000,70,0,0,0,1,2,No Preevolution,1.0,0.5,1.0,1.0,1.0,1.0,2.0,2.0,1.0,1.0,1.0,1.0,1.0,0.5,1.0,1.0,2.0,1.0,Shadow Tag,None,0,0,6,130,0.046154,0,0,0,0,0,0,0,0,0,0,0,0,0,0,2,0,0,0,0,0,0.0,0,0,0,0,0,0,0,0,2,0,0,0,46.0,91.2,0.4742268041237113,6.0,0,0.36923076923076925,1,0
396,Snorunt,Moody,3,50.0,50.0,50.0,50.0,50.0,50.0,300.0,16.8,0.7,0.5,Snow Hat Pokémon,190,20,1000000,70,0,0,0,1,2,No Preevolution,1.0,2.0,1.0,1.0,1.0,2.0,1.0,1.0,2.0,2.0,1.0,1.0,1.0,1.0,0.5,1.0,1.0,1.0,Inner Focus,Ice Body,0,0,39,127,0.307087,0,0,0,0,0,0,0,0,0,0,0,2,0,0,0,0,0,0,0,0,0.0,0,1,0,0,0,0,1,0,0,0,0,0,100.0,50.0,0.9900990099009901,8.0,0,0.3333333333333333,1,0
397,Glalie,Moody,3,80.0,80.0,80.0,80.0,80.0,80.0,480.0,256.5,1.5,0.5,Face Pokémon,75,20,1000000,70,0,0,1,2,2,Snorunt,1.0,2.0,1.0,1.0,1.0,2.0,1.0,1.0,2.0,2.0,1.0,1.0,1.0,1.0,0.5,1.0,1.0,1.0,Inner Focus,Ice Body,0,0,80,133,0.601504,0,0,0,0,0,0,0,0,0,0,0,2,0,0,0,0,0,0,0,0,0.0,0,1,0,0,0,0,1,0,0,0,0,0,160.0,128.0,0.9937888198757764,8.0,0,0.3333333333333333,1,1
398,Mega Glalie,None,3,80.0,120.0,80.0,120.0,80.0,100.0,580.0,350.2,2.1,0.5,Face Pokémon,75,20,1000000,70,0,0,1,2,2,Glalie,1.0,2.0,1.0,1.0,1.0,2.0,1.0,1.0,2.0,2.0,1.0,1.0,1.0,1.0,0.5,1.0,1.0,1.0,Refrigerate,None,0,1,78,92,0.847826,0,0,0,0,0,0,0,0,0,0,0,2,0,0,0,0,0,0,0,0,0.0,0,1,0,0,0,0,1,0,0,0,0,0,240.0,128.0,1.4906832298136645,8.0,0,0.27586206896551724,1,1
399,Spheal,Oblivious,3,70.0,40.0,50.0,55.0,50.0,25.0,290.0,39.5,0.8,0.5,Clap Pokémon,255,20,1059860,70,0,0,0,1,3,No Preevolution,1.0,2.0,1.0,1.0,1.0,2.0,1.0,1.0,1.0,1.0,0.5,2.0,2.0,1.0,0.25,1.0,1.0,1.0,Thick Fat,Ice Body,0,0,8,131,0.061069,0,0,0,0,0,0,0,0,0,0,0,1,0,0,0,0,0,1,0,0,0.0,0,0,1,0,0,0,0,0,0,1,0,0,95.0,70.0,0.9405940594059405,8.0,0,0.3448275862068966,1,0
400,Sealeo,Oblivious,3,90.0,60.0,70.0,75.0,70.0,45.0,410.0,87.6,1.1,0.5,Ball Roll Pokémon,120,20,1059860,70,0,0,0,2,3,Spheal,1.0,2.0,1.0,1.0,1.0,2.0,1.0,1.0,1.0,1.0,0.5,2.0,2.0,1.0,0.25,1.0,1.0,1.0,Thick Fat,Ice Body,0,0,32,134,0.238806,0,0,0,0,0,0,0,0,0,0,0,1,0,0,0,0,0,1,0,0,0.0,0,0,1,0,0,0,0,0,0,1,0,0,135.0,126.0,0.9574468085106383,8.0,0,0.34146341463414637,1,0
401,Walrein,Oblivious,3,110.0,80.0,90.0,95.0,90.0,65.0,530.0,150.6,1.4,0.5,Ice Break Pokémon,45,20,1059860,70,0,0,0,3,3,Sealeo,1.0,2.0,1.0,1.0,1.0,2.0,1.0,1.0,1.0,1.0,0.5,2.0,2.0,1.0,0.25,1.0,1.0,1.0,Thick Fat,Ice Body,0,0,75,149,0.503356,0,0,0,0,0,0,0,0,0,0,0,1,0,0,0,0,0,1,0,0,0.0,0,0,1,0,0,0,0,0,0,1,0,0,175.0,198.0,0.9668508287292817,8.0,0,0.33962264150943394,1,0
402,Clamperl,Rattled,3,35.0,64.0,85.0,74.0,55.0,32.0,345.0,52.5,0.4,0.5,Bivalve Pokémon,255,20,600000,70,0,0,0,1,2,No Preevolution,1.0,1.0,1.0,1.0,1.0,1.0,1.0,1.0,0.5,0.5,0.5,2.0,2.0,1.0,0.5,1.0,1.0,1.0,Shell Armor,None,0,0,23,116,0.198276,0,0,0,0,0,0,0,0,0,0,0,0,0,0,0,0,0,2,0,0,0.0,0,0,0,0,0,0,0,0,1,1,0,0,138.0,49.0,0.9787234042553191,4.0,0,0.4057971014492754,1,0
403,Huntail,Water Veil,3,55.0,104.0,105.0,94.0,75.0,52.0,485.0,27.0,1.7,0.5,Deep Sea Pokémon,60,20,600000,70,0,0,0,2,2,Clamperl,1.0,1.0,1.0,1.0,1.0,1.0,1.0,1.0,0.5,0.5,0.5,2.0,2.0,1.0,0.5,1.0,1.0,1.0,Swift Swim,None,0,0,48,132,0.363636,0,0,0,0,0,0,0,0,0,0,0,0,0,0,0,0,0,2,0,0,0.0,0,0,0,0,0,0,0,0,1,1,0,0,198.0,99.0,1.0939226519337018,4.0,0,0.3711340206185567,1,0
404,Gorebyss,Hydration,3,55.0,84.0,105.0,114.0,75.0,52.0,485.0,22.6,1.8,0.5,South Sea Pokémon,60,20,600000,70,0,0,0,2,2,Clamperl,1.0,1.0,1.0,1.0,1.0,1.0,1.0,1.0,0.5,0.5,0.5,2.0,2.0,1.0,0.5,1.0,1.0,1.0,Swift Swim,None,0,0,37,128,0.289062,0,0,0,0,0,0,0,0,0,0,0,0,0,0,0,0,0,2,0,0,0.0,0,0,0,0,0,0,0,0,1,1,0,0,198.0,99.0,1.0939226519337018,4.0,0,0.3711340206185567,1,0
405,Relicanth,Sturdy,3,100.0,90.0,130.0,45.0,65.0,55.0,485.0,23.4,1.0,0.875,Longevity Pokémon,25,40,1250000,70,0,0,0,1,1,No Preevolution,0.5,2.0,0.5,0.5,2.0,1.0,1.0,1.0,1.0,0.25,1.0,4.0,2.0,1.0,0.5,1.0,1.0,1.0,Swift Swim,Rock Head,0,0,57,134,0.425373,0,0,0,0,0,0,0,0,0,0,0,0,0,0,0,1,0,1,0,0,0.0,0,0,0,0,0,0,0,0,0,1,1,0,135.0,195.0,0.6887755102040817,10.0,1,0.4020618556701031,1,0
406,Luvdisc,Hydration,3,43.0,30.0,55.0,40.0,65.0,97.0,330.0,8.7,0.6,0.25,Rendezvous Pokémon,225,20,800000,70,0,0,0,1,1,No Preevolution,1.0,1.0,1.0,1.0,1.0,1.0,1.0,1.0,0.5,0.5,0.5,2.0,2.0,1.0,0.5,1.0,1.0,1.0,Swift Swim,None,0,0,79,131,0.603053,0,0,0,0,0,0,0,0,0,0,0,0,0,0,0,0,0,2,0,0,0.0,0,0,0,0,0,0,0,0,1,0,1,0,70.0,51.6,0.5785123966942148,4.0,0,0.36363636363636365,1,0
407,Bagon,Sheer Force,3,45.0,75.0,60.0,40.0,30.0,50.0,300.0,42.1,0.6,0.5,Rock Head Pokémon,45,40,1250000,35,0,0,0,1,3,No Preevolution,1.0,1.0,1.0,1.0,1.0,1.0,1.0,1.0,1.0,0.5,0.5,0.5,0.5,1.0,2.0,2.0,1.0,2.0,Rock Head,None,0,0,38,125,0.304,0,0,2,0,0,0,0,0,0,0,0,0,0,0,0,0,0,0,0,0,0.0,1,0,0,0,0,0,0,0,1,0,0,0,115.0,40.5,1.2637362637362637,6.0,0,0.3,1,0
408,Shelgon,Overcoat,3,65.0,95.0,100.0,60.0,50.0,50.0,420.0,110.5,1.1,0.5,Endurance Pokémon,45,40,1250000,35,0,0,0,2,3,Bagon,1.0,1.0,1.0,1.0,1.0,1.0,1.0,1.0,1.0,0.5,0.5,0.5,0.5,1.0,2.0,2.0,1.0,2.0,Rock Head,None,0,0,43,123,0.349593,0,0,2,0,0,0,0,0,0,0,0,0,0,0,0,0,0,0,0,0,0.0,1,0,0,0,0,0,0,0,1,0,0,0,155.0,97.5,1.0264900662251655,6.0,0,0.35714285714285715,1,0
409,Salamence,Moxie,3,95.0,135.0,80.0,110.0,80.0,100.0,600.0,102.6,1.5,0.5,Dragon Pokémon,45,40,1250000,35,0,0,1,3,3,Shelgon,1.0,0.5,1.0,1.0,0.0,2.0,0.5,1.0,1.0,0.5,0.5,0.25,1.0,1.0,4.0,2.0,1.0,2.0,Intimidate,None,0,0,113,137,0.824818,0,0,1,0,0,0,0,1,0,0,0,0,0,0,0,0,0,0,0,0,0.0,1,0,0,0,0,0,0,0,1,0,0,0,245.0,152.0,1.5217391304347827,10.0,1,0.26666666666666666,1,1
410,Mega Salamence,None,3,95.0,145.0,130.0,120.0,90.0,120.0,700.0,112.6,1.8,0.5,Dragon Pokémon,45,40,1250000,35,0,0,1,3,3,Salamence,1.0,0.5,1.0,1.0,0.0,2.0,0.5,1.0,1.0,0.5,0.5,0.25,1.0,1.0,4.0,2.0,1.0,2.0,Aerilate,None,0,1,125,133,0.93985,0,0,1,0,0,0,0,1,0,0,0,0,0,0,0,0,0,0,0,0,0.0,1,0,0,0,0,0,0,0,1,0,0,0,265.0,209.0,1.1990950226244343,10.0,1,0.3142857142857143,1,1
411,Beldum,Light Metal,3,40.0,55.0,80.0,35.0,60.0,30.0,300.0,95.2,0.6,0.5,Iron Ball Pokémon,3,40,1250000,35,0,0,0,1,3,No Preevolution,0.5,1.0,0.5,0.0,2.0,0.5,1.0,2.0,0.5,2.0,1.0,0.5,1.0,0.25,0.5,0.5,2.0,0.5,Clear Body,None,1,0,20,133,0.150376,0,0,0,0,0,0,0,0,0,0,0,0,0,0,1,0,1,0,0,0,0.0,0,0,0,0,0,0,1,0,1,0,0,0,90.0,56.0,0.6382978723404256,8.0,0,0.4666666666666667,1,0
412,Metang,Light Metal,3,60.0,75.0,100.0,55.0,80.0,50.0,420.0,202.5,1.2,0.5,Iron Claw Pokémon,3,40,1250000,35,0,0,0,2,3,Beldum,0.5,1.0,0.5,0.0,2.0,0.5,1.0,2.0,0.5,2.0,1.0,0.5,1.0,0.25,0.5,0.5,2.0,0.5,Clear Body,None,1,0,42,136,0.308824,0,0,0,0,0,0,0,0,0,0,0,0,0,0,1,0,1,0,0,0,0.0,0,0,0,0,0,0,1,0,1,0,0,0,130.0,108.0,0.7182320441988951,8.0,0,0.42857142857142855,1,0
413,Metagross,Light Metal,3,80.0,135.0,130.0,95.0,90.0,70.0,600.0,550.0,1.6,0.5,Iron Leg Pokémon,3,40,1250000,35,0,0,1,3,3,Metang,0.5,1.0,0.5,0.0,2.0,0.5,1.0,2.0,0.5,2.0,1.0,0.5,1.0,0.25,0.5,0.5,2.0,0.5,Clear Body,None,1,0,57,110,0.518182,0,0,0,0,0,0,0,0,0,0,0,0,0,0,1,0,1,0,0,0,0.0,0,0,0,0,0,0,1,0,1,0,0,0,230.0,176.0,1.0407239819004526,8.0,0,0.36666666666666664,1,1
414,Mega Metagross,None,3,80.0,145.0,150.0,105.0,110.0,110.0,700.0,942.9,2.5,0.5,Iron Leg Pokémon,3,40,1250000,35,0,0,1,3,3,Metagross,0.5,1.0,0.5,0.0,2.0,0.5,1.0,2.0,0.5,2.0,1.0,0.5,1.0,0.25,0.5,0.5,2.0,0.5,Tough Claws,None,1,1,113,130,0.869231,0,0,0,0,0,0,0,0,0,0,0,0,0,0,1,0,1,0,0,0,0.0,0,0,0,0,0,0,1,0,1,0,0,0,250.0,208.0,0.9578544061302682,8.0,0,0.37142857142857144,1,1
415,Regirock,Sturdy,3,80.0,100.0,200.0,50.0,100.0,50.0,580.0,230.0,1.7,0.5,Rock Peak Pokémon,3,80,1250000,35,1,0,0,1,1,No Preevolution,0.5,2.0,0.5,0.5,2.0,1.0,1.0,1.0,2.0,0.5,2.0,2.0,1.0,1.0,1.0,1.0,1.0,1.0,Clear Body,None,1,0,50,144,0.347222,0,0,0,0,0,0,0,0,0,0,0,0,0,0,0,2,0,0,0,0,0.0,0,0,0,0,0,0,0,0,2,0,0,0,150.0,240.0,0.4983388704318937,10.0,0,0.5172413793103449,1,1
416,Regice,Ice Body,3,80.0,50.0,100.0,100.0,200.0,50.0,580.0,175.0,1.8,0.5,Iceberg Pokémon,3,80,1250000,35,1,0,0,1,1,No Preevolution,1.0,2.0,1.0,1.0,1.0,2.0,1.0,1.0,2.0,2.0,1.0,1.0,1.0,1.0,0.5,1.0,1.0,1.0,Clear Body,None,1,0,33,140,0.235714,0,0,0,0,0,0,0,0,0,0,0,2,0,0,0,0,0,0,0,0,0.0,0,0,0,0,0,0,0,0,2,0,0,0,150.0,240.0,0.4983388704318937,8.0,0,0.5172413793103449,1,1
417,Registeel,Light Metal,3,80.0,75.0,150.0,75.0,150.0,50.0,580.0,205.0,1.9,0.5,Iron Pokémon,3,80,1250000,35,1,0,0,1,1,No Preevolution,0.5,2.0,0.5,0.0,2.0,0.5,0.5,1.0,0.5,2.0,1.0,0.5,1.0,0.5,0.5,0.5,1.0,0.5,Clear Body,None,1,0,35,113,0.309735,0,0,0,0,0,0,0,0,0,0,0,0,0,0,0,0,2,0,0,0,0.0,0,0,0,0,0,0,0,0,2,0,0,0,150.0,240.0,0.4983388704318937,6.0,0,0.5172413793103449,1,1
418,Latias,None,3,80.0,80.0,90.0,110.0,130.0,110.0,600.0,40.0,1.4,0.0,Eon Pokémon,3,120,1250000,90,1,0,1,1,1,No Preevolution,1.0,0.5,1.0,1.0,1.0,1.0,2.0,2.0,1.0,0.5,0.5,0.5,0.5,0.5,2.0,2.0,2.0,2.0,Levitate,None,0,0,116,133,0.87218,0,0,1,0,0,0,0,0,0,0,0,0,0,0,1,0,0,0,0,0,0.0,0,0,0,0,0,0,0,0,2,0,0,0,190.0,176.0,0.8597285067873304,12.0,0,0.36666666666666664,1,2
419,Mega Latias,None,3,80.0,100.0,120.0,140.0,150.0,110.0,700.0,52.0,1.8,0.0,Eon Pokémon,3,120,1250000,90,1,0,1,1,1,Latias,1.0,0.5,1.0,1.0,0.0,1.0,2.0,2.0,1.0,0.5,0.5,0.5,0.5,0.5,2.0,2.0,2.0,2.0,Levitate,None,0,1,0,0,0.0,0,0,1,0,0,0,0,0,0,0,0,0,0,0,1,0,0,0,0,0,0.0,0,0,0,0,0,0,0,0,2,0,0,0,240.0,216.0,0.8856088560885609,12.0,0,0.38571428571428573,1,2
420,Latios,None,3,80.0,90.0,80.0,130.0,110.0,110.0,600.0,60.0,2.0,1.0,Eon Pokémon,3,120,1250000,90,1,0,1,1,1,No Preevolution,1.0,0.5,1.0,1.0,1.0,1.0,2.0,2.0,1.0,0.5,0.5,0.5,0.5,0.5,2.0,2.0,2.0,2.0,Levitate,None,0,0,107,125,0.856,0,0,1,0,0,0,0,0,0,0,0,0,0,0,1,0,0,0,0,0,0.0,0,0,0,0,0,0,0,0,2,0,0,0,220.0,152.0,1.1518324607329844,12.0,0,0.31666666666666665,1,2
421,Mega Latios,None,3,80.0,130.0,100.0,160.0,120.0,110.0,700.0,70.0,2.3,1.0,Eon Pokémon,3,120,1250000,90,1,0,1,1,1,Latios,1.0,0.5,1.0,1.0,0.0,1.0,2.0,2.0,1.0,0.5,0.5,0.5,0.5,0.5,2.0,2.0,2.0,2.0,Levitate,None,0,1,97,108,0.898148,0,0,1,0,0,0,0,0,0,0,0,0,0,0,1,0,0,0,0,0,0.0,0,0,0,0,0,0,0,0,2,0,0,0,290.0,176.0,1.3122171945701357,12.0,0,0.3142857142857143,1,2
422,Kyogre,None,3,100.0,100.0,90.0,150.0,140.0,90.0,670.0,352.0,4.5,0.5,Sea Basin Pokémon,3,120,1250000,0,1,0,0,1,1,No Preevolution,1.0,1.0,1.0,1.0,1.0,1.0,1.0,1.0,0.5,0.5,0.5,2.0,2.0,1.0,0.5,1.0,1.0,1.0,Drizzle,None,1,0,92,128,0.71875,0,0,0,0,0,0,0,0,0,0,0,0,0,0,0,0,0,2,0,0,0.0,0,0,0,0,0,0,0,0,2,0,0,0,250.0,230.0,1.0822510822510822,4.0,0,0.34328358208955223,1,1
423,Primal Kyogre,None,3,100.0,150.0,90.0,180.0,160.0,90.0,770.0,430.0,9.8,0.5,Sea Basin Pokémon,3,120,1250000,0,1,0,1,1,1,Kyogre,1.0,1.0,1.0,1.0,1.0,1.0,1.0,1.0,0.5,0.5,0.5,2.0,2.0,1.0,0.5,1.0,1.0,1.0,Primordial Sea,None,1,0,97,132,0.734848,0,0,0,0,0,0,0,0,0,0,0,0,0,0,0,0,0,2,0,0,0.0,0,0,0,0,0,0,0,0,2,0,0,0,330.0,250.0,1.3147410358565736,4.0,0,0.3246753246753247,1,2
424,Groudon,None,3,100.0,150.0,140.0,100.0,90.0,90.0,670.0,950.0,3.5,0.5,Continent Pokémon,3,120,1250000,0,1,0,0,1,1,No Preevolution,1.0,1.0,1.0,0.5,1.0,0.5,1.0,1.0,1.0,1.0,2.0,2.0,0.0,1.0,2.0,1.0,1.0,1.0,Drought,None,1,0,106,133,0.796992,0,0,0,0,0,0,0,0,0,0,2,0,0,0,0,0,0,0,0,0,0.0,0,0,0,0,0,0,0,0,2,0,0,0,250.0,230.0,1.0822510822510822,6.0,0,0.34328358208955223,1,1
425,Primal Groudon,None,3,100.0,180.0,160.0,150.0,90.0,90.0,770.0,999.7,5.0,0.5,Continent Pokémon,3,120,1250000,0,1,0,1,1,1,Groudon,1.0,1.0,1.0,0.5,2.0,1.0,0.5,1.0,0.5,0.5,4.0,1.0,0.0,1.0,1.0,1.0,1.0,0.5,Desolate Land,None,1,0,91,121,0.752066,0,0,0,0,0,0,1,0,0,0,1,0,0,0,0,0,0,0,0,0,0.0,0,0,0,0,0,0,0,0,2,0,0,0,330.0,250.0,1.3147410358565736,6.0,1,0.3246753246753247,1,2
426,Rayquaza,None,3,105.0,150.0,90.0,150.0,90.0,95.0,680.0,206.5,7.0,0.5,Sky High Pokémon,3,120,1250000,0,1,0,1,1,1,No Preevolution,1.0,0.5,1.0,1.0,0.0,2.0,0.5,1.0,1.0,0.5,0.5,0.25,1.0,1.0,4.0,2.0,1.0,2.0,Air Lock,None,1,0,116,140,0.828571,0,0,1,0,0,0,0,1,0,0,0,0,0,0,0,0,0,0,0,0,0.0,0,0,0,0,0,0,0,0,2,0,0,0,300.0,189.0,1.6574585635359116,10.0,1,0.2647058823529412,1,2
427,Mega Rayquaza,None,3,105.0,180.0,100.0,180.0,100.0,115.0,780.0,392.0,10.8,0.5,Sky High Pokémon,3,120,1250000,0,1,0,1,1,1,Rayquaza,1.0,0.5,1.0,1.0,0.0,2.0,0.5,1.0,1.0,0.5,0.5,0.25,1.0,1.0,4.0,2.0,1.0,2.0,Delta Stream,None,1,1,127,134,0.947761,0,0,1,0,0,0,0,1,0,0,0,0,0,0,0,0,0,0,0,0,0.0,0,0,0,0,0,0,0,0,2,0,0,0,360.0,210.0,1.791044776119403,10.0,1,0.2564102564102564,1,2
428,Jirachi,None,3,100.0,100.0,100.0,100.0,100.0,100.0,600.0,1.1,0.3,0.5,Wish Pokémon,3,120,1250000,100,0,1,0,1,1,No Preevolution,0.5,1.0,0.5,0.0,2.0,0.5,1.0,2.0,0.5,2.0,1.0,0.5,1.0,0.25,0.5,0.5,2.0,0.5,Serene Grace,None,1,0,134,153,0.875817,0,0,0,0,0,0,0,0,0,0,0,0,0,0,1,0,1,0,0,0,0.0,0,0,0,0,0,0,0,0,2,0,0,0,200.0,200.0,0.9950248756218906,8.0,0,0.3333333333333333,1,1
429,Deoxys Normal Forme,None,3,50.0,150.0,50.0,150.0,50.0,150.0,600.0,60.8,1.7,0.5,DNA Pokémon,3,120,1250000,0,0,1,0,1,1,No Preevolution,1.0,0.5,1.0,1.0,1.0,1.0,2.0,2.0,1.0,1.0,1.0,1.0,1.0,0.5,1.0,1.0,2.0,1.0,Pressure,None,1,0,99,106,0.933962,0,0,0,0,0,0,0,0,0,0,0,0,0,0,2,0,0,0,0,0,0.0,0,0,0,0,0,0,0,0,2,0,0,0,300.0,50.0,2.9702970297029703,6.0,0,0.16666666666666666,1,1
430,DeoxysAttack Forme,None,3,50.0,180.0,20.0,180.0,20.0,150.0,600.0,60.8,1.7,0.5,DNA Pokémon,3,120,1250000,0,0,1,0,1,1,No Preevolution,1.0,0.5,1.0,1.0,1.0,1.0,2.0,2.0,1.0,1.0,1.0,1.0,1.0,0.5,1.0,1.0,2.0,1.0,Pressure,None,1,0,121,134,0.902985,0,0,0,0,0,0,0,0,0,0,0,0,0,0,2,0,0,0,0,0,0.0,0,0,0,0,0,0,0,0,2,0,0,0,360.0,20.0,8.78048780487805,6.0,0,0.06666666666666667,1,1
431,Deoxys Defense Forme,None,3,50.0,70.0,160.0,70.0,160.0,90.0,600.0,60.8,1.7,0.5,DNA Pokémon,3,120,1250000,0,0,1,0,1,1,No Preevolution,1.0,0.5,1.0,1.0,1.0,1.0,2.0,2.0,1.0,1.0,1.0,1.0,1.0,0.5,1.0,1.0,2.0,1.0,Pressure,None,1,0,112,151,0.741722,0,0,0,0,0,0,0,0,0,0,0,0,0,0,2,0,0,0,0,0,0.0,0,0,0,0,0,0,0,0,2,0,0,0,140.0,160.0,0.43613707165109034,6.0,0,0.5333333333333333,1,1
432,Deoxys Speed Forme,None,3,50.0,95.0,90.0,95.0,90.0,180.0,600.0,60.8,1.7,0.5,DNA Pokémon,3,120,1250000,0,0,1,0,1,1,No Preevolution,1.0,0.5,1.0,1.0,1.0,1.0,2.0,2.0,1.0,1.0,1.0,1.0,1.0,0.5,1.0,1.0,2.0,1.0,Pressure,None,1,0,133,145,0.917241,0,0,0,0,0,0,0,0,0,0,0,0,0,0,2,0,0,0,0,0,0.0,0,0,0,0,0,0,0,0,2,0,0,0,190.0,90.0,1.0497237569060773,6.0,0,0.3,1,1
433,Turtwig,Shell Armor,4,55.0,68.0,64.0,45.0,55.0,31.0,318.0,10.2,0.4,0.875,Tiny Leaf Pokémon,45,20,1059860,70,0,0,0,1,3,No Preevolution,1.0,1.0,2.0,2.0,0.5,1.0,2.0,1.0,1.0,2.0,0.5,0.5,0.5,1.0,2.0,1.0,1.0,1.0,Overgrow,None,0,0,14,120,0.116667,0,0,0,0,0,0,0,0,0,2,0,0,0,0,0,0,0,0,0,0,0.0,0,0,0,0,1,0,0,1,0,0,0,0,113.0,65.45,0.9416666666666667,10.0,0,0.3742138364779874,1,0
434,Grotle,Shell Armor,4,75.0,89.0,85.0,55.0,65.0,36.0,405.0,97.0,1.1,0.875,Grove Pokémon,45,20,1059860,70,0,0,0,2,3,Turtwig,1.0,1.0,2.0,2.0,0.5,1.0,2.0,1.0,1.0,2.0,0.5,0.5,0.5,1.0,2.0,1.0,1.0,1.0,Overgrow,None,0,0,39,132,0.295455,0,0,0,0,0,0,0,0,0,2,0,0,0,0,0,0,0,0,0,0,0.0,0,0,0,0,1,0,0,1,0,0,0,0,144.0,112.5,0.9536423841059603,10.0,0,0.37037037037037035,1,0
435,Torterra,Shell Armor,4,95.0,109.0,105.0,75.0,85.0,56.0,525.0,310.0,2.2,0.875,Continent Pokémon,45,20,1059860,70,0,0,0,3,3,Grotle,1.0,1.0,2.0,1.0,0.5,0.5,2.0,1.0,1.0,2.0,1.0,1.0,0.0,1.0,4.0,1.0,1.0,1.0,Overgrow,None,0,0,39,113,0.345133,0,0,0,0,0,0,0,0,0,1,1,0,0,0,0,0,0,0,0,0,0.0,0,0,0,0,1,0,0,1,0,0,0,0,184.0,180.5,0.9633507853403142,10.0,1,0.3619047619047619,1,0
436,Chimchar,Iron Fist,4,44.0,58.0,44.0,58.0,44.0,61.0,309.0,6.2,0.5,0.875,Chimp Pokémon,45,20,1059860,70,0,0,0,1,3,No Preevolution,1.0,1.0,1.0,1.0,2.0,2.0,0.5,1.0,0.5,0.5,2.0,0.5,1.0,1.0,0.5,1.0,1.0,0.5,Blaze,None,0,0,47,112,0.419643,0,0,0,0,0,0,2,0,0,0,0,0,0,0,0,0,0,0,0,0,0.0,0,0,1,0,0,1,0,0,0,0,0,0,116.0,38.72,1.303370786516854,6.0,0,0.284789644012945,1,0
437,Monferno,Iron Fist,4,64.0,78.0,52.0,78.0,52.0,81.0,405.0,22.0,0.9,0.875,Playful Pokémon,45,20,1059860,70,0,0,0,2,3,Chimchar,1.0,1.0,2.0,1.0,2.0,1.0,0.25,1.0,0.5,0.5,2.0,0.5,1.0,2.0,0.5,1.0,0.5,1.0,Blaze,None,0,0,79,123,0.642276,0,0,0,0,0,1,1,0,0,0,0,0,0,0,0,0,0,0,0,0,0.0,0,0,1,0,0,1,0,0,0,0,0,0,156.0,66.56,1.4857142857142858,8.0,0,0.25679012345679014,1,0
438,Infernape,Iron Fist,4,76.0,104.0,71.0,104.0,71.0,108.0,534.0,55.0,1.2,0.875,Flame Pokémon,45,20,1059860,70,0,0,0,3,3,Monferno,1.0,1.0,2.0,1.0,2.0,1.0,0.25,1.0,0.5,0.5,2.0,0.5,1.0,2.0,0.5,1.0,0.5,1.0,Blaze,None,0,0,136,149,0.912752,0,0,0,0,0,1,1,0,0,0,0,0,0,0,0,0,0,0,0,0,0.0,0,0,1,0,0,1,0,0,0,0,0,0,208.0,107.92,1.4545454545454546,8.0,0,0.26591760299625467,1,0
439,Piplup,Competitive,4,53.0,51.0,53.0,61.0,56.0,40.0,314.0,5.2,0.4,0.875,Penguin Pokémon,45,20,1059860,70,0,0,0,1,3,No Preevolution,1.0,1.0,1.0,1.0,1.0,1.0,1.0,1.0,0.5,0.5,0.5,2.0,2.0,1.0,0.5,1.0,1.0,1.0,Torrent,None,0,0,20,140,0.142857,0,0,0,0,0,0,0,0,0,0,0,0,0,0,0,0,0,2,0,0,0.0,0,0,1,0,0,0,0,0,0,1,0,0,112.0,57.77,1.018181818181818,4.0,0,0.3471337579617834,1,0
440,Prinplup,Competitive,4,64.0,66.0,68.0,81.0,76.0,50.0,405.0,23.0,0.8,0.875,Penguin Pokémon,45,20,1059860,70,0,0,0,2,3,Piplup,1.0,1.0,1.0,1.0,1.0,1.0,1.0,1.0,0.5,0.5,0.5,2.0,2.0,1.0,0.5,1.0,1.0,1.0,Torrent,None,0,0,33,131,0.251908,0,0,0,0,0,0,0,0,0,0,0,0,0,0,0,0,0,2,0,0,0.0,0,0,1,0,0,0,0,0,0,1,0,0,147.0,92.16,1.013793103448276,4.0,0,0.35555555555555557,1,0
441,Empoleon,Competitive,4,84.0,86.0,88.0,111.0,101.0,60.0,530.0,84.5,1.7,0.875,Emperor Pokémon,45,20,1059860,70,0,0,0,3,3,Prinplup,0.5,2.0,0.5,0.0,2.0,0.5,0.5,1.0,0.25,1.0,0.5,1.0,2.0,0.5,0.25,0.5,1.0,0.5,Torrent,None,0,0,57,123,0.463415,0,0,0,0,0,0,0,0,0,0,0,0,0,0,0,0,1,1,0,0,0.0,0,0,1,0,0,0,0,0,0,1,0,0,197.0,158.76,1.0368421052631578,6.0,0,0.35660377358490564,1,0
442,Starly,None,4,40.0,55.0,30.0,30.0,30.0,60.0,245.0,2.0,0.3,0.5,Starling Pokémon,255,15,1059860,70,0,0,0,1,3,No Preevolution,1.0,1.0,1.0,1.0,0.0,2.0,0.5,0.0,1.0,1.0,1.0,0.5,2.0,1.0,2.0,1.0,1.0,1.0,Keen Eye,None,0,0,54,124,0.435484,0,0,0,0,0,0,0,1,0,0,0,0,1,0,0,0,0,0,0,0,0.0,0,0,0,1,0,0,0,0,1,0,0,0,85.0,24.0,1.3934426229508197,6.0,0,0.24489795918367346,1,0
443,Staravia,Reckless,4,55.0,75.0,50.0,40.0,40.0,80.0,340.0,15.5,0.6,0.5,Starling Pokémon,120,15,1059860,70,0,0,0,2,3,Starly,1.0,1.0,1.0,1.0,0.0,2.0,0.5,0.0,1.0,1.0,1.0,0.5,2.0,1.0,2.0,1.0,1.0,1.0,Intimidate,None,0,0,75,119,0.630252,0,0,0,0,0,0,0,1,0,0,0,0,1,0,0,0,0,0,0,0,0.0,0,0,0,1,0,0,0,0,1,0,0,0,115.0,49.5,1.2637362637362637,6.0,0,0.2647058823529412,1,0
444,Staraptor,Reckless,4,85.0,120.0,70.0,50.0,60.0,100.0,485.0,24.9,1.2,0.5,Predator Pokémon,45,15,1059860,70,0,0,0,3,3,Staravia,1.0,1.0,1.0,1.0,0.0,2.0,0.5,0.0,1.0,1.0,1.0,0.5,2.0,1.0,2.0,1.0,1.0,1.0,Intimidate,None,0,0,113,136,0.830882,0,0,0,0,0,0,0,1,0,0,0,0,1,0,0,0,0,0,0,0,0.0,0,0,0,1,0,0,0,0,1,0,0,0,170.0,110.5,1.297709923664122,6.0,0,0.26804123711340205,1,0
445,Bidoof,Moody,4,59.0,45.0,40.0,35.0,40.0,31.0,250.0,20.0,0.5,0.5,Plump Mouse Pokémon,255,15,1000000,70,0,0,0,1,2,No Preevolution,1.0,2.0,1.0,1.0,1.0,1.0,1.0,0.0,1.0,1.0,1.0,1.0,1.0,1.0,1.0,1.0,1.0,1.0,Simple,Unaware,0,0,19,133,0.142857,0,0,0,0,0,0,0,0,0,0,0,0,2,0,0,0,0,0,0,0,0.0,0,0,1,0,0,0,0,0,0,1,0,0,80.0,47.2,0.9876543209876543,2.0,0,0.32,1,0
446,Bibarel,Moody,4,79.0,85.0,60.0,55.0,60.0,71.0,410.0,31.5,1.0,0.5,Beaver Pokémon,127,15,1000000,70,0,0,0,2,2,Bidoof,1.0,2.0,1.0,1.0,1.0,1.0,1.0,0.0,0.5,0.5,0.5,2.0,2.0,1.0,0.5,1.0,1.0,1.0,Simple,Unaware,0,0,84,139,0.604317,0,0,0,0,0,0,0,0,0,0,0,0,1,0,0,0,0,1,0,0,0.0,0,0,1,0,0,0,0,0,0,1,0,0,140.0,94.8,1.1570247933884297,6.0,0,0.2926829268292683,1,0
447,Kricketot,Run Away,4,37.0,25.0,41.0,25.0,41.0,25.0,194.0,2.2,0.3,0.5,Cricket Pokémon,255,15,1059860,70,0,0,0,1,2,No Preevolution,1.0,0.5,2.0,1.0,0.5,2.0,1.0,1.0,1.0,2.0,1.0,0.5,1.0,1.0,1.0,1.0,1.0,1.0,Shed Skin,None,0,0,11,124,0.08871,2,0,0,0,0,0,0,0,0,0,0,0,0,0,0,0,0,0,0,1,0.0,0,0,0,0,0,0,0,0,1,0,0,0,50.0,30.34,0.6024096385542169,6.0,0,0.422680412371134,1,0
448,Kricketune,Technician,4,77.0,85.0,51.0,55.0,51.0,65.0,384.0,25.5,1.0,0.5,Cricket Pokémon,45,15,1059860,70,0,0,0,2,2,Kricketot,1.0,0.5,2.0,1.0,0.5,2.0,1.0,1.0,1.0,2.0,1.0,0.5,1.0,1.0,1.0,1.0,1.0,1.0,Swarm,None,0,0,63,122,0.516393,2,0,0,0,0,0,0,0,0,0,0,0,0,0,0,0,0,0,0,1,0.0,0,0,0,0,0,0,0,0,1,0,0,0,140.0,78.54,1.3592233009708738,6.0,0,0.265625,1,0
449,Shinx,Guts,4,45.0,65.0,34.0,40.0,34.0,45.0,263.0,9.5,0.5,0.5,Flash Pokémon,235,20,1059860,70,0,0,0,1,3,No Preevolution,1.0,1.0,0.5,1.0,2.0,1.0,1.0,1.0,0.5,1.0,1.0,1.0,0.5,1.0,1.0,1.0,1.0,1.0,Rivalry,Intimidate,0,0,36,139,0.258993,0,0,0,2,0,0,0,0,0,0,0,0,0,0,0,0,0,0,0,0,0.0,0,0,1,0,0,0,0,0,1,0,0,0,105.0,30.6,1.5217391304347827,2.0,0,0.2585551330798479,1,0
450,Luxio,Guts,4,60.0,85.0,49.0,60.0,49.0,60.0,363.0,30.5,0.9,0.5,Spark Pokémon,120,20,1059860,100,0,0,0,2,3,Shinx,1.0,1.0,0.5,1.0,2.0,1.0,1.0,1.0,0.5,1.0,1.0,1.0,0.5,1.0,1.0,1.0,1.0,1.0,Rivalry,Intimidate,0,0,56,126,0.444444,0,0,0,2,0,0,0,0,0,0,0,0,0,0,0,0,0,0,0,0,0.0,0,0,1,0,0,0,0,0,1,0,0,0,145.0,58.8,1.4646464646464648,2.0,0,0.2699724517906336,1,0
451,Luxray,Guts,4,80.0,120.0,79.0,95.0,79.0,70.0,523.0,42.0,1.4,0.5,Gleam Eyes Pokémon,45,20,1059860,70,0,0,0,3,3,Luxio,1.0,1.0,0.5,1.0,2.0,1.0,1.0,1.0,0.5,1.0,1.0,1.0,0.5,1.0,1.0,1.0,1.0,1.0,Rivalry,Intimidate,0,0,77,132,0.583333,0,0,0,2,0,0,0,0,0,0,0,0,0,0,0,0,0,0,0,0,0.0,0,0,1,0,0,0,0,0,1,0,0,0,215.0,126.4,1.3522012578616351,2.0,0,0.30210325047801145,1,0
452,Budew,Leaf Guard,4,40.0,30.0,35.0,50.0,70.0,55.0,280.0,1.2,0.2,0.5,Bud Pokémon,255,20,1059860,70,0,0,0,1,3,No Preevolution,1.0,0.5,2.0,1.0,1.0,1.0,1.0,1.0,1.0,2.0,0.5,0.25,0.5,2.0,2.0,1.0,1.0,0.5,Natural Cure,Poison Point,0,0,33,117,0.282051,0,0,0,0,0,0,0,0,0,1,0,0,0,1,0,0,0,0,0,0,0.0,0,0,0,0,0,0,0,0,2,0,0,0,80.0,42.0,0.7547169811320755,8.0,0,0.375,1,0
453,Roserade,Technician,4,60.0,70.0,65.0,125.0,105.0,90.0,515.0,14.5,0.9,0.5,Bouquet Pokémon,75,20,1059860,70,0,0,0,3,3,Roselia,1.0,0.5,2.0,1.0,1.0,1.0,1.0,1.0,1.0,2.0,0.5,0.25,0.5,2.0,2.0,1.0,1.0,0.5,Natural Cure,Poison Point,0,0,94,136,0.691176,0,0,0,0,0,0,0,0,0,1,0,0,0,1,0,0,0,0,0,0,0.0,0,1,0,0,1,0,0,0,0,0,0,0,195.0,102.0,1.1403508771929824,8.0,0,0.3300970873786408,1,0
454,Cranidos,Sheer Force,4,67.0,125.0,40.0,30.0,30.0,58.0,350.0,31.5,0.9,0.875,Head Butt Pokémon,45,30,600000,70,0,0,0,1,2,No Preevolution,0.5,2.0,0.5,0.5,2.0,1.0,1.0,1.0,2.0,0.5,2.0,2.0,1.0,1.0,1.0,1.0,1.0,1.0,Mold Breaker,None,0,0,35,102,0.343137,0,0,0,0,0,0,0,0,0,0,0,0,0,0,0,2,0,0,0,0,0.0,0,0,0,0,0,0,0,1,1,0,0,0,155.0,46.9,2.183098591549296,10.0,0,0.2,1,0
455,Rampardos,Sheer Force,4,97.0,165.0,60.0,65.0,50.0,58.0,495.0,102.5,1.6,0.875,Head Butt Pokémon,45,30,600000,70,0,0,0,2,2,Cranidos,0.5,2.0,0.5,0.5,2.0,1.0,1.0,1.0,2.0,0.5,2.0,2.0,1.0,1.0,1.0,1.0,1.0,1.0,Mold Breaker,None,0,0,48,123,0.390244,0,0,0,0,0,0,0,0,0,0,0,0,0,0,0,2,0,0,0,0,0.0,0,0,0,0,0,0,0,1,1,0,0,0,230.0,106.7,2.0720720720720722,10.0,0,0.2222222222222222,1,0
456,Shieldon,Soundproof,4,30.0,42.0,118.0,42.0,88.0,30.0,350.0,57.0,0.5,0.875,Shield Pokémon,45,30,600000,70,0,0,0,1,2,No Preevolution,0.25,4.0,0.25,0.0,4.0,0.5,0.5,1.0,1.0,1.0,2.0,1.0,1.0,0.5,0.5,0.5,1.0,0.5,Sturdy,None,0,0,14,125,0.112,0,0,0,0,0,0,0,0,0,0,0,0,0,0,0,1,1,0,0,0,0.0,0,0,0,0,0,0,0,1,1,0,0,0,84.0,61.8,0.4057971014492754,10.0,2,0.5885714285714285,1,0
457,Bastiodon,Soundproof,4,60.0,52.0,168.0,47.0,138.0,30.0,495.0,149.5,1.3,0.875,Shield Pokémon,45,30,600000,70,0,0,0,2,2,Shieldon,0.25,4.0,0.25,0.0,4.0,0.5,0.5,1.0,1.0,1.0,2.0,1.0,1.0,0.5,0.5,0.5,1.0,0.5,Sturdy,None,0,0,24,121,0.198347,0,0,0,0,0,0,0,0,0,0,0,0,0,0,0,1,1,0,0,0,0.0,0,0,0,0,0,0,0,1,1,0,0,0,99.0,183.6,0.32247557003257327,10.0,2,0.6181818181818182,1,0
458,Burmy,Overcoat,4,40.0,29.0,45.0,29.0,45.0,36.0,224.0,3.4,0.2,0.5,Bagworm Pokémon,120,15,1000000,70,0,0,0,1,2,No Preevolution,1.0,0.5,2.0,1.0,0.5,2.0,1.0,1.0,1.0,2.0,1.0,0.5,1.0,1.0,1.0,1.0,1.0,1.0,Shed Skin,None,0,0,18,123,0.146341,2,0,0,0,0,0,0,0,0,0,0,0,0,0,0,0,0,0,0,1,0.0,0,0,0,0,0,0,0,0,1,0,0,0,58.0,36.0,0.6373626373626373,6.0,0,0.4017857142857143,1,0
459,Wormadam Plant Cloak,Overcoat,4,60.0,59.0,85.0,79.0,105.0,36.0,424.0,6.5,0.5,0.0,Bagworm Pokémon,45,15,1000000,70,0,0,0,2,2,Burmy Plant Cloak,1.0,0.5,4.0,2.0,0.25,2.0,2.0,1.0,1.0,4.0,0.5,0.25,0.5,1.0,2.0,1.0,1.0,1.0,Anticipation,None,0,0,21,126,0.166667,1,0,0,0,0,0,0,0,0,1,0,0,0,0,0,0,0,0,0,1,0.0,0,0,0,0,0,0,0,0,1,0,0,0,138.0,114.0,0.7225130890052356,16.0,2,0.4481132075471698,1,0
460,Wormadam Sandy Cloak,Overcoat,4,60.0,79.0,105.0,59.0,85.0,36.0,424.0,6.5,0.5,0.0,Bagworm Pokémon,45,15,1000000,70,0,0,0,2,2,Burmy Sandy Cloak,1.0,0.5,2.0,0.5,0.5,1.0,1.0,1.0,1.0,2.0,2.0,1.0,0.0,1.0,2.0,1.0,1.0,1.0,Anticipation,None,0,0,22,129,0.170543,1,0,0,0,0,0,0,0,0,0,1,0,0,0,0,0,0,0,0,1,0.0,0,0,0,0,0,0,0,0,1,0,0,0,138.0,114.0,0.7225130890052356,8.0,0,0.4481132075471698,1,0
461,Wormadam Trash Cloak,Overcoat,4,60.0,69.0,95.0,69.0,95.0,36.0,424.0,6.5,0.5,0.0,Bagworm Pokémon,45,15,1000000,70,0,0,0,2,2,Burmy Trash Cloak,0.5,1.0,1.0,0.0,1.0,1.0,0.5,1.0,0.5,4.0,1.0,0.25,1.0,0.5,0.5,0.5,1.0,0.5,Anticipation,None,0,0,36,138,0.26087,1,0,0,0,0,0,0,0,0,0,0,0,0,0,0,0,1,0,0,1,0.0,0,0,0,0,0,0,0,0,1,0,0,0,138.0,114.0,0.7225130890052356,4.0,1,0.4481132075471698,1,0
462,Mothim,Tinted Lens,4,70.0,94.0,50.0,94.0,50.0,66.0,424.0,23.3,0.9,1.0,Moth Pokémon,45,15,1000000,70,0,0,0,2,2,Burmy,1.0,0.25,2.0,1.0,0.0,4.0,0.5,1.0,1.0,2.0,1.0,0.25,2.0,1.0,2.0,1.0,1.0,1.0,Swarm,None,0,0,65,135,0.481481,1,0,0,0,0,0,0,1,0,0,0,0,0,0,0,0,0,0,0,1,0.0,0,0,0,0,0,0,0,0,1,0,0,0,188.0,70.0,1.8613861386138615,12.0,1,0.2358490566037736,1,0
463,Combee,Hustle,4,30.0,30.0,42.0,30.0,42.0,70.0,244.0,5.5,0.3,0.875,Tiny Bee Pokémon,120,15,1059860,70,0,0,0,1,2,No Preevolution,1.0,0.25,2.0,1.0,0.0,4.0,0.5,1.0,1.0,2.0,1.0,0.25,2.0,1.0,2.0,1.0,1.0,1.0,Honey Gather,None,0,0,55,130,0.423077,1,0,0,0,0,0,0,1,0,0,0,0,0,0,0,0,0,0,0,1,0.0,0,0,0,0,0,0,0,0,1,0,0,0,60.0,25.2,0.7058823529411765,12.0,1,0.3442622950819672,1,0
464,Vespiquen,Unnerve,4,70.0,80.0,102.0,80.0,102.0,40.0,474.0,38.5,1.2,0.0,Beehive Pokémon,45,15,1059860,70,0,0,0,2,2,Combee,1.0,0.25,2.0,1.0,0.0,4.0,0.5,1.0,1.0,2.0,1.0,0.25,2.0,1.0,2.0,1.0,1.0,1.0,Pressure,None,0,0,34,127,0.267717,1,0,0,0,0,0,0,1,0,0,0,0,0,0,0,0,0,0,0,1,0.0,0,0,0,0,0,0,0,0,1,0,0,0,160.0,142.8,0.7804878048780488,12.0,1,0.43037974683544306,1,0
465,Pachirisu,Volt Absorb,4,60.0,45.0,70.0,45.0,90.0,95.0,405.0,3.9,0.4,0.5,EleSquirrel Pokémon,200,10,1000000,100,0,0,0,1,1,No Preevolution,1.0,1.0,0.5,1.0,2.0,1.0,1.0,1.0,0.5,1.0,1.0,1.0,0.5,1.0,1.0,1.0,1.0,1.0,Run Away,Pickup,0,0,103,141,0.730496,0,0,0,2,0,0,0,0,0,0,0,0,0,0,0,0,0,0,0,0,0.0,0,1,1,0,0,0,0,0,0,0,0,0,90.0,96.0,0.5590062111801242,2.0,0,0.3950617283950617,1,0
466,Buizel,Water Veil,4,55.0,65.0,35.0,60.0,30.0,85.0,330.0,29.5,0.7,0.5,Sea Weasel Pokémon,190,20,1000000,70,0,0,0,1,2,No Preevolution,1.0,1.0,1.0,1.0,1.0,1.0,1.0,1.0,0.5,0.5,0.5,2.0,2.0,1.0,0.5,1.0,1.0,1.0,Swift Swim,None,0,0,68,111,0.612613,0,0,0,0,0,0,0,0,0,0,0,0,0,0,0,0,0,2,0,0,0.0,0,0,1,0,0,0,0,0,0,1,0,0,125.0,35.75,1.893939393939394,4.0,0,0.19696969696969696,1,0
467,Floatzel,Water Veil,4,85.0,105.0,55.0,85.0,50.0,115.0,495.0,33.5,1.1,0.5,Sea Weasel Pokémon,75,20,1000000,70,0,0,0,2,2,Buizel,1.0,1.0,1.0,1.0,1.0,1.0,1.0,1.0,0.5,0.5,0.5,2.0,2.0,1.0,0.5,1.0,1.0,1.0,Swift Swim,None,0,0,112,124,0.903226,0,0,0,0,0,0,0,0,0,0,0,0,0,0,0,0,0,2,0,0,0.0,0,0,1,0,0,0,0,0,0,1,0,0,190.0,89.25,1.7924528301886793,4.0,0,0.21212121212121213,1,0
468,Cherubi,None,4,45.0,35.0,45.0,62.0,53.0,35.0,275.0,3.3,0.4,0.5,Cherry Pokémon,190,20,1000000,70,0,0,0,1,2,No Preevolution,1.0,1.0,2.0,2.0,0.5,1.0,2.0,1.0,1.0,2.0,0.5,0.5,0.5,1.0,2.0,1.0,1.0,1.0,Chlorophyll,None,0,0,16,135,0.118519,0,0,0,0,0,0,0,0,0,2,0,0,0,0,0,0,0,0,0,0,0.0,0,1,0,0,1,0,0,0,0,0,0,0,97.0,44.1,0.9797979797979798,10.0,0,0.3563636363636364,1,0
469,Cherrim,None,4,70.0,90.0,70.0,87.0,117.0,85.0,519.0,9.3,0.5,0.5,Blossom Pokémon,75,20,1000000,70,0,0,0,2,2,Cherubi,1.0,1.0,2.0,2.0,0.5,1.0,2.0,1.0,1.0,2.0,0.5,0.5,0.5,1.0,2.0,1.0,1.0,1.0,Flower Gift,None,0,0,71,114,0.622807,0,0,0,0,0,0,0,0,0,2,0,0,0,0,0,0,0,0,0,0,0.0,0,1,0,0,1,0,0,0,0,0,0,0,177.0,130.9,0.9414893617021277,10.0,0,0.3603082851637765,1,0
470,Shellos,Sand Force,4,76.0,48.0,48.0,57.0,62.0,34.0,325.0,6.3,0.3,0.5,Sea Slug Pokémon,190,20,1000000,70,0,0,0,1,2,No Preevolution,1.0,1.0,1.0,1.0,1.0,1.0,1.0,1.0,0.5,0.5,0.5,2.0,2.0,1.0,0.5,1.0,1.0,1.0,Sticky Hold,Storm Drain,0,0,18,154,0.116883,0,0,0,0,0,0,0,0,0,0,0,0,0,0,0,0,0,2,1,0,0.0,0,0,0,0,0,0,0,0,0,1,0,0,105.0,83.6,0.9459459459459459,4.0,0,0.3384615384615385,1,0
471,Gastrodon,Sand Force,4,111.0,83.0,68.0,92.0,82.0,39.0,475.0,29.9,0.9,0.5,Sea Slug Pokémon,75,20,1000000,70,0,0,0,2,2,Shellos West Sea,1.0,1.0,1.0,0.5,1.0,0.5,1.0,1.0,0.5,0.5,1.0,4.0,0.0,1.0,1.0,1.0,1.0,1.0,Sticky Hold,Storm Drain,0,0,22,124,0.177419,0,0,0,0,0,0,0,0,0,0,1,0,0,0,0,0,0,1,1,0,0.0,0,0,0,0,0,0,0,0,0,1,0,0,175.0,166.5,1.1589403973509933,4.0,1,0.3157894736842105,1,0
472,Ambipom,Skill Link,4,75.0,100.0,66.0,60.0,66.0,115.0,482.0,20.3,1.2,0.5,Long Tail Pokémon,45,20,800000,100,0,0,0,2,2,Aipom,1.0,2.0,1.0,1.0,1.0,1.0,1.0,0.0,1.0,1.0,1.0,1.0,1.0,1.0,1.0,1.0,1.0,1.0,Technician,Pickup,0,0,102,111,0.918919,0,0,0,0,0,0,0,0,0,0,0,0,2,0,0,0,0,0,0,0,0.0,0,0,1,0,0,0,0,0,1,0,0,0,160.0,99.0,1.2030075187969924,2.0,0,0.27385892116182575,1,0
473,Drifloon,Flare Boost,4,90.0,50.0,34.0,60.0,44.0,70.0,348.0,1.2,0.4,0.5,Balloon Pokémon,125,30,1640000,70,0,0,0,1,2,No Preevolution,0.0,0.0,1.0,0.5,0.0,2.0,0.25,2.0,1.0,1.0,1.0,0.5,2.0,1.0,2.0,1.0,2.0,1.0,Aftermath,Unburden,0,0,71,113,0.628319,0,0,0,0,0,0,0,1,1,0,0,0,0,0,0,0,0,0,1,0,0.0,0,0,0,0,0,0,0,0,1,0,0,0,110.0,70.2,1.3924050632911393,10.0,0,0.22413793103448276,1,0
474,Drifblim,Flare Boost,4,150.0,80.0,44.0,90.0,54.0,80.0,498.0,15.0,1.2,0.5,Blimp Pokémon,60,30,1640000,70,0,0,0,2,2,Drifloon,0.0,0.0,1.0,0.5,0.0,2.0,0.25,2.0,1.0,1.0,1.0,0.5,2.0,1.0,2.0,1.0,2.0,1.0,Aftermath,Unburden,0,0,80,128,0.625,0,0,0,0,0,0,0,1,1,0,0,0,0,0,0,0,0,0,1,0,0.0,0,0,0,0,0,0,0,0,1,0,0,0,170.0,147.0,1.7171717171717171,10.0,0,0.19678714859437751,1,0
475,Buneary,Limber,4,55.0,66.0,44.0,44.0,56.0,85.0,350.0,5.5,0.4,0.5,Rabbit Pokémon,190,20,1000000,0,0,0,0,1,2,No Preevolution,1.0,2.0,1.0,1.0,1.0,1.0,1.0,0.0,1.0,1.0,1.0,1.0,1.0,1.0,1.0,1.0,1.0,1.0,Run Away,Klutz,0,0,93,135,0.688889,0,0,0,0,0,0,0,0,0,0,0,0,2,0,0,0,0,0,0,0,0.0,0,0,1,0,0,1,0,0,0,0,0,0,110.0,55.0,1.0891089108910892,2.0,0,0.2857142857142857,1,0
476,Lopunny,Limber,4,65.0,76.0,84.0,54.0,96.0,105.0,480.0,33.3,1.2,0.5,Rabbit Pokémon,60,20,1000000,140,0,0,1,2,2,Buneary,1.0,2.0,1.0,1.0,1.0,1.0,1.0,0.0,1.0,1.0,1.0,1.0,1.0,1.0,1.0,1.0,1.0,1.0,Cute Charm,Klutz,0,0,109,121,0.900826,0,0,0,0,0,0,0,0,0,0,0,0,2,0,0,0,0,0,0,0,0.0,0,0,1,0,0,1,0,0,0,0,0,0,130.0,117.0,0.7182320441988951,2.0,0,0.375,1,1
477,Mega Lopunny,None,4,65.0,136.0,94.0,54.0,96.0,135.0,580.0,28.3,1.3,0.0,Rabbit Pokémon,60,20,1000000,140,0,0,1,2,2,Lopunny,1.0,2.0,2.0,1.0,1.0,0.5,0.5,0.0,1.0,1.0,1.0,1.0,1.0,2.0,1.0,1.0,0.5,2.0,Scrappy,None,0,1,124,129,0.96124,0,0,0,0,0,1,0,0,0,0,0,0,1,0,0,0,0,0,0,0,0.0,0,0,1,0,0,1,0,0,0,0,0,0,190.0,123.5,0.9947643979057592,8.0,0,0.3275862068965517,1,1
478,Mismagius,None,4,60.0,60.0,60.0,105.0,105.0,105.0,495.0,4.4,0.9,0.5,Magical Pokémon,45,25,800000,35,0,0,0,2,2,Misdreavus,0.0,0.0,1.0,0.5,1.0,1.0,0.5,2.0,1.0,1.0,1.0,1.0,1.0,1.0,1.0,1.0,2.0,1.0,Levitate,None,0,0,106,125,0.848,0,0,0,0,0,0,0,0,2,0,0,0,0,0,0,0,0,0,1,0,0.0,0,0,0,0,0,0,0,0,1,0,0,0,165.0,99.0,0.9939759036144579,4.0,0,0.3333333333333333,1,0
479,Honchkrow,Moxie,4,100.0,125.0,52.0,105.0,52.0,71.0,505.0,27.3,0.9,0.5,Big Boss Pokémon,30,20,1059860,35,0,0,0,2,2,Murkrow,1.0,1.0,1.0,1.0,0.0,2.0,1.0,0.5,1.0,1.0,1.0,0.5,2.0,0.0,2.0,1.0,0.5,2.0,Insomnia,Super Luck,0,0,0,0,0.0,0,1,0,0,0,0,0,1,0,0,0,0,0,0,0,0,0,0,0,0,0.0,0,0,0,1,0,0,0,0,1,0,0,0,230.0,104.0,2.1904761904761907,8.0,0,0.20594059405940593,1,0
480,Glameow,Keen Eye,4,49.0,55.0,42.0,42.0,37.0,85.0,310.0,3.9,0.5,0.25,Catty Pokémon,190,20,800000,70,0,0,0,1,2,No Preevolution,1.0,2.0,1.0,1.0,1.0,1.0,1.0,0.0,1.0,1.0,1.0,1.0,1.0,1.0,1.0,1.0,1.0,1.0,Limber,Own Tempo,0,0,71,117,0.606838,0,0,0,0,0,0,0,0,0,0,0,0,2,0,0,0,0,0,0,0,0.0,0,0,1,0,0,0,0,0,1,0,0,0,97.0,38.71,1.2125,2.0,0,0.25483870967741934,1,0
481,Purugly,Defiant,4,71.0,82.0,64.0,64.0,59.0,112.0,452.0,43.8,1.0,0.25,Tiger Cat Pokémon,75,20,800000,70,0,0,0,2,2,Glameow,1.0,2.0,1.0,1.0,1.0,1.0,1.0,0.0,1.0,1.0,1.0,1.0,1.0,1.0,1.0,1.0,1.0,1.0,Thick Fat,Own Tempo,0,0,111,119,0.932773,0,0,0,0,0,0,0,0,0,0,0,0,2,0,0,0,0,0,0,0,0.0,0,0,1,0,0,0,0,0,1,0,0,0,146.0,87.33,1.1774193548387097,2.0,0,0.2721238938053097,1,0
482,Chingling,None,4,45.0,30.0,50.0,65.0,50.0,45.0,285.0,0.6,0.2,0.5,Bell Pokémon,120,25,800000,70,0,0,0,1,2,No Preevolution,1.0,0.5,1.0,1.0,1.0,1.0,2.0,2.0,1.0,1.0,1.0,1.0,1.0,0.5,1.0,1.0,2.0,1.0,Levitate,None,0,0,17,123,0.138211,0,0,0,0,0,0,0,0,0,0,0,0,0,0,2,0,0,0,0,0,0.0,0,0,0,0,0,0,0,0,2,0,0,0,95.0,45.0,0.9405940594059405,6.0,0,0.3508771929824561,1,0
483,Stunky,Keen Eye,4,63.0,63.0,47.0,41.0,41.0,74.0,329.0,19.2,0.4,0.5,Skunk Pokémon,225,20,1000000,70,0,0,0,1,2,No Preevolution,1.0,1.0,1.0,0.5,2.0,1.0,1.0,0.5,1.0,1.0,1.0,0.5,1.0,0.0,1.0,1.0,0.5,1.0,Stench,Aftermath,0,0,70,125,0.56,0,1,0,0,0,0,0,0,0,0,0,0,0,1,0,0,0,0,0,0,0.0,0,0,1,0,0,0,0,0,1,0,0,0,104.0,55.44,1.1685393258426966,2.0,0,0.2674772036474164,1,0
484,Skuntank,Keen Eye,4,103.0,93.0,67.0,71.0,61.0,84.0,479.0,38.0,1.0,0.5,Skunk Pokémon,60,20,1000000,70,0,0,0,2,2,Stunky,1.0,1.0,1.0,0.5,2.0,1.0,1.0,0.5,1.0,1.0,1.0,0.5,1.0,0.0,1.0,1.0,0.5,1.0,Stench,Aftermath,0,0,85,119,0.714286,0,1,0,0,0,0,0,0,0,0,0,0,0,1,0,0,0,0,0,0,0.0,0,0,1,0,0,0,0,0,1,0,0,0,164.0,131.84,1.2713178294573644,2.0,0,0.267223382045929,1,0
485,Bronzor,Heavy Metal,4,57.0,24.0,86.0,24.0,86.0,23.0,300.0,60.5,0.5,0.5,Bronze Pokémon,255,20,1000000,70,0,0,0,1,2,No Preevolution,0.5,1.0,0.5,0.0,2.0,0.5,1.0,2.0,0.5,2.0,1.0,0.5,1.0,0.25,0.5,0.5,2.0,0.5,Levitate,Heatproof,1,0,14,110,0.127273,0,0,0,0,0,0,0,0,0,0,0,0,0,0,1,0,1,0,0,0,0.0,0,0,0,0,0,0,1,0,1,0,0,0,48.0,98.04,0.2774566473988439,8.0,0,0.5733333333333334,1,0
486,Bronzong,Heavy Metal,4,67.0,89.0,116.0,79.0,116.0,33.0,500.0,187.0,1.3,0.5,Bronze Bell Pokémon,90,20,1000000,70,0,0,0,2,2,Bronzor,0.5,1.0,0.5,0.0,2.0,0.5,1.0,2.0,0.5,2.0,1.0,0.5,1.0,0.25,0.5,0.5,2.0,0.5,Levitate,Heatproof,1,0,37,141,0.262411,0,0,0,0,0,0,0,0,0,0,0,0,0,0,1,0,1,0,0,0,0.0,0,0,0,0,0,0,1,0,1,0,0,0,168.0,155.44,0.721030042918455,8.0,0,0.464,1,0
487,Bonsly,Rattled,4,50.0,80.0,95.0,10.0,45.0,10.0,290.0,15.0,0.5,0.5,Bonsai Pokémon,255,20,1000000,70,0,0,0,1,2,No Preevolution,0.5,2.0,0.5,0.5,2.0,1.0,1.0,1.0,2.0,0.5,2.0,2.0,1.0,1.0,1.0,1.0,1.0,1.0,Sturdy,Rock Head,0,0,29,125,0.232,0,0,0,0,0,0,0,0,0,0,0,0,0,0,0,2,0,0,0,0,0.0,0,0,0,0,0,0,0,0,2,0,0,0,90.0,70.0,0.6382978723404256,10.0,0,0.4827586206896552,1,0
488,Mime Jr.,Technician,4,20.0,25.0,45.0,70.0,90.0,60.0,310.0,13.0,0.6,0.5,Mime Pokémon,145,25,1000000,70,0,0,0,1,2,No Preevolution,1.0,0.25,1.0,2.0,1.0,1.0,1.0,2.0,2.0,1.0,1.0,1.0,1.0,0.5,1.0,0.0,1.0,1.0,Soundproof,Filter,0,0,37,120,0.308333,0,0,0,0,1,0,0,0,0,0,0,0,0,0,1,0,0,0,0,0,0.0,0,0,0,0,0,0,0,0,2,0,0,0,95.0,27.0,0.6985294117647058,6.0,0,0.43548387096774194,1,0
489,Happiny,Friend Guard,4,100.0,5.0,5.0,15.0,65.0,30.0,220.0,24.4,0.6,0.0,Playhouse Pokémon,130,40,800000,140,0,0,0,1,3,No Preevolution,1.0,2.0,1.0,1.0,1.0,1.0,1.0,0.0,1.0,1.0,1.0,1.0,1.0,1.0,1.0,1.0,1.0,1.0,Natural Cure,Serene Grace,0,0,8,104,0.076923,0,0,0,0,0,0,0,0,0,0,0,0,2,0,0,0,0,0,0,0,0.0,0,0,0,0,0,0,0,0,2,0,0,0,20.0,70.0,0.28169014084507044,2.0,0,0.3181818181818182,1,0
490,Chatot,Big Pecks,4,76.0,65.0,45.0,92.0,42.0,91.0,411.0,1.9,0.5,0.5,Music Note Pokémon,30,20,1059860,35,0,0,0,1,1,No Preevolution,1.0,1.0,1.0,1.0,0.0,2.0,0.5,0.0,1.0,1.0,1.0,0.5,2.0,1.0,2.0,1.0,1.0,1.0,Keen Eye,Tangled Feet,0,0,111,149,0.744966,0,0,0,0,0,0,0,1,0,0,0,0,1,0,0,0,0,0,0,0,0.0,0,0,0,1,0,0,0,0,1,0,0,0,157.0,66.12,1.7840909090909092,6.0,0,0.2116788321167883,1,0
491,Spiritomb,Infiltrator,4,50.0,92.0,108.0,92.0,108.0,35.0,485.0,108.0,1.0,0.5,Forbidden Pokémon,100,30,1000000,70,0,0,0,1,1,No Preevolution,0.0,0.0,1.0,0.5,1.0,1.0,1.0,1.0,1.0,1.0,1.0,1.0,1.0,0.0,1.0,1.0,1.0,2.0,Pressure,None,0,0,29,118,0.245763,0,1,0,0,0,0,0,0,1,0,0,0,0,0,0,0,0,0,1,0,0.0,0,0,0,0,0,0,0,0,1,0,0,0,184.0,108.0,0.847926267281106,2.0,0,0.44536082474226807,1,0
492,Gible,Rough Skin,4,58.0,70.0,45.0,40.0,45.0,42.0,300.0,20.5,0.7,0.5,Land Shark Pokémon,45,40,1250000,70,0,0,0,1,3,No Preevolution,1.0,1.0,1.0,0.5,1.0,0.5,1.0,1.0,1.0,0.5,1.0,1.0,0.0,1.0,4.0,2.0,1.0,2.0,Sand Veil,None,0,0,35,135,0.259259,0,0,1,0,0,0,0,0,0,0,1,0,0,0,0,0,0,0,0,0,0.0,1,0,0,0,0,0,0,1,0,0,0,0,110.0,52.2,1.2087912087912087,8.0,1,0.3,1,0
493,Gabite,Rough Skin,4,68.0,90.0,65.0,50.0,55.0,82.0,410.0,56.0,1.4,0.5,Cave Pokémon,45,40,1250000,70,0,0,0,2,3,Gible,1.0,1.0,1.0,0.5,1.0,0.5,1.0,1.0,1.0,0.5,1.0,1.0,0.0,1.0,4.0,2.0,1.0,2.0,Sand Veil,None,0,0,82,133,0.616541,0,0,1,0,0,0,0,0,0,0,1,0,0,0,0,0,0,0,0,0,0.0,1,0,0,0,0,0,0,1,0,0,0,0,140.0,81.6,1.1570247933884297,8.0,1,0.2926829268292683,1,0
494,Garchomp,Rough Skin,4,108.0,130.0,95.0,80.0,85.0,102.0,600.0,95.0,1.9,0.5,Mach Pokémon,45,40,1250000,70,0,0,1,3,3,Gabite,1.0,1.0,1.0,0.5,1.0,0.5,1.0,1.0,1.0,0.5,1.0,1.0,0.0,1.0,4.0,2.0,1.0,2.0,Sand Veil,None,0,0,97,127,0.76378,0,0,1,0,0,0,0,0,0,0,1,0,0,0,0,0,0,0,0,0,0.0,1,0,0,0,0,0,0,1,0,0,0,0,210.0,194.4,1.160220994475138,8.0,1,0.3,1,1
495,Mega Garchomp,None,4,108.0,170.0,115.0,120.0,95.0,92.0,700.0,95.0,1.9,0.5,Mach Pokémon,45,40,1250000,70,0,0,1,3,3,Garchomp,1.0,1.0,1.0,0.5,1.0,0.5,1.0,1.0,1.0,0.5,1.0,1.0,0.0,1.0,4.0,2.0,1.0,2.0,Sand Force,None,0,1,85,120,0.708333,0,0,1,0,0,0,0,0,0,0,1,0,0,0,0,0,0,0,0,0,0.0,1,0,0,0,0,0,0,1,0,0,0,0,290.0,226.8,1.3744075829383886,8.0,1,0.3,1,1
496,Munchlax,Gluttony,4,135.0,85.0,40.0,40.0,85.0,5.0,390.0,105.0,0.6,0.875,Big Eater Pokémon,50,40,1250000,70,0,0,0,1,2,No Preevolution,1.0,2.0,1.0,1.0,1.0,1.0,1.0,0.0,1.0,1.0,1.0,1.0,1.0,1.0,1.0,1.0,1.0,1.0,Pickup,Thick Fat,0,0,81,118,0.686441,0,0,0,0,0,0,0,0,0,0,0,0,2,0,0,0,0,0,0,0,0.0,0,0,0,0,0,0,0,0,2,0,0,0,125.0,168.75,0.9920634920634921,2.0,0,0.32051282051282054,1,0
497,Riolu,Prankster,4,40.0,70.0,40.0,35.0,40.0,60.0,285.0,20.2,0.7,0.875,Emanation Pokémon,75,25,1059860,70,0,0,0,1,2,No Preevolution,1.0,1.0,2.0,1.0,1.0,0.5,0.5,1.0,1.0,1.0,1.0,1.0,1.0,2.0,1.0,1.0,0.5,2.0,Steadfast,Inner Focus,0,0,49,125,0.392,0,0,0,0,0,2,0,0,0,0,0,0,0,0,0,0,0,0,0,0,0.0,0,0,0,0,0,0,0,0,2,0,0,0,105.0,32.0,1.2962962962962963,6.0,0,0.2807017543859649,1,0
498,Lucario,Justified,4,70.0,110.0,70.0,115.0,70.0,90.0,525.0,54.0,1.2,0.875,Aura Pokémon,45,25,1059860,70,0,0,1,2,2,Riolu,0.5,2.0,1.0,0.0,2.0,0.25,0.25,1.0,0.5,2.0,1.0,0.5,1.0,1.0,0.5,0.5,0.5,1.0,Steadfast,Inner Focus,0,0,90,120,0.75,0,0,0,0,0,1,0,0,0,0,0,0,0,0,0,0,1,0,0,0,0.0,0,0,1,0,0,1,0,0,0,0,0,0,225.0,98.0,1.5957446808510638,6.0,0,0.26666666666666666,1,1
499,Mega Lucario,None,4,70.0,145.0,88.0,140.0,70.0,112.0,625.0,57.5,1.3,0.875,Aura Pokémon,45,25,1059860,70,0,0,1,2,2,Lucario,0.5,2.0,1.0,0.0,2.0,0.25,0.5,1.0,0.5,2.0,1.0,0.5,1.0,1.0,0.5,0.5,0.5,1.0,Adaptability,None,0,1,96,108,0.888889,0,0,0,0,0,1,0,0,0,0,0,0,0,0,0,0,1,0,0,0,0.0,0,0,1,0,0,1,0,0,0,0,0,0,285.0,110.6,1.7924528301886793,6.0,0,0.2528,1,1
500,Hippopotas,Sand Force,4,68.0,72.0,78.0,38.0,42.0,32.0,330.0,49.5,0.8,0.5,Hippo Pokémon,140,30,1250000,70,0,0,0,1,2,No Preevolution,1.0,1.0,1.0,0.5,1.0,0.5,1.0,1.0,1.0,1.0,2.0,2.0,0.0,1.0,2.0,1.0,1.0,1.0,Sand Stream,None,0,0,30,126,0.238095,0,0,0,0,0,0,0,0,0,0,2,0,0,0,0,0,0,0,0,0,0.0,0,0,1,0,0,0,0,0,1,0,0,0,110.0,81.6,0.9090909090909091,6.0,0,0.36363636363636365,1,0
501,Hippowdon,Sand Force,4,108.0,112.0,118.0,68.0,72.0,47.0,525.0,300.0,2.0,0.5,Heavyweight Pokémon,60,30,1250000,70,0,0,0,2,2,Hippopotas,1.0,1.0,1.0,0.5,1.0,0.5,1.0,1.0,1.0,1.0,2.0,2.0,0.0,1.0,2.0,1.0,1.0,1.0,Sand Stream,None,0,0,35,120,0.291667,0,0,0,0,0,0,0,0,0,0,2,0,0,0,0,0,0,0,0,0,0.0,0,0,1,0,0,0,0,0,1,0,0,0,180.0,205.2,0.9424083769633508,6.0,0,0.3619047619047619,1,0
502,Skorupi,Keen Eye,4,40.0,50.0,90.0,30.0,55.0,65.0,330.0,12.0,0.8,0.5,Scorpion Pokémon,120,20,1250000,70,0,0,0,1,2,No Preevolution,1.0,0.25,2.0,0.5,1.0,2.0,0.5,1.0,1.0,2.0,1.0,0.25,1.0,2.0,1.0,1.0,1.0,0.5,Battle Armor,Sniper,0,0,63,141,0.446809,1,0,0,0,0,0,0,0,0,0,0,0,0,1,0,0,0,0,0,1,0.0,0,0,0,0,0,0,0,0,0,0,0,1,80.0,58.0,0.547945205479452,8.0,0,0.4393939393939394,1,0
503,Drapion,Keen Eye,4,70.0,90.0,110.0,60.0,75.0,95.0,500.0,61.5,1.3,0.5,Ogre Scorpion Pokémon,45,20,1250000,70,0,0,0,2,2,Skorupi,1.0,1.0,1.0,0.5,2.0,1.0,1.0,0.5,1.0,1.0,1.0,0.5,1.0,0.0,1.0,1.0,0.5,1.0,Battle Armor,Sniper,0,0,88,120,0.733333,0,1,0,0,0,0,0,0,0,0,0,0,0,1,0,0,0,0,0,1,0.0,0,0,0,0,0,0,0,0,0,0,0,1,150.0,129.5,0.8064516129032258,2.0,0,0.37,1,0
504,Croagunk,Poison Touch,4,48.0,61.0,40.0,61.0,40.0,50.0,300.0,23.0,0.7,0.5,Toxic Mouth Pokémon,140,10,1000000,100,0,0,0,1,2,No Preevolution,1.0,0.5,2.0,0.5,2.0,0.5,0.25,1.0,1.0,1.0,1.0,0.5,1.0,4.0,1.0,1.0,0.5,1.0,Anticipation,Dry Skin,0,0,29,114,0.254386,0,0,0,0,0,1,0,0,0,0,0,0,0,1,0,0,0,0,0,0,0.0,0,0,0,0,0,1,0,0,1,0,0,0,122.0,38.4,1.5061728395061729,8.0,1,0.26666666666666666,1,0
505,Toxicroak,Poison Touch,4,83.0,106.0,65.0,86.0,65.0,85.0,490.0,44.4,1.3,0.5,Toxic Mouth Pokémon,75,20,1000000,70,0,0,0,2,2,Croagunk,1.0,0.5,2.0,0.5,2.0,0.5,0.25,1.0,1.0,1.0,1.0,0.5,1.0,4.0,1.0,1.0,0.5,1.0,Anticipation,Dry Skin,0,0,85,128,0.664062,0,0,0,0,0,1,0,0,0,0,0,0,0,1,0,0,0,0,0,0,0.0,0,0,0,0,0,1,0,0,1,0,0,0,192.0,107.9,1.465648854961832,8.0,1,0.2653061224489796,1,0
506,Carnivine,None,4,74.0,100.0,72.0,90.0,72.0,46.0,454.0,27.0,1.4,0.5,Bug Catcher Pokémon,200,25,1250000,70,0,0,0,1,1,No Preevolution,1.0,1.0,2.0,2.0,0.5,1.0,2.0,1.0,1.0,2.0,0.5,0.5,0.5,1.0,2.0,1.0,1.0,1.0,Levitate,None,0,0,28,114,0.245614,0,0,0,0,0,0,0,0,0,2,0,0,0,0,0,0,0,0,0,0,0.0,0,0,0,0,1,0,0,0,1,0,0,0,190.0,106.56,1.3103448275862069,10.0,0,0.31718061674008813,1,0
507,Finneon,Water Veil,4,49.0,49.0,56.0,49.0,61.0,66.0,330.0,7.0,0.4,0.5,Wing Fish Pokémon,190,20,600000,70,0,0,0,1,2,No Preevolution,1.0,1.0,1.0,1.0,1.0,1.0,1.0,1.0,0.5,0.5,0.5,2.0,2.0,1.0,0.5,1.0,1.0,1.0,Swift Swim,Storm Drain,0,0,68,131,0.519084,0,0,0,0,0,0,0,0,0,0,0,0,0,0,0,0,0,2,0,0,0.0,0,0,0,0,0,0,0,0,1,0,1,0,98.0,57.33,0.8305084745762712,4.0,0,0.35454545454545455,1,0
508,Lumineon,Water Veil,4,69.0,69.0,76.0,69.0,86.0,91.0,460.0,24.0,1.2,0.5,Neon Pokémon,75,20,600000,70,0,0,0,2,2,Finneon,1.0,1.0,1.0,1.0,1.0,1.0,1.0,1.0,0.5,0.5,0.5,2.0,2.0,1.0,0.5,1.0,1.0,1.0,Swift Swim,Storm Drain,0,0,78,119,0.655462,0,0,0,0,0,0,0,0,0,0,0,0,0,0,0,0,0,2,0,0,0.0,0,0,0,0,0,0,0,0,1,0,1,0,138.0,111.78,0.8466257668711656,4.0,0,0.3521739130434783,1,0
509,Mantyke,Water Veil,4,45.0,20.0,50.0,60.0,120.0,50.0,345.0,65.0,1.0,0.5,Kite Pokémon,25,25,1250000,70,0,0,0,1,2,No Preevolution,1.0,0.5,1.0,1.0,0.0,2.0,0.5,1.0,0.5,0.5,0.5,1.0,4.0,1.0,1.0,1.0,1.0,1.0,Swift Swim,Water Absorb,0,0,26,108,0.240741,0,0,0,0,0,0,0,1,0,0,0,0,0,0,0,0,0,1,0,0,0.0,0,0,0,0,0,0,0,0,2,0,0,0,80.0,76.5,0.4678362573099415,6.0,1,0.4927536231884058,1,0
510,Snover,Soundproof,4,60.0,62.0,50.0,62.0,60.0,40.0,334.0,50.5,1.0,0.5,Frost Tree Pokémon,120,20,1250000,70,0,0,0,1,2,No Preevolution,1.0,2.0,2.0,2.0,0.5,2.0,2.0,1.0,2.0,4.0,0.5,0.5,0.5,1.0,1.0,1.0,1.0,1.0,Snow Warning,None,0,0,22,121,0.181818,0,0,0,0,0,0,0,0,0,1,0,1,0,0,0,0,0,0,0,0,0.0,0,0,0,0,1,0,0,1,0,0,0,0,124.0,66.0,1.117117117117117,16.0,1,0.32934131736526945,1,0
511,Abomasnow,Soundproof,4,90.0,92.0,75.0,92.0,85.0,60.0,494.0,135.5,2.2,0.5,Frost Tree Pokémon,60,20,1250000,70,0,0,1,2,2,Snover,1.0,2.0,2.0,2.0,0.5,2.0,2.0,1.0,2.0,4.0,0.5,0.5,0.5,1.0,1.0,1.0,1.0,1.0,Snow Warning,None,0,0,60,121,0.495868,0,0,0,0,0,0,0,0,0,1,0,1,0,0,0,0,0,0,0,0,0.0,0,0,0,0,1,0,0,1,0,0,0,0,184.0,144.0,1.1428571428571428,16.0,1,0.32388663967611336,1,1
512,Mega Abomasnow,None,4,90.0,132.0,105.0,132.0,105.0,30.0,594.0,185.0,2.7,0.5,Frost Tree Pokémon,60,20,1250000,70,0,0,1,2,2,Abomasnow,1.0,2.0,2.0,2.0,0.5,2.0,2.0,1.0,2.0,4.0,0.5,0.5,0.5,1.0,1.0,1.0,1.0,1.0,Snow Warning,None,0,1,62,146,0.424658,0,0,0,0,0,0,0,0,0,1,0,1,0,0,0,0,0,0,0,0,0.0,0,0,0,0,1,0,0,1,0,0,0,0,264.0,189.0,1.2511848341232228,16.0,1,0.35353535353535354,1,1
513,Weavile,Pickpocket,4,70.0,120.0,65.0,45.0,85.0,125.0,510.0,34.0,1.1,0.5,Sharp Claw Pokémon,45,20,1059860,35,0,0,0,2,2,Sneasel,1.0,4.0,1.0,1.0,1.0,2.0,2.0,0.5,2.0,2.0,1.0,1.0,1.0,0.0,0.5,1.0,0.5,2.0,Pressure,None,0,0,116,119,0.97479,0,1,0,0,0,0,0,0,0,0,0,1,0,0,0,0,0,0,0,0,0.0,0,0,1,0,0,0,0,0,1,0,0,0,165.0,105.0,1.0927152317880795,14.0,1,0.29411764705882354,1,0
514,Magnezone,Analytic,4,70.0,70.0,115.0,130.0,90.0,60.0,535.0,180.0,1.2,0.5,Magnet Area Pokémon,30,20,1000000,70,0,0,0,3,3,Magneton,0.5,2.0,0.25,0.0,4.0,0.5,0.5,1.0,0.25,2.0,1.0,0.5,0.5,0.5,0.5,0.5,1.0,0.5,Magnet Pull,Sturdy,1,0,63,118,0.533898,0,0,0,1,0,0,0,0,0,0,0,0,0,0,0,0,1,0,0,0,0.0,0,0,0,0,0,0,1,0,1,0,0,0,200.0,143.5,0.970873786407767,8.0,1,0.38317757009345793,1,0
515,Lickilicky,Cloud Nine,4,110.0,85.0,95.0,80.0,95.0,50.0,515.0,140.0,1.7,0.5,Licking Pokémon,30,20,1000000,70,0,0,0,2,2,Lickitung,1.0,2.0,1.0,1.0,1.0,1.0,1.0,0.0,1.0,1.0,1.0,1.0,1.0,1.0,1.0,1.0,1.0,1.0,Own Tempo,Oblivious,0,0,35,129,0.271318,0,0,0,0,0,0,0,0,0,0,0,0,2,0,0,0,0,0,0,0,0.0,0,0,0,0,0,0,0,1,1,0,0,0,165.0,209.0,0.8638743455497382,2.0,0,0.36893203883495146,1,0
516,Rhyperior,Reckless,4,115.0,140.0,130.0,55.0,55.0,40.0,535.0,282.8,2.4,0.5,Drill Pokémon,30,20,1250000,70,0,0,0,3,3,Rhydon,0.5,2.0,0.5,0.25,2.0,0.5,1.0,1.0,2.0,0.5,4.0,4.0,0.0,1.0,2.0,1.0,1.0,1.0,Lightning Rod,Solid Rock,0,0,47,104,0.451923,0,0,0,0,0,0,0,0,0,0,1,0,0,0,0,1,0,0,0,0,0.0,0,0,1,0,0,0,0,1,0,0,0,0,195.0,212.75,1.0483870967741935,16.0,2,0.34579439252336447,1,0
517,Tangrowth,Regenerator,4,100.0,100.0,125.0,110.0,50.0,50.0,535.0,128.6,2.0,0.5,Vine Pokémon,30,20,1000000,70,0,0,0,2,2,Tangela,1.0,1.0,2.0,2.0,0.5,1.0,2.0,1.0,1.0,2.0,0.5,0.5,0.5,1.0,2.0,1.0,1.0,1.0,Chlorophyll,Leaf Guard,0,0,48,125,0.384,0,0,0,0,0,0,0,0,0,2,0,0,0,0,0,0,0,0,0,0,0.0,0,0,0,0,1,0,0,0,1,0,0,0,210.0,175.0,1.1931818181818181,10.0,0,0.32710280373831774,1,0
518,Electivire,Vital Spirit,4,75.0,123.0,67.0,95.0,85.0,95.0,540.0,138.6,1.8,0.75,Thunderbolt Pokémon,30,25,1000000,70,0,0,0,3,3,Electabuzz,1.0,1.0,0.5,1.0,2.0,1.0,1.0,1.0,0.5,1.0,1.0,1.0,0.5,1.0,1.0,1.0,1.0,1.0,Motor Drive,None,0,0,94,123,0.764228,0,0,0,2,0,0,0,0,0,0,0,0,0,0,0,0,0,0,0,0,0.0,0,0,0,0,0,1,0,0,1,0,0,0,218.0,114.0,1.4248366013071896,2.0,0,0.2814814814814815,1,0
519,Magmortar,Vital Spirit,4,75.0,95.0,67.0,125.0,95.0,83.0,540.0,68.0,1.6,0.75,Blast Pokémon,30,25,1000000,70,0,0,0,3,3,Magmar,1.0,1.0,1.0,1.0,2.0,2.0,0.5,1.0,0.5,0.5,2.0,0.5,1.0,1.0,0.5,1.0,1.0,0.5,Flame Body,None,0,0,79,111,0.711712,0,0,0,0,0,0,2,0,0,0,0,0,0,0,0,0,0,0,0,0,0.0,0,0,0,0,0,1,0,0,1,0,0,0,220.0,121.5,1.3496932515337423,6.0,0,0.3,1,0
520,Togekiss,Super Luck,4,85.0,50.0,95.0,120.0,115.0,80.0,545.0,38.0,1.5,0.875,Jubilee Pokémon,30,10,800000,70,0,0,0,3,3,Togetic,1.0,0.25,1.0,2.0,0.0,2.0,0.25,1.0,2.0,1.0,1.0,0.5,2.0,1.0,2.0,0.0,0.5,1.0,Hustle,Serene Grace,0,0,73,126,0.579365,0,0,0,0,1,0,0,1,0,0,0,0,0,0,0,0,0,0,0,0,0.0,0,1,0,1,0,0,0,0,0,0,0,0,170.0,178.5,0.8056872037914692,10.0,0,0.3853211009174312,1,0
521,Yanmega,Frisk,4,86.0,76.0,86.0,116.0,56.0,95.0,515.0,51.5,1.9,0.5,Ogre Darner Pokémon,30,20,1000000,70,0,0,0,2,2,Yanma,1.0,0.25,2.0,1.0,0.0,4.0,0.5,1.0,1.0,2.0,1.0,0.25,2.0,1.0,2.0,1.0,1.0,1.0,Speed Boost,Tinted Lens,0,0,91,114,0.798246,1,0,0,0,0,0,0,1,0,0,0,0,0,0,0,0,0,0,0,1,0.0,0,0,0,0,0,0,0,0,1,0,0,0,192.0,122.12,1.3426573426573427,12.0,1,0.2757281553398058,1,0
522,Leafeon,Chlorophyll,4,65.0,110.0,130.0,60.0,65.0,95.0,525.0,25.5,1.0,0.875,Verdant Pokémon,45,35,1000000,35,0,0,0,2,2,Eevee,1.0,1.0,2.0,2.0,0.5,1.0,2.0,1.0,1.0,2.0,0.5,0.5,0.5,1.0,2.0,1.0,1.0,1.0,Leaf Guard,None,0,0,125,151,0.827815,0,0,0,0,0,0,0,0,0,2,0,0,0,0,0,0,0,0,0,0,0.0,0,0,1,0,0,0,0,0,1,0,0,0,170.0,126.75,0.8673469387755102,10.0,0,0.37142857142857144,1,0
523,Glaceon,Ice Body,4,65.0,60.0,110.0,130.0,95.0,65.0,525.0,25.9,0.8,0.875,Fresh Snow Pokémon,45,35,1000000,35,0,0,0,2,2,Eevee,1.0,2.0,1.0,1.0,1.0,2.0,1.0,1.0,2.0,2.0,1.0,1.0,1.0,1.0,0.5,1.0,1.0,1.0,Snow Cloak,None,0,0,64,134,0.477612,0,0,0,0,0,0,0,0,0,0,0,2,0,0,0,0,0,0,0,0,0.0,0,0,1,0,0,0,0,0,1,0,0,0,190.0,133.25,0.9223300970873787,8.0,0,0.3904761904761905,1,0
524,Gliscor,Poison Heal,4,75.0,95.0,125.0,45.0,75.0,95.0,510.0,42.5,2.0,0.5,Fang Scorpion Pokémon,30,20,1059860,70,0,0,0,2,2,Gligar,1.0,0.5,1.0,0.5,0.0,1.0,0.5,1.0,1.0,1.0,2.0,1.0,0.0,1.0,4.0,1.0,1.0,1.0,Hyper Cutter,Sand Veil,0,0,109,132,0.825758,0,0,0,0,0,0,0,1,0,0,1,0,0,0,0,0,0,0,0,1,0.0,0,0,0,0,0,0,0,0,1,0,0,0,140.0,150.0,0.6965174129353234,6.0,1,0.39215686274509803,1,0
525,Mamoswine,Thick Fat,4,110.0,130.0,80.0,70.0,60.0,80.0,530.0,291.0,2.5,0.5,Twin Tusk Pokémon,50,20,1250000,70,0,0,0,3,3,Piloswine,1.0,2.0,1.0,0.5,1.0,1.0,1.0,1.0,2.0,2.0,2.0,2.0,0.0,1.0,1.0,1.0,1.0,1.0,Oblivious,Snow Cloak,0,0,68,116,0.586207,0,0,0,0,0,0,0,0,0,0,1,1,0,0,0,0,0,0,0,0,0.0,0,0,1,0,0,0,0,0,1,0,0,0,200.0,154.0,1.4184397163120568,10.0,0,0.2641509433962264,1,0
526,Porygon-Z,Analytic,4,85.0,80.0,70.0,135.0,75.0,90.0,535.0,34.0,0.9,0.5,Virtual Pokémon,30,20,1000000,70,0,0,0,3,3,Porygon2,1.0,2.0,1.0,1.0,1.0,1.0,1.0,0.0,1.0,1.0,1.0,1.0,1.0,1.0,1.0,1.0,1.0,1.0,Adaptability,Download,1,0,103,147,0.70068,0,0,0,0,0,0,0,0,0,0,0,0,2,0,0,0,0,0,0,0,0.0,0,0,0,0,0,0,1,0,1,0,0,0,215.0,123.25,1.4726027397260273,2.0,0,0.27102803738317754,1,0
527,Gallade,Justified,4,68.0,125.0,65.0,65.0,115.0,80.0,518.0,52.0,1.6,1.0,Blade Pokémon,45,20,1250000,35,0,0,1,3,3,Kirlia,1.0,0.5,2.0,1.0,1.0,0.5,1.0,2.0,1.0,1.0,1.0,1.0,1.0,1.0,1.0,1.0,1.0,2.0,Steadfast,Sharpness,0,0,86,137,0.627737,0,0,0,0,0,1,0,0,0,0,0,0,0,0,1,0,0,0,1,0,0.0,0,0,0,0,0,1,0,0,0,0,0,0,190.0,122.4,1.0497237569060773,6.0,0,0.3474903474903475,1,1
528,Mega Gallade,None,4,68.0,165.0,95.0,65.0,115.0,110.0,618.0,56.4,1.6,1.0,Blade Pokémon,45,20,1250000,35,0,0,1,3,3,Gallade,1.0,0.5,2.0,1.0,1.0,0.5,1.0,2.0,1.0,1.0,1.0,1.0,1.0,1.0,1.0,1.0,1.0,2.0,Inner Focus,None,0,1,112,130,0.861538,0,0,0,0,0,1,0,0,0,0,0,0,0,0,1,0,0,0,1,0,0.0,0,0,0,0,0,1,0,0,0,0,0,0,230.0,142.8,1.0900473933649288,6.0,0,0.33980582524271846,1,1
529,Probopass,Sand Force,4,60.0,55.0,145.0,75.0,150.0,40.0,525.0,340.0,1.4,0.5,Compass Pokémon,60,20,1000000,70,0,0,0,2,2,Nosepass,0.25,4.0,0.25,0.0,4.0,0.5,0.5,1.0,1.0,1.0,2.0,1.0,1.0,0.5,0.5,0.5,1.0,0.5,Sturdy,Magnet Pull,0,0,26,130,0.2,0,0,0,0,0,0,0,0,0,0,0,0,0,0,0,1,1,0,0,0,0.0,0,0,0,0,0,0,1,0,1,0,0,0,130.0,177.0,0.4391891891891892,10.0,2,0.5619047619047619,1,0
530,Dusknoir,Frisk,4,45.0,100.0,135.0,65.0,135.0,45.0,525.0,106.6,2.2,0.5,Gripper Pokémon,45,25,800000,35,0,0,0,3,3,Dusclops,0.0,0.0,1.0,0.5,1.0,1.0,0.5,2.0,1.0,1.0,1.0,1.0,1.0,1.0,1.0,1.0,2.0,1.0,Pressure,None,0,0,40,136,0.294118,0,0,0,0,0,0,0,0,2,0,0,0,0,0,0,0,0,0,1,0,0.0,0,0,0,0,0,0,0,0,1,0,0,0,165.0,121.5,0.6088560885608856,4.0,0,0.5142857142857142,1,0
531,Froslass,Cursed Body,4,70.0,80.0,70.0,80.0,70.0,110.0,480.0,26.6,1.3,0.0,Snow Land Pokémon,75,20,1000000,70,0,0,0,2,2,Snorunt,0.0,0.0,1.0,0.5,1.0,2.0,0.5,2.0,2.0,2.0,1.0,1.0,1.0,1.0,0.5,1.0,2.0,1.0,Snow Cloak,None,0,0,91,138,0.65942,0,0,0,0,0,0,0,0,1,0,0,1,0,0,0,0,0,0,0,0,0.0,0,1,0,0,0,0,1,0,0,0,0,0,160.0,98.0,1.1347517730496455,10.0,0,0.2916666666666667,1,0
532,Rotom,None,4,50.0,50.0,77.0,95.0,77.0,91.0,440.0,0.3,0.3,0.5,Plasma Pokémon,45,20,1000000,70,0,0,0,1,1,No Preevolution,0.0,0.0,0.5,0.5,2.0,1.0,0.5,2.0,0.5,1.0,1.0,1.0,0.5,1.0,1.0,1.0,2.0,1.0,Levitate,None,1,0,71,120,0.591667,0,0,0,1,0,0,0,0,1,0,0,0,0,0,0,0,0,0,1,0,0.0,0,0,0,0,0,0,0,0,1,0,0,0,145.0,77.0,0.9354838709677419,6.0,0,0.35,1,0
533,Heat Rotom,None,4,50.0,65.0,107.0,105.0,107.0,86.0,520.0,0.3,0.3,0.5,Plasma Pokémon,45,20,1000000,70,0,0,0,1,1,No Preevolution,1.0,1.0,0.5,1.0,4.0,2.0,0.5,1.0,0.25,0.5,2.0,0.5,0.5,1.0,0.5,1.0,1.0,0.5,Levitate,None,1,0,79,113,0.699115,0,0,0,1,0,0,1,0,0,0,0,0,0,0,0,0,0,0,1,0,0.0,0,0,0,0,0,0,0,0,1,0,0,0,170.0,107.0,0.7906976744186046,8.0,1,0.4115384615384615,1,0
534,Wash Rotom,None,4,50.0,65.0,107.0,105.0,107.0,86.0,520.0,0.3,0.3,0.5,Plasma Pokémon,45,20,1000000,70,0,0,0,1,1,No Preevolution,1.0,1.0,0.5,1.0,2.0,1.0,1.0,1.0,0.25,0.5,0.5,2.0,1.0,1.0,0.5,1.0,1.0,1.0,Levitate,None,1,0,90,116,0.775862,0,0,0,1,0,0,0,0,0,0,0,0,0,0,0,0,0,1,1,0,0.0,0,0,0,0,0,0,0,0,1,0,0,0,170.0,107.0,0.7906976744186046,4.0,0,0.4115384615384615,1,0
535,Frost Rotom,None,4,50.0,65.0,107.0,105.0,107.0,86.0,520.0,0.3,0.3,0.5,Plasma Pokémon,45,20,1000000,70,0,0,0,1,1,No Preevolution,1.0,2.0,0.5,1.0,2.0,2.0,1.0,1.0,1.0,2.0,1.0,1.0,0.5,1.0,0.5,1.0,1.0,1.0,Levitate,None,1,0,90,128,0.703125,0,0,0,1,0,0,0,0,0,0,0,1,0,0,0,0,0,0,1,0,0.0,0,0,0,0,0,0,0,0,1,0,0,0,170.0,107.0,0.7906976744186046,8.0,0,0.4115384615384615,1,0
536,Fan Rotom,None,4,50.0,65.0,107.0,105.0,107.0,86.0,520.0,0.3,0.3,0.5,Plasma Pokémon,45,20,1000000,70,0,0,0,1,1,No Preevolution,1.0,0.5,0.5,1.0,0.0,2.0,0.5,1.0,0.5,1.0,1.0,0.5,1.0,1.0,2.0,1.0,1.0,1.0,Levitate,None,1,0,88,121,0.727273,0,0,0,1,0,0,0,1,0,0,0,0,0,0,0,0,0,0,1,0,0.0,0,0,0,0,0,0,0,0,1,0,0,0,170.0,107.0,0.7906976744186046,4.0,0,0.4115384615384615,1,0
537,Mow Rotom,None,4,50.0,65.0,107.0,105.0,107.0,86.0,520.0,0.3,0.3,0.5,Plasma Pokémon,45,20,1000000,70,0,0,0,1,1,No Preevolution,1.0,1.0,1.0,2.0,1.0,1.0,2.0,1.0,0.5,2.0,0.5,0.5,0.25,1.0,2.0,1.0,1.0,1.0,Levitate,None,1,0,98,134,0.731343,0,0,0,1,0,0,0,0,0,1,0,0,0,0,0,0,0,0,1,0,0.0,0,0,0,0,0,0,0,0,1,0,0,0,170.0,107.0,0.7906976744186046,8.0,0,0.4115384615384615,1,0
538,Uxie,None,4,75.0,75.0,130.0,75.0,130.0,95.0,580.0,0.3,0.3,0.5,Knowledge Pokémon,3,80,1250000,140,1,0,0,1,1,No Preevolution,1.0,0.5,1.0,1.0,1.0,1.0,2.0,2.0,1.0,1.0,1.0,1.0,1.0,0.5,1.0,1.0,2.0,1.0,Levitate,None,1,0,92,123,0.747967,0,0,0,0,0,0,0,0,0,0,0,0,0,0,2,0,0,0,0,0,0.0,0,0,0,0,0,0,0,0,2,0,0,0,150.0,195.0,0.5747126436781609,6.0,0,0.4482758620689655,1,1
539,Mesprit,None,4,80.0,105.0,105.0,105.0,105.0,80.0,580.0,0.3,0.3,0.5,Emotion Pokémon,3,80,1250000,140,1,0,0,1,1,No Preevolution,1.0,0.5,1.0,1.0,1.0,1.0,2.0,2.0,1.0,1.0,1.0,1.0,1.0,0.5,1.0,1.0,2.0,1.0,Levitate,None,1,0,79,133,0.593985,0,0,0,0,0,0,0,0,0,0,0,0,0,0,2,0,0,0,0,0,0.0,0,0,0,0,0,0,0,0,2,0,0,0,210.0,168.0,0.995260663507109,6.0,0,0.3620689655172414,1,1
540,Azelf,None,4,75.0,125.0,70.0,125.0,70.0,115.0,580.0,0.3,0.3,0.5,Willpower Pokémon,3,80,1250000,140,1,0,0,1,1,No Preevolution,1.0,0.5,1.0,1.0,1.0,1.0,2.0,2.0,1.0,1.0,1.0,1.0,1.0,0.5,1.0,1.0,2.0,1.0,Levitate,None,1,0,122,135,0.903704,0,0,0,0,0,0,0,0,0,0,0,0,0,0,2,0,0,0,0,0,0.0,0,0,0,0,0,0,0,0,2,0,0,0,250.0,105.0,1.7730496453900708,6.0,0,0.2413793103448276,1,1
541,Dialga,Telepathy,4,100.0,120.0,120.0,150.0,100.0,90.0,680.0,683.0,5.4,0.5,Temporal Pokémon,3,120,1250000,0,1,0,0,1,1,No Preevolution,0.5,2.0,0.5,0.0,2.0,0.5,0.5,1.0,0.5,1.0,0.5,0.25,0.5,0.5,1.0,1.0,1.0,1.0,Pressure,None,1,0,119,151,0.788079,0,0,1,0,0,0,0,0,0,0,0,0,0,0,0,0,1,0,0,0,0.0,0,0,0,0,0,0,0,0,2,0,0,0,270.0,220.0,1.2217194570135748,4.0,0,0.3235294117647059,1,1
542,Palkia,Telepathy,4,90.0,120.0,100.0,150.0,120.0,100.0,680.0,336.0,4.2,0.5,Spatial Pokémon,3,120,1250000,0,1,0,0,1,1,No Preevolution,1.0,1.0,1.0,1.0,1.0,1.0,1.0,1.0,0.5,0.25,0.25,1.0,1.0,1.0,1.0,2.0,1.0,2.0,Pressure,None,1,0,115,149,0.771812,0,0,1,0,0,0,0,0,0,0,0,0,0,0,0,0,0,1,0,0,0.0,0,0,0,0,0,0,0,0,2,0,0,0,270.0,198.0,1.2217194570135748,4.0,0,0.3235294117647059,1,1
543,Heatran,Flame Body,4,91.0,90.0,106.0,130.0,106.0,77.0,600.0,430.0,1.7,0.5,Lava Dome Pokémon,3,10,1250000,100,1,0,0,1,1,No Preevolution,0.5,2.0,0.5,0.0,4.0,1.0,0.25,1.0,0.25,1.0,2.0,0.25,1.0,0.5,0.25,0.5,1.0,0.25,Flash Fire,None,0,0,85,131,0.648855,0,0,0,0,0,0,1,0,0,0,0,0,0,0,0,0,1,0,0,0,0.0,0,0,0,0,0,0,0,0,2,0,0,0,220.0,192.92,1.0328638497652582,8.0,1,0.35333333333333333,1,1
544,Regigigas,None,4,110.0,160.0,110.0,80.0,110.0,100.0,670.0,420.0,3.7,0.5,Colossal Pokémon,3,120,1250000,0,1,0,0,1,1,No Preevolution,1.0,2.0,1.0,1.0,1.0,1.0,1.0,0.0,1.0,1.0,1.0,1.0,1.0,1.0,1.0,1.0,1.0,1.0,Slow Start,None,1,0,122,142,0.859155,0,0,0,0,0,0,0,0,0,0,0,0,2,0,0,0,0,0,0,0,0.0,0,0,0,0,0,0,0,0,2,0,0,0,240.0,242.0,1.085972850678733,2.0,0,0.3283582089552239,1,1
545,Giratina Altered Forme,Telepathy,4,150.0,100.0,120.0,100.0,120.0,90.0,680.0,750.0,4.5,0.5,Renegade Pokémon,3,120,1250000,0,1,0,0,1,1,No Preevolution,0.0,0.0,1.0,0.5,1.0,1.0,0.5,2.0,1.0,0.5,0.5,0.5,0.5,1.0,2.0,2.0,2.0,2.0,Pressure,None,1,0,74,111,0.666667,0,0,1,0,0,0,0,0,1,0,0,0,0,0,0,0,0,0,0,0,0.0,0,0,0,0,0,0,0,0,2,0,0,0,200.0,360.0,0.8298755186721992,10.0,0,0.35294117647058826,1,1
546,Giratina Origin Forme,None,4,150.0,120.0,100.0,120.0,100.0,90.0,680.0,750.0,4.5,0.5,Renegade Pokémon,3,120,1250000,0,1,0,0,1,1,No Preevolution,0.0,0.0,1.0,0.5,1.0,1.0,0.5,2.0,1.0,0.5,0.5,0.5,0.5,1.0,2.0,2.0,2.0,2.0,Levitate,None,1,0,89,134,0.664179,0,0,1,0,0,0,0,0,1,0,0,0,0,0,0,0,0,0,0,0,0.0,0,0,0,0,0,0,0,0,2,0,0,0,240.0,300.0,1.1940298507462686,10.0,0,0.29411764705882354,1,1
547,Cresselia,None,4,120.0,70.0,110.0,75.0,120.0,85.0,580.0,85.6,1.5,0.0,Lunar Pokémon,3,120,1250000,100,1,0,0,1,1,No Preevolution,1.0,0.5,1.0,1.0,1.0,1.0,2.0,2.0,1.0,1.0,1.0,1.0,1.0,0.5,1.0,1.0,2.0,1.0,Levitate,None,0,0,79,118,0.669492,0,0,0,0,0,0,0,0,0,0,0,0,0,0,2,0,0,0,0,0,0.0,0,0,0,0,0,0,0,0,2,0,0,0,145.0,276.0,0.6277056277056277,6.0,0,0.39655172413793105,1,1
548,Phione,None,4,80.0,80.0,80.0,80.0,80.0,80.0,480.0,3.1,0.4,0.5,Sea Drifter Pokémon,30,40,1250000,70,0,1,0,1,1,No Preevolution,1.0,1.0,1.0,1.0,1.0,1.0,1.0,1.0,0.5,0.5,0.5,2.0,2.0,1.0,0.5,1.0,1.0,1.0,Hydration,None,1,0,74,132,0.560606,0,0,0,0,0,0,0,0,0,0,0,0,0,0,0,0,0,2,0,0,0.0,0,1,0,0,0,0,0,0,0,1,0,0,160.0,128.0,0.9937888198757764,4.0,0,0.3333333333333333,1,1
549,Manaphy,None,4,100.0,100.0,100.0,100.0,100.0,100.0,600.0,1.4,0.3,0.5,Seafaring Pokémon,3,10,1250000,70,0,1,0,1,1,No Preevolution,1.0,1.0,1.0,1.0,1.0,1.0,1.0,1.0,0.5,0.5,0.5,2.0,2.0,1.0,0.5,1.0,1.0,1.0,Hydration,None,1,0,118,134,0.880597,0,0,0,0,0,0,0,0,0,0,0,0,0,0,0,0,0,2,0,0,0.0,0,1,0,0,0,0,0,0,0,1,0,0,200.0,200.0,0.9950248756218906,4.0,0,0.3333333333333333,1,1
550,Darkrai,None,4,70.0,90.0,90.0,135.0,90.0,125.0,600.0,50.5,1.5,0.5,Pitch-Black Pokémon,3,120,1250000,0,0,1,0,1,1,No Preevolution,1.0,2.0,1.0,1.0,1.0,1.0,2.0,0.5,1.0,1.0,1.0,1.0,1.0,0.0,1.0,1.0,0.5,2.0,Bad Dreams,None,1,0,110,117,0.940171,0,2,0,0,0,0,0,0,0,0,0,0,0,0,0,0,0,0,0,0,0.0,0,0,0,0,0,0,0,0,2,0,0,0,225.0,126.0,1.2430939226519337,6.0,0,0.3,1,1
551,Shaymin Land Forme,None,4,100.0,100.0,100.0,100.0,100.0,100.0,600.0,2.1,0.2,0.5,Gratitude Pokémon,45,120,1059860,100,0,1,0,1,1,No Preevolution,1.0,1.0,2.0,2.0,0.5,1.0,2.0,1.0,1.0,2.0,0.5,0.5,0.5,1.0,2.0,1.0,1.0,1.0,Natural Cure,None,1,0,117,136,0.860294,0,0,0,0,0,0,0,0,0,2,0,0,0,0,0,0,0,0,0,0,0.0,0,0,0,0,0,0,0,0,2,0,0,0,200.0,200.0,0.9950248756218906,10.0,0,0.3333333333333333,1,1
552,Shaymin Sky Forme,None,4,100.0,103.0,75.0,120.0,75.0,127.0,600.0,2.1,0.2,0.5,Gratitude Pokémon,45,120,1059860,100,0,1,0,1,1,No Preevolution,1.0,0.5,2.0,2.0,0.0,2.0,1.0,1.0,1.0,2.0,0.5,0.25,1.0,1.0,4.0,1.0,1.0,1.0,Serene Grace,None,1,0,111,118,0.940678,0,0,0,0,0,0,0,1,0,1,0,0,0,0,0,0,0,0,0,0,0.0,0,0,0,0,0,0,0,0,2,0,0,0,223.0,150.0,1.4768211920529801,12.0,1,0.25,1,1
553,Arceus,None,4,120.0,120.0,120.0,120.0,120.0,120.0,720.0,320.0,3.2,0.5,Alpha Pokémon,3,120,1250000,0,0,1,0,1,1,No Preevolution,1.0,2.0,1.0,1.0,1.0,1.0,1.0,0.0,1.0,1.0,1.0,1.0,1.0,1.0,1.0,1.0,1.0,1.0,Multitype,None,1,0,114,122,0.934426,0,0,0,0,0,0,0,0,0,0,0,0,2,0,0,0,0,0,0,0,0.0,0,0,0,0,0,0,0,0,2,0,0,0,240.0,288.0,0.995850622406639,2.0,0,0.3333333333333333,1,1
554,Victini,None,5,100.0,100.0,100.0,100.0,100.0,100.0,600.0,4.0,0.4,0.5,Victory Pokémon,3,120,1250000,100,0,1,0,1,1,No Preevolution,1.0,0.5,1.0,1.0,2.0,2.0,1.0,2.0,0.5,0.5,2.0,0.5,1.0,0.5,0.5,1.0,2.0,0.5,Victory Star,None,1,0,115,131,0.877863,0,0,0,0,0,0,1,0,0,0,0,0,0,0,1,0,0,0,0,0,0.0,0,0,0,0,0,0,0,0,2,0,0,0,200.0,200.0,0.9950248756218906,10.0,0,0.3333333333333333,1,1
555,Snivy,Contrary,5,45.0,45.0,55.0,45.0,55.0,63.0,308.0,8.1,0.6,0.875,Grass Snake Pokémon,45,20,1059860,70,0,0,0,1,3,No Preevolution,1.0,1.0,2.0,2.0,0.5,1.0,2.0,1.0,1.0,2.0,0.5,0.5,0.5,1.0,2.0,1.0,1.0,1.0,Overgrow,None,0,0,51,111,0.459459,0,0,0,0,0,0,0,0,0,2,0,0,0,0,0,0,0,0,0,0,0.0,0,0,1,0,1,0,0,0,0,0,0,0,90.0,49.5,0.8108108108108109,10.0,0,0.35714285714285715,1,0
556,Servine,Contrary,5,60.0,60.0,75.0,60.0,75.0,83.0,413.0,16.0,0.8,0.875,Grass Snake Pokémon,45,20,1059860,70,0,0,0,2,3,Snivy,1.0,1.0,2.0,2.0,0.5,1.0,2.0,1.0,1.0,2.0,0.5,0.5,0.5,1.0,2.0,1.0,1.0,1.0,Overgrow,None,0,0,0,0,0.0,0,0,0,0,0,0,0,0,0,2,0,0,0,0,0,0,0,0,0,0,0.0,0,0,1,0,1,0,0,0,0,0,0,0,120.0,90.0,0.7947019867549668,10.0,0,0.36319612590799033,1,0
557,Serperior,Contrary,5,75.0,75.0,95.0,75.0,95.0,113.0,528.0,63.0,3.3,0.875,Regal Pokémon,45,20,1059860,70,0,0,0,3,3,Servine,1.0,1.0,2.0,2.0,0.5,1.0,2.0,1.0,1.0,2.0,0.5,0.5,0.5,1.0,2.0,1.0,1.0,1.0,Overgrow,None,0,0,119,132,0.901515,0,0,0,0,0,0,0,0,0,2,0,0,0,0,0,0,0,0,0,0,0.0,0,0,1,0,1,0,0,0,0,0,0,0,150.0,142.5,0.7853403141361257,10.0,0,0.35984848484848486,1,0
558,Tepig,Thick Fat,5,65.0,63.0,45.0,45.0,45.0,45.0,308.0,9.9,0.5,0.875,Fire Pig Pokémon,45,20,1059860,70,0,0,0,1,3,No Preevolution,1.0,1.0,1.0,1.0,2.0,2.0,0.5,1.0,0.5,0.5,2.0,0.5,1.0,1.0,0.5,1.0,1.0,0.5,Blaze,None,0,0,34,131,0.259542,0,0,0,0,0,0,2,0,0,0,0,0,0,0,0,0,0,0,0,0,0.0,0,0,1,0,0,0,0,0,1,0,0,0,108.0,58.5,1.1868131868131868,6.0,0,0.2922077922077922,1,0
559,Pignite,Thick Fat,5,90.0,93.0,55.0,70.0,55.0,55.0,418.0,55.5,1.0,0.875,Fire Pig Pokémon,45,20,1059860,70,0,0,0,2,3,Tepig,1.0,1.0,2.0,1.0,2.0,1.0,0.25,1.0,0.5,0.5,2.0,0.5,1.0,2.0,0.5,1.0,0.5,1.0,Blaze,None,0,0,55,144,0.381944,0,0,0,0,0,1,1,0,0,0,0,0,0,0,0,0,0,0,0,0,0.0,0,0,1,0,0,0,0,0,1,0,0,0,163.0,99.0,1.4684684684684686,8.0,0,0.2631578947368421,1,0
560,Emboar,Reckless,5,110.0,123.0,65.0,100.0,65.0,65.0,528.0,150.0,1.6,0.875,Mega Fire Pig Pokémon,45,20,1059860,70,0,0,0,3,3,Pignite,1.0,1.0,2.0,1.0,2.0,1.0,0.25,1.0,0.5,0.5,2.0,0.5,1.0,2.0,0.5,1.0,0.5,1.0,Blaze,None,0,0,72,138,0.521739,0,0,0,0,0,1,1,0,0,0,0,0,0,0,0,0,0,0,0,0,0.0,0,0,1,0,0,0,0,0,1,0,0,0,223.0,143.0,1.702290076335878,8.0,0,0.24621212121212122,1,0
561,Oshawott,Shell Armor,5,55.0,55.0,45.0,63.0,45.0,45.0,308.0,5.9,0.5,0.875,Sea Otter Pokémon,45,20,1059860,70,0,0,0,1,3,No Preevolution,1.0,1.0,1.0,1.0,1.0,1.0,1.0,1.0,0.5,0.5,0.5,2.0,2.0,1.0,0.5,1.0,1.0,1.0,Torrent,None,0,0,31,124,0.25,0,0,0,0,0,0,0,0,0,0,0,0,0,0,0,0,0,2,0,0,0.0,0,0,1,0,0,0,0,0,1,0,0,0,118.0,49.5,1.2967032967032968,4.0,0,0.2922077922077922,1,0
562,Dewott,Shell Armor,5,75.0,75.0,60.0,83.0,60.0,60.0,413.0,24.5,0.8,0.875,Discipline Pokémon,45,20,1059860,70,0,0,0,2,3,Oshawott,1.0,1.0,1.0,1.0,1.0,1.0,1.0,1.0,0.5,0.5,0.5,2.0,2.0,1.0,0.5,1.0,1.0,1.0,Torrent,None,0,0,48,122,0.393443,0,0,0,0,0,0,0,0,0,0,0,0,0,0,0,0,0,2,0,0,0.0,0,0,1,0,0,0,0,0,1,0,0,0,158.0,90.0,1.3057851239669422,4.0,0,0.29055690072639223,1,0
563,Samurott,Shell Armor,5,95.0,100.0,85.0,108.0,70.0,70.0,528.0,94.6,1.5,0.875,Formidable Pokémon,45,20,1059860,70,0,0,0,3,3,Dewott,1.0,1.0,1.0,1.0,1.0,1.0,1.0,1.0,0.5,0.5,0.5,2.0,2.0,1.0,0.5,1.0,1.0,1.0,Torrent,None,0,0,65,115,0.565217,0,0,0,0,0,0,0,0,0,0,0,0,0,0,0,0,0,2,0,0,0.0,0,0,1,0,0,0,0,0,1,0,0,0,208.0,147.25,1.3333333333333333,4.0,0,0.2935606060606061,1,0
564,Patrat,Analytic,5,45.0,55.0,39.0,35.0,39.0,42.0,255.0,11.6,0.5,0.5,Scout Pokémon,255,15,1000000,70,0,0,0,1,2,No Preevolution,1.0,2.0,1.0,1.0,1.0,1.0,1.0,0.0,1.0,1.0,1.0,1.0,1.0,1.0,1.0,1.0,1.0,1.0,Run Away,Keen Eye,0,0,25,135,0.185185,0,0,0,0,0,0,0,0,0,0,0,0,2,0,0,0,0,0,0,0,0.0,0,0,1,0,0,0,0,0,1,0,0,0,90.0,35.1,1.139240506329114,2.0,0,0.3058823529411765,1,0
565,Watchog,Analytic,5,60.0,85.0,69.0,60.0,69.0,77.0,420.0,27.0,1.1,0.5,Lookout Pokémon,255,20,1000000,70,0,0,0,2,2,Patrat,1.0,2.0,1.0,1.0,1.0,1.0,1.0,0.0,1.0,1.0,1.0,1.0,1.0,1.0,1.0,1.0,1.0,1.0,Illuminate,Keen Eye,0,0,69,133,0.518797,0,0,0,0,0,0,0,0,0,0,0,0,2,0,0,0,0,0,0,0,0.0,0,0,1,0,0,0,0,0,1,0,0,0,145.0,82.8,1.0431654676258992,2.0,0,0.32857142857142857,1,0
566,Lillipup,Run Away,5,45.0,60.0,45.0,25.0,45.0,55.0,275.0,4.1,0.4,0.5,Puppy Pokémon,255,15,1059860,70,0,0,0,1,3,No Preevolution,1.0,2.0,1.0,1.0,1.0,1.0,1.0,0.0,1.0,1.0,1.0,1.0,1.0,1.0,1.0,1.0,1.0,1.0,Vital Spirit,Pickup,0,0,29,100,0.29,0,0,0,0,0,0,0,0,0,0,0,0,2,0,0,0,0,0,0,0,0.0,0,0,1,0,0,0,0,0,1,0,0,0,85.0,40.5,0.9340659340659341,2.0,0,0.32727272727272727,1,0
567,Herdier,Scrappy,5,65.0,80.0,65.0,35.0,65.0,60.0,370.0,14.7,0.9,0.5,Loyal Dog Pokémon,120,15,1059860,70,0,0,0,2,3,Lillipup,1.0,2.0,1.0,1.0,1.0,1.0,1.0,0.0,1.0,1.0,1.0,1.0,1.0,1.0,1.0,1.0,1.0,1.0,Intimidate,Sand Rush,0,0,53,138,0.384058,0,0,0,0,0,0,0,0,0,0,0,0,2,0,0,0,0,0,0,0,0.0,0,0,1,0,0,0,0,0,1,0,0,0,115.0,84.5,0.8778625954198473,2.0,0,0.35135135135135137,1,0
568,Stoutland,Scrappy,5,85.0,110.0,90.0,45.0,90.0,80.0,500.0,61.0,1.2,0.5,Big-Hearted Pokémon,45,15,1059860,70,0,0,0,3,3,Herdier,1.0,2.0,1.0,1.0,1.0,1.0,1.0,0.0,1.0,1.0,1.0,1.0,1.0,1.0,1.0,1.0,1.0,1.0,Intimidate,Sand Rush,0,0,72,116,0.62069,0,0,0,0,0,0,0,0,0,0,0,0,2,0,0,0,0,0,0,0,0.0,0,0,1,0,0,0,0,0,1,0,0,0,155.0,153.0,0.856353591160221,2.0,0,0.36,1,0
569,Purrloin,Prankster,5,41.0,50.0,37.0,50.0,37.0,66.0,281.0,10.1,0.4,0.5,Devious Pokémon,255,20,1000000,70,0,0,0,1,2,No Preevolution,1.0,2.0,1.0,1.0,1.0,1.0,2.0,0.5,1.0,1.0,1.0,1.0,1.0,0.0,1.0,1.0,0.5,2.0,Limber,Unburden,0,0,59,114,0.517544,0,2,0,0,0,0,0,0,0,0,0,0,0,0,0,0,0,0,0,0,0.0,0,0,1,0,0,0,0,0,1,0,0,0,100.0,30.34,1.3333333333333333,6.0,0,0.26334519572953735,1,0
570,Liepard,Prankster,5,64.0,88.0,50.0,88.0,50.0,106.0,446.0,37.5,1.1,0.5,Cruel Pokémon,90,20,1000000,70,0,0,0,2,2,Purrloin,1.0,2.0,1.0,1.0,1.0,1.0,2.0,0.5,1.0,1.0,1.0,1.0,1.0,0.0,1.0,1.0,0.5,2.0,Limber,Unburden,0,0,123,135,0.911111,0,2,0,0,0,0,0,0,0,0,0,0,0,0,0,0,0,0,0,0,0.0,0,0,1,0,0,0,0,0,1,0,0,0,176.0,64.0,1.7425742574257426,6.0,0,0.2242152466367713,1,0
571,Pansage,Overgrow,5,50.0,53.0,48.0,53.0,48.0,64.0,316.0,10.5,0.6,0.875,Grass Monkey Pokémon,190,20,1000000,70,0,0,0,1,2,No Preevolution,1.0,1.0,2.0,2.0,0.5,1.0,2.0,1.0,1.0,2.0,0.5,0.5,0.5,1.0,2.0,1.0,1.0,1.0,Gluttony,None,0,0,53,130,0.407692,0,0,0,0,0,0,0,0,0,2,0,0,0,0,0,0,0,0,0,0,0.0,0,0,1,0,0,0,0,0,1,0,0,0,106.0,48.0,1.092783505154639,10.0,0,0.3037974683544304,1,0
572,Simisage,Overgrow,5,75.0,98.0,63.0,98.0,63.0,101.0,498.0,30.5,1.1,0.875,Thorn Monkey Pokémon,75,20,1000000,70,0,0,0,2,2,Pansage,1.0,1.0,2.0,2.0,0.5,1.0,2.0,1.0,1.0,2.0,0.5,0.5,0.5,1.0,2.0,1.0,1.0,1.0,Gluttony,None,0,0,106,131,0.80916,0,0,0,0,0,0,0,0,0,2,0,0,0,0,0,0,0,0,0,0,0.0,0,0,1,0,0,0,0,0,1,0,0,0,196.0,94.5,1.5433070866141732,10.0,0,0.25301204819277107,1,0
573,Pansear,Blaze,5,50.0,53.0,48.0,53.0,48.0,64.0,316.0,11.0,0.6,0.875,High Temp Pokémon,190,20,1000000,70,0,0,0,1,2,No Preevolution,1.0,1.0,1.0,1.0,2.0,2.0,0.5,1.0,0.5,0.5,2.0,0.5,1.0,1.0,0.5,1.0,1.0,0.5,Gluttony,None,0,0,60,130,0.461538,0,0,0,0,0,0,2,0,0,0,0,0,0,0,0,0,0,0,0,0,0.0,0,0,1,0,0,0,0,0,1,0,0,0,106.0,48.0,1.092783505154639,6.0,0,0.3037974683544304,1,0
574,Simisear,Blaze,5,75.0,98.0,63.0,98.0,63.0,101.0,498.0,28.0,1.0,0.875,Ember Pokémon,75,20,1000000,70,0,0,0,2,2,Pansear,1.0,1.0,1.0,1.0,2.0,2.0,0.5,1.0,0.5,0.5,2.0,0.5,1.0,1.0,0.5,1.0,1.0,0.5,Gluttony,None,0,0,113,127,0.889764,0,0,0,0,0,0,2,0,0,0,0,0,0,0,0,0,0,0,0,0,0.0,0,0,1,0,0,0,0,0,1,0,0,0,196.0,94.5,1.5433070866141732,6.0,0,0.25301204819277107,1,0
575,Panpour,Torrent,5,50.0,53.0,48.0,53.0,48.0,64.0,316.0,13.5,0.6,0.875,Spray Pokémon,190,20,1000000,70,0,0,0,1,2,No Preevolution,1.0,1.0,1.0,1.0,1.0,1.0,1.0,1.0,0.5,0.5,0.5,2.0,2.0,1.0,0.5,1.0,1.0,1.0,Gluttony,None,0,0,42,117,0.358974,0,0,0,0,0,0,0,0,0,0,0,0,0,0,0,0,0,2,0,0,0.0,0,0,1,0,0,0,0,0,1,0,0,0,106.0,48.0,1.092783505154639,4.0,0,0.3037974683544304,1,0
576,Simipour,Torrent,5,75.0,98.0,63.0,98.0,63.0,101.0,498.0,29.0,1.0,0.875,Geyser Pokémon,75,20,1000000,70,0,0,0,2,2,Panpour,1.0,1.0,1.0,1.0,1.0,1.0,1.0,1.0,0.5,0.5,0.5,2.0,2.0,1.0,0.5,1.0,1.0,1.0,Gluttony,None,0,0,113,133,0.849624,0,0,0,0,0,0,0,0,0,0,0,0,0,0,0,0,0,2,0,0,0.0,0,0,1,0,0,0,0,0,1,0,0,0,196.0,94.5,1.5433070866141732,4.0,0,0.25301204819277107,1,0
577,Munna,Telepathy,5,76.0,25.0,45.0,67.0,55.0,24.0,292.0,23.3,0.6,0.5,Dream Eater Pokémon,190,10,800000,70,0,0,0,1,2,No Preevolution,1.0,0.5,1.0,1.0,1.0,1.0,2.0,2.0,1.0,1.0,1.0,1.0,1.0,0.5,1.0,1.0,2.0,1.0,Forewarn,Synchronize,0,0,5,128,0.039062,0,0,0,0,0,0,0,0,0,0,0,0,0,0,2,0,0,0,0,0,0.0,0,0,1,0,0,0,0,0,1,0,0,0,92.0,76.0,0.9108910891089109,6.0,0,0.3424657534246575,1,0
578,Musharna,Telepathy,5,116.0,55.0,85.0,107.0,95.0,29.0,487.0,60.5,1.1,0.5,Drowsing Pokémon,75,10,800000,70,0,0,0,2,2,Munna,1.0,0.5,1.0,1.0,1.0,1.0,2.0,2.0,1.0,1.0,1.0,1.0,1.0,0.5,1.0,1.0,2.0,1.0,Forewarn,Synchronize,0,0,9,132,0.068182,0,0,0,0,0,0,0,0,0,0,0,0,0,0,2,0,0,0,0,0,0.0,0,0,1,0,0,0,0,0,1,0,0,0,162.0,208.8,0.8950276243093923,6.0,0,0.36960985626283366,1,0
579,Pidove,Rivalry,5,50.0,55.0,50.0,36.0,30.0,43.0,264.0,2.1,0.3,0.5,Tiny Pigeon Pokémon,255,15,1059860,70,0,0,0,1,3,No Preevolution,1.0,1.0,1.0,1.0,0.0,2.0,0.5,0.0,1.0,1.0,1.0,0.5,2.0,1.0,2.0,1.0,1.0,1.0,Big Pecks,Super Luck,0,0,45,154,0.292208,0,0,0,0,0,0,0,1,0,0,0,0,1,0,0,0,0,0,0,0,0.0,0,0,0,1,0,0,0,0,1,0,0,0,91.0,40.0,1.123456790123457,6.0,0,0.30303030303030304,1,0
580,Tranquill,Rivalry,5,62.0,77.0,62.0,50.0,42.0,65.0,358.0,15.0,0.6,0.5,Wild Pigeon Pokémon,120,15,1059860,70,0,0,0,2,3,Pidove,1.0,1.0,1.0,1.0,0.0,2.0,0.5,0.0,1.0,1.0,1.0,0.5,2.0,1.0,2.0,1.0,1.0,1.0,Big Pecks,Super Luck,0,0,60,124,0.483871,0,0,0,0,0,0,0,1,0,0,0,0,1,0,0,0,0,0,0,0,0.0,0,0,0,1,0,0,0,0,1,0,0,0,127.0,64.48,1.2095238095238094,6.0,0,0.2905027932960894,1,0
581,Unfezant,Rivalry,5,80.0,115.0,80.0,65.0,55.0,93.0,488.0,29.0,1.2,0.5,Proud Pokémon,45,15,1059860,70,0,0,0,3,3,Tranquill,1.0,1.0,1.0,1.0,0.0,2.0,0.5,0.0,1.0,1.0,1.0,0.5,2.0,1.0,2.0,1.0,1.0,1.0,Big Pecks,Super Luck,0,0,102,130,0.784615,0,0,0,0,0,0,0,1,0,0,0,0,1,0,0,0,0,0,0,0,0.0,0,0,0,1,0,0,0,0,1,0,0,0,180.0,108.0,1.3235294117647058,6.0,0,0.2766393442622951,1,0
582,Blitzle,Sap Sipper,5,45.0,60.0,32.0,50.0,32.0,76.0,295.0,29.8,0.8,0.5,Electrified Pokémon,190,20,1000000,70,0,0,0,1,2,No Preevolution,1.0,1.0,0.5,1.0,2.0,1.0,1.0,1.0,0.5,1.0,1.0,1.0,0.5,1.0,1.0,1.0,1.0,1.0,Lightning Rod,Motor Drive,0,0,80,135,0.592593,0,0,0,2,0,0,0,0,0,0,0,0,0,0,0,0,0,0,0,0,0.0,0,0,1,0,0,0,0,0,1,0,0,0,110.0,28.8,1.6923076923076923,2.0,0,0.21694915254237288,1,0
583,Zebstrika,Sap Sipper,5,75.0,100.0,63.0,80.0,63.0,116.0,497.0,79.5,1.6,0.5,Thunderbolt Pokémon,75,20,1000000,70,0,0,0,2,2,Blitzle,1.0,1.0,0.5,1.0,2.0,1.0,1.0,1.0,0.5,1.0,1.0,1.0,0.5,1.0,1.0,1.0,1.0,1.0,Lightning Rod,Motor Drive,0,0,100,107,0.934579,0,0,0,2,0,0,0,0,0,0,0,0,0,0,0,0,0,0,0,0,0.0,0,0,1,0,0,0,0,0,1,0,0,0,180.0,94.5,1.4173228346456692,2.0,0,0.2535211267605634,1,0
584,Roggenrola,Sand Force,5,55.0,75.0,85.0,25.0,25.0,15.0,280.0,18.0,0.4,0.5,Mantle Pokémon,255,15,1059860,70,0,0,0,1,3,No Preevolution,0.5,2.0,0.5,0.5,2.0,1.0,1.0,1.0,2.0,0.5,2.0,2.0,1.0,1.0,1.0,1.0,1.0,1.0,Sturdy,Weak Armor,0,0,27,144,0.1875,0,0,0,0,0,0,0,0,0,0,0,0,0,0,0,2,0,0,0,0,0.0,0,0,0,0,0,0,1,0,1,0,0,0,100.0,60.5,0.9009009009009009,10.0,0,0.39285714285714285,1,0
585,Boldore,Sand Force,5,70.0,105.0,105.0,50.0,40.0,20.0,390.0,102.0,0.9,0.5,Ore Pokémon,120,15,1059860,70,0,0,0,2,3,Roggenrola,0.5,2.0,0.5,0.5,2.0,1.0,1.0,1.0,2.0,0.5,2.0,2.0,1.0,1.0,1.0,1.0,1.0,1.0,Sturdy,Weak Armor,0,0,44,131,0.335878,0,0,0,0,0,0,0,0,0,0,0,0,0,0,0,2,0,0,0,0,0.0,0,0,0,0,0,0,1,0,1,0,0,0,155.0,101.5,1.0616438356164384,10.0,0,0.3717948717948718,1,0
586,Gigalith,Sand Force,5,85.0,135.0,130.0,60.0,80.0,25.0,515.0,260.0,1.7,0.5,Compressed Pokémon,45,15,1059860,70,0,0,0,3,3,Boldore,0.5,2.0,0.5,0.5,2.0,1.0,1.0,1.0,2.0,0.5,2.0,2.0,1.0,1.0,1.0,1.0,1.0,1.0,Sturdy,Sand Stream,0,0,60,148,0.405405,0,0,0,0,0,0,0,0,0,0,0,0,0,0,0,2,0,0,0,0,0.0,0,0,0,0,0,0,1,0,1,0,0,0,195.0,178.5,0.9241706161137441,10.0,0,0.4077669902912621,1,0
587,Woobat,Simple,5,65.0,45.0,43.0,55.0,43.0,72.0,323.0,2.1,0.4,0.5,Bat Pokémon,190,15,1000000,70,0,0,0,1,2,No Preevolution,1.0,0.25,1.0,1.0,0.0,2.0,1.0,2.0,1.0,1.0,1.0,0.5,2.0,0.5,2.0,1.0,2.0,1.0,Unaware,Klutz,0,0,72,123,0.585366,0,0,0,0,0,0,0,1,0,0,0,0,0,0,1,0,0,0,0,0,0.0,0,0,1,1,0,0,0,0,0,0,0,0,100.0,55.9,1.1494252873563218,10.0,0,0.26625386996904027,1,0
588,Swoobat,Simple,5,67.0,57.0,55.0,77.0,55.0,114.0,425.0,10.5,0.9,0.5,Courting Pokémon,45,15,1000000,70,0,0,0,2,2,Woobat,1.0,0.25,1.0,1.0,0.0,2.0,1.0,2.0,1.0,1.0,1.0,0.5,2.0,0.5,2.0,1.0,2.0,1.0,Unaware,Klutz,0,0,103,116,0.887931,0,0,0,0,0,0,0,1,0,0,0,0,0,0,1,0,0,0,0,0,0.0,0,0,1,1,0,0,0,0,0,0,0,0,134.0,73.7,1.2072072072072073,10.0,0,0.25882352941176473,1,0
589,Drilbur,Mold Breaker,5,60.0,85.0,40.0,30.0,45.0,68.0,328.0,8.5,0.3,0.5,Mole Pokémon,120,20,1000000,70,0,0,0,1,2,No Preevolution,1.0,1.0,1.0,0.5,1.0,0.5,1.0,1.0,1.0,1.0,2.0,2.0,0.0,1.0,2.0,1.0,1.0,1.0,Sand Rush,Sand Force,0,0,70,109,0.642202,0,0,0,0,0,0,0,0,0,0,2,0,0,0,0,0,0,0,0,0,0.0,0,0,1,0,0,0,0,0,1,0,0,0,115.0,51.0,1.3372093023255813,6.0,0,0.25914634146341464,1,0
590,Excadrill,Mold Breaker,5,110.0,135.0,60.0,50.0,65.0,88.0,508.0,40.4,0.7,0.5,Subterrene Pokémon,60,20,1000000,70,0,0,0,2,2,Drilbur,0.5,2.0,0.5,0.0,2.0,0.25,0.5,1.0,0.5,2.0,2.0,1.0,0.0,0.5,1.0,0.5,1.0,0.5,Sand Rush,Sand Force,0,0,103,133,0.774436,0,0,0,0,0,0,0,0,0,0,1,0,0,0,0,0,1,0,0,0,0.0,0,0,1,0,0,0,0,0,1,0,0,0,185.0,137.5,1.4682539682539681,8.0,0,0.24606299212598426,1,0
591,Audino,Klutz,5,103.0,60.0,86.0,60.0,86.0,50.0,445.0,31.0,1.1,0.5,Hearing Pokémon,255,20,800000,70,0,0,1,1,1,No Preevolution,1.0,2.0,1.0,1.0,1.0,1.0,1.0,0.0,1.0,1.0,1.0,1.0,1.0,1.0,1.0,1.0,1.0,1.0,Healer,Regenerator,0,0,46,133,0.345865,0,0,0,0,0,0,0,0,0,0,0,0,2,0,0,0,0,0,0,0,0.0,0,1,0,0,0,0,0,0,1,0,0,0,120.0,177.16,0.6936416184971098,2.0,0,0.3865168539325843,1,1
592,Mega Audino,None,5,103.0,60.0,126.0,80.0,126.0,50.0,545.0,32.0,1.5,0.5,Hearing Pokémon,255,20,800000,70,0,0,1,1,1,Audino,1.0,1.0,1.0,2.0,1.0,1.0,0.5,0.0,2.0,1.0,1.0,1.0,1.0,1.0,1.0,0.0,0.5,1.0,Healer,None,0,1,48,132,0.363636,0,0,0,0,1,0,0,0,0,0,0,0,1,0,0,0,0,0,0,0,0.0,0,1,0,0,0,0,0,0,1,0,0,0,140.0,259.56,0.5533596837944664,4.0,0,0.46238532110091746,1,1
593,Timburr,Iron Fist,5,75.0,80.0,55.0,25.0,35.0,35.0,305.0,12.5,0.6,0.75,Muscular Pokémon,180,20,1059860,70,0,0,0,1,3,No Preevolution,1.0,1.0,2.0,1.0,1.0,0.5,0.5,1.0,1.0,1.0,1.0,1.0,1.0,2.0,1.0,1.0,0.5,2.0,Guts,Sheer Force,0,0,28,150,0.186667,0,0,0,0,0,2,0,0,0,0,0,0,0,0,0,0,0,0,0,0,0.0,0,0,0,0,0,1,0,0,1,0,0,0,105.0,67.5,1.1538461538461537,6.0,0,0.29508196721311475,1,0
594,Gurdurr,Iron Fist,5,85.0,105.0,85.0,40.0,50.0,40.0,405.0,40.0,1.2,0.75,Muscular Pokémon,90,20,1059860,70,0,0,0,2,3,Timburr,1.0,1.0,2.0,1.0,1.0,0.5,0.5,1.0,1.0,1.0,1.0,1.0,1.0,2.0,1.0,1.0,0.5,2.0,Guts,Sheer Force,0,0,25,118,0.211864,0,0,0,0,0,2,0,0,0,0,0,0,0,0,0,0,0,0,0,0,0.0,0,0,0,0,0,1,0,0,1,0,0,0,145.0,114.75,1.0661764705882353,6.0,0,0.3333333333333333,1,0
595,Conkeldurr,Iron Fist,5,105.0,140.0,95.0,55.0,65.0,45.0,505.0,87.0,1.4,0.75,Muscular Pokémon,45,20,1059860,70,0,0,0,3,3,Gurdurr,1.0,1.0,2.0,1.0,1.0,0.5,0.5,1.0,1.0,1.0,1.0,1.0,1.0,2.0,1.0,1.0,0.5,2.0,Guts,Sheer Force,0,0,39,130,0.3,0,0,0,0,0,2,0,0,0,0,0,0,0,0,0,0,0,0,0,0,0.0,0,0,0,0,0,1,0,0,1,0,0,0,195.0,168.0,1.2111801242236024,6.0,0,0.31683168316831684,1,0
596,Tympole,Water Absorb,5,50.0,50.0,40.0,50.0,40.0,64.0,294.0,4.5,0.5,0.5,Tadpole Pokémon,255,20,1059860,70,0,0,0,1,3,No Preevolution,1.0,1.0,1.0,1.0,1.0,1.0,1.0,1.0,0.5,0.5,0.5,2.0,2.0,1.0,0.5,1.0,1.0,1.0,Swift Swim,Hydration,0,0,62,136,0.455882,0,0,0,0,0,0,0,0,0,0,0,0,0,0,0,0,0,2,0,0,0.0,0,0,0,0,0,0,0,0,1,1,0,0,100.0,40.0,1.2345679012345678,4.0,0,0.272108843537415,1,0
597,Palpitoad,Water Absorb,5,75.0,65.0,55.0,65.0,55.0,69.0,384.0,17.0,0.8,0.5,Vibration Pokémon,120,20,1059860,70,0,0,0,2,3,Tympole,1.0,1.0,1.0,0.5,1.0,0.5,1.0,1.0,0.5,0.5,1.0,4.0,0.0,1.0,1.0,1.0,1.0,1.0,Swift Swim,Hydration,0,0,54,124,0.435484,0,0,0,0,0,0,0,0,0,0,1,0,0,0,0,0,0,1,0,0,0.0,0,0,0,0,0,0,0,0,1,1,0,0,130.0,82.5,1.1711711711711712,4.0,1,0.2864583333333333,1,0
598,Seismitoad,Water Absorb,5,105.0,95.0,75.0,85.0,75.0,74.0,509.0,62.0,1.5,0.5,Vibration Pokémon,45,20,1059860,70,0,0,0,3,3,Palpitoad,1.0,1.0,1.0,0.5,1.0,0.5,1.0,1.0,0.5,0.5,1.0,4.0,0.0,1.0,1.0,1.0,1.0,1.0,Swift Swim,Poison Touch,0,0,68,119,0.571429,0,0,0,0,0,0,0,0,0,0,1,0,0,0,0,0,0,1,0,0,0.0,0,0,0,0,0,0,0,0,1,1,0,0,180.0,157.5,1.1920529801324504,4.0,1,0.29469548133595286,1,0
599,Throh,Mold Breaker,5,120.0,100.0,85.0,30.0,85.0,45.0,465.0,55.5,1.3,1.0,Judo Pokémon,45,20,1000000,70,0,0,0,1,1,No Preevolution,1.0,1.0,2.0,1.0,1.0,0.5,0.5,1.0,1.0,1.0,1.0,1.0,1.0,2.0,1.0,1.0,0.5,2.0,Guts,Inner Focus,0,0,33,147,0.22449,0,0,0,0,0,2,0,0,0,0,0,0,0,0,0,0,0,0,0,0,0.0,0,0,0,0,0,1,0,0,1,0,0,0,130.0,204.0,0.7602339181286549,6.0,0,0.3655913978494624,1,0
600,Sawk,Mold Breaker,5,75.0,125.0,75.0,30.0,75.0,85.0,465.0,51.0,1.4,1.0,Karate Pokémon,45,20,1000000,70,0,0,0,1,1,No Preevolution,1.0,1.0,2.0,1.0,1.0,0.5,0.5,1.0,1.0,1.0,1.0,1.0,1.0,2.0,1.0,1.0,0.5,2.0,Sturdy,Inner Focus,0,0,85,136,0.625,0,0,0,0,0,2,0,0,0,0,0,0,0,0,0,0,0,0,0,0,0.0,0,0,0,0,0,1,0,0,1,0,0,0,155.0,112.5,1.0264900662251655,6.0,0,0.3225806451612903,1,0
601,Sewaddle,Overcoat,5,45.0,53.0,70.0,40.0,60.0,42.0,310.0,2.5,0.3,0.5,Sewing Pokémon,255,15,1059860,70,0,0,0,1,3,No Preevolution,1.0,0.5,4.0,2.0,0.25,2.0,2.0,1.0,1.0,4.0,0.5,0.25,0.5,1.0,2.0,1.0,1.0,1.0,Swarm,Chlorophyll,0,0,35,136,0.257353,1,0,0,0,0,0,0,0,0,1,0,0,0,0,0,0,0,0,0,1,0.0,0,0,0,0,0,0,0,0,1,0,0,0,93.0,58.5,0.7099236641221374,16.0,2,0.41935483870967744,1,0
602,Swadloon,Overcoat,5,55.0,63.0,90.0,50.0,80.0,42.0,380.0,7.3,0.5,0.5,Leaf-Wrapped Pokémon,120,15,1059860,70,0,0,0,2,3,Sewaddle,1.0,0.5,4.0,2.0,0.25,2.0,2.0,1.0,1.0,4.0,0.5,0.25,0.5,1.0,2.0,1.0,1.0,1.0,Leaf Guard,Chlorophyll,0,0,26,123,0.211382,1,0,0,0,0,0,0,0,0,1,0,0,0,0,0,0,0,0,0,1,0.0,0,0,0,0,0,0,0,0,1,0,0,0,113.0,93.5,0.6608187134502924,16.0,2,0.4473684210526316,1,0
603,Leavanny,Overcoat,5,75.0,103.0,80.0,70.0,80.0,92.0,500.0,20.5,1.2,0.5,Nurturing Pokémon,45,15,1059860,70,0,0,0,3,3,Swadloon,1.0,0.5,4.0,2.0,0.25,2.0,2.0,1.0,1.0,4.0,0.5,0.25,0.5,1.0,2.0,1.0,1.0,1.0,Swarm,Chlorophyll,0,0,96,121,0.793388,1,0,0,0,0,0,0,0,0,1,0,0,0,0,0,0,0,0,0,1,0.0,0,0,0,0,0,0,0,0,1,0,0,0,173.0,120.0,1.0745341614906831,16.0,2,0.32,1,0
604,Venipede,Speed Boost,5,30.0,45.0,59.0,30.0,39.0,57.0,260.0,5.3,0.4,0.5,Centipede Pokémon,255,15,1059860,70,0,0,0,1,3,No Preevolution,1.0,0.25,2.0,0.5,1.0,2.0,0.5,1.0,1.0,2.0,1.0,0.25,1.0,2.0,1.0,1.0,1.0,0.5,Poison Point,Swarm,0,0,37,132,0.280303,1,0,0,0,0,0,0,0,0,0,0,0,0,1,0,0,0,0,0,1,0.0,0,0,0,0,0,0,0,0,1,0,0,0,75.0,29.4,0.7575757575757576,8.0,0,0.3769230769230769,1,0
605,Whirlipede,Speed Boost,5,40.0,55.0,99.0,40.0,79.0,47.0,360.0,58.5,1.2,0.5,Curlipede Pokémon,120,15,1059860,70,0,0,0,2,3,Venipede,1.0,0.25,2.0,0.5,1.0,2.0,0.5,1.0,1.0,2.0,1.0,0.25,1.0,2.0,1.0,1.0,1.0,0.5,Poison Point,Swarm,0,0,26,99,0.262626,1,0,0,0,0,0,0,0,0,0,0,0,0,1,0,0,0,0,0,1,0.0,0,0,0,0,0,0,0,0,1,0,0,0,95.0,71.2,0.5307262569832403,8.0,0,0.49444444444444446,1,0
606,Scolipede,Speed Boost,5,60.0,100.0,89.0,55.0,69.0,112.0,485.0,200.5,2.5,0.5,Megapede Pokémon,45,20,1059860,70,0,0,0,3,3,Whirlipede,1.0,0.25,2.0,0.5,1.0,2.0,0.5,1.0,1.0,2.0,1.0,0.25,1.0,2.0,1.0,1.0,1.0,0.5,Poison Point,Swarm,0,0,106,114,0.929825,1,0,0,0,0,0,0,0,0,0,0,0,0,1,0,0,0,0,0,1,0.0,0,0,0,0,0,0,0,0,1,0,0,0,155.0,94.8,0.9748427672955975,8.0,0,0.32577319587628867,1,0
607,Cottonee,Chlorophyll,5,40.0,27.0,60.0,37.0,50.0,66.0,280.0,0.6,0.3,0.5,Cotton Puff Pokémon,190,20,1000000,70,0,0,0,1,2,No Preevolution,1.0,0.5,2.0,4.0,0.5,1.0,1.0,1.0,2.0,2.0,0.5,0.5,0.5,1.0,2.0,0.0,0.5,1.0,Prankster,Infiltrator,0,0,46,127,0.362205,0,0,0,0,1,0,0,0,0,1,0,0,0,0,0,0,0,0,0,0,0.0,0,1,0,0,1,0,0,0,0,0,0,0,64.0,44.0,0.5765765765765766,12.0,1,0.39285714285714285,1,0
608,Whimsicott,Chlorophyll,5,60.0,67.0,85.0,77.0,75.0,116.0,480.0,6.6,0.7,0.5,Windveiled Pokémon,75,20,1000000,70,0,0,0,2,2,Cottonee,1.0,0.5,2.0,4.0,0.5,1.0,1.0,1.0,2.0,2.0,0.5,0.5,0.5,1.0,2.0,0.0,0.5,1.0,Prankster,Infiltrator,0,0,104,117,0.888889,0,0,0,0,1,0,0,0,0,1,0,0,0,0,0,0,0,0,0,0,0.0,0,1,0,0,1,0,0,0,0,0,0,0,144.0,96.0,0.8944099378881988,12.0,1,0.3333333333333333,1,0
609,Petilil,Leaf Guard,5,45.0,35.0,50.0,70.0,50.0,30.0,280.0,6.6,0.5,0.0,Bulb Pokémon,190,20,1000000,70,0,0,0,1,2,No Preevolution,1.0,1.0,2.0,2.0,0.5,1.0,2.0,1.0,1.0,2.0,0.5,0.5,0.5,1.0,2.0,1.0,1.0,1.0,Chlorophyll,Own Tempo,0,0,23,146,0.157534,0,0,0,0,0,0,0,0,0,2,0,0,0,0,0,0,0,0,0,0,0.0,0,0,0,0,1,0,0,0,1,0,0,0,105.0,45.0,1.0396039603960396,10.0,0,0.35714285714285715,1,0
610,Lilligant,Leaf Guard,5,70.0,60.0,75.0,110.0,75.0,90.0,480.0,16.3,1.1,0.0,Flowering Pokémon,75,20,1000000,70,0,0,0,2,2,Petilil,1.0,1.0,2.0,2.0,0.5,1.0,2.0,1.0,1.0,2.0,0.5,0.5,0.5,1.0,2.0,1.0,1.0,1.0,Chlorophyll,Own Tempo,0,0,91,127,0.716535,0,0,0,0,0,0,0,0,0,2,0,0,0,0,0,0,0,0,0,0,0.0,0,0,0,0,1,0,0,0,1,0,0,0,170.0,105.0,1.1258278145695364,10.0,0,0.3125,1,0
611,Basculin,Mold Breaker,5,70.0,92.0,65.0,80.0,55.0,98.0,460.0,18.0,1.0,0.5,Hostile Pokémon,190,40,1000000,70,0,0,0,1,1,No Preevolution,1.0,1.0,1.0,1.0,1.0,1.0,1.0,1.0,0.5,0.5,0.5,2.0,2.0,1.0,0.5,1.0,1.0,1.0,Reckless,Adaptability,0,0,89,110,0.809091,0,0,0,0,0,0,0,0,0,0,0,0,0,0,0,0,0,2,0,0,0.0,0,0,0,0,0,0,0,0,1,0,1,0,172.0,84.0,1.421487603305785,4.0,0,0.2608695652173913,1,0
612,Sandile,Anger Point,5,50.0,72.0,35.0,35.0,35.0,65.0,292.0,15.2,0.7,0.5,Desert Croc Pokémon,180,20,1059860,70,0,0,0,1,3,No Preevolution,1.0,2.0,1.0,0.5,1.0,0.5,2.0,0.5,1.0,1.0,2.0,2.0,0.0,0.0,2.0,1.0,0.5,2.0,Intimidate,Moxie,0,0,72,134,0.537313,0,1,0,0,0,0,0,0,0,0,1,0,0,0,0,0,0,0,0,0,0.0,0,0,1,0,0,0,0,0,1,0,0,0,107.0,35.0,1.5070422535211268,12.0,0,0.23972602739726026,1,0
613,Krokorok,Anger Point,5,60.0,82.0,45.0,45.0,45.0,74.0,351.0,33.4,1.0,0.5,Desert Croc Pokémon,90,20,1059860,70,0,0,0,2,3,Sandile,1.0,2.0,1.0,0.5,1.0,0.5,2.0,0.5,1.0,1.0,2.0,2.0,0.0,0.0,2.0,1.0,0.5,2.0,Intimidate,Moxie,0,0,65,113,0.575221,0,1,0,0,0,0,0,0,0,0,1,0,0,0,0,0,0,0,0,0,0.0,0,0,1,0,0,0,0,0,1,0,0,0,127.0,54.0,1.3956043956043955,12.0,0,0.2564102564102564,1,0
614,Krookodile,Anger Point,5,95.0,117.0,80.0,65.0,70.0,92.0,519.0,96.3,1.5,0.5,Intimidation Pokémon,45,20,1059860,70,0,0,0,3,3,Krokorok,1.0,2.0,1.0,0.5,1.0,0.5,2.0,0.5,1.0,1.0,2.0,2.0,0.0,0.0,2.0,1.0,0.5,2.0,Intimidate,Moxie,0,0,111,132,0.840909,0,1,0,0,0,0,0,0,0,0,1,0,0,0,0,0,0,0,0,0,0.0,0,0,1,0,0,0,0,0,1,0,0,0,182.0,142.5,1.205298013245033,12.0,0,0.28901734104046245,1,0
615,Darumaka,Inner Focus,5,70.0,90.0,45.0,15.0,45.0,50.0,315.0,37.5,0.6,0.5,Zen Charm Pokémon,120,20,1059860,70,0,0,0,1,2,No Preevolution,1.0,1.0,1.0,1.0,2.0,2.0,0.5,1.0,0.5,0.5,2.0,0.5,1.0,1.0,0.5,1.0,1.0,0.5,Hustle,None,0,0,45,124,0.362903,0,0,0,0,0,0,2,0,0,0,0,0,0,0,0,0,0,0,0,0,0.0,0,0,1,0,0,0,0,0,1,0,0,0,105.0,63.0,1.1538461538461537,6.0,0,0.2857142857142857,1,0
616,Darmanitan Standard Mode,Zen Mode,5,105.0,140.0,55.0,30.0,55.0,95.0,480.0,92.9,1.3,0.5,Blazing Pokémon,60,20,1059860,70,0,0,0,2,2,Darumaka,1.0,1.0,1.0,1.0,2.0,2.0,0.5,1.0,0.5,0.5,2.0,0.5,1.0,1.0,0.5,1.0,1.0,0.5,Sheer Force,None,0,0,109,133,0.819549,0,0,0,0,0,0,2,0,0,0,0,0,0,0,0,0,0,0,0,0,0.0,0,0,1,0,0,0,0,0,1,0,0,0,170.0,115.5,1.5315315315315314,6.0,0,0.22916666666666666,1,0
617,Darmanitan Zen Mode,Zen Mode,5,105.0,30.0,105.0,140.0,105.0,55.0,540.0,92.9,1.3,0.5,Blazing Pokémon,60,20,1059860,70,0,0,0,2,2,Darumaka,1.0,0.5,1.0,1.0,2.0,2.0,1.0,2.0,0.5,0.5,2.0,0.5,1.0,0.5,0.5,1.0,2.0,0.5,None,None,0,0,43,122,0.352459,0,0,0,0,0,0,1,0,0,0,0,0,0,0,1,0,0,0,0,0,0.0,0,0,1,0,0,0,0,0,1,0,0,0,170.0,220.5,0.8056872037914692,10.0,0,0.3888888888888889,1,0
618,Maractus,Storm Drain,5,75.0,86.0,67.0,106.0,67.0,60.0,461.0,28.0,1.0,0.5,Cactus Pokémon,255,20,1000000,70,0,0,0,1,1,No Preevolution,1.0,1.0,2.0,2.0,0.5,1.0,2.0,1.0,1.0,2.0,0.5,0.5,0.5,1.0,2.0,1.0,1.0,1.0,Water Absorb,Chlorophyll,0,0,0,0,0.0,0,0,0,0,0,0,0,0,0,2,0,0,0,0,0,0,0,0,0,0,0.0,0,0,0,0,1,0,0,0,1,0,0,0,192.0,100.5,1.4222222222222223,10.0,0,0.29067245119305857,1,0
619,Dwebble,Weak Armor,5,50.0,65.0,85.0,35.0,35.0,55.0,325.0,14.5,0.3,0.5,Rock Inn Pokémon,190,20,1000000,70,0,0,0,1,2,No Preevolution,0.5,1.0,1.0,0.5,1.0,2.0,1.0,1.0,2.0,1.0,2.0,1.0,1.0,1.0,1.0,1.0,1.0,1.0,Sturdy,Shell Armor,0,0,43,132,0.325758,1,0,0,0,0,0,0,0,0,0,0,0,0,0,0,1,0,0,0,1,0.0,0,0,0,0,0,0,1,0,0,0,0,0,100.0,60.0,0.8264462809917356,6.0,0,0.36923076923076925,1,0
620,Crustle,Weak Armor,5,70.0,105.0,125.0,65.0,75.0,45.0,485.0,200.0,1.4,0.5,Stone Home Pokémon,75,20,1000000,70,0,0,0,2,2,Dwebble,0.5,1.0,1.0,0.5,1.0,2.0,1.0,1.0,2.0,1.0,2.0,1.0,1.0,1.0,1.0,1.0,1.0,1.0,Sturdy,Shell Armor,0,0,40,119,0.336134,1,0,0,0,0,0,0,0,0,0,0,0,0,0,0,1,0,0,0,1,0.0,0,0,0,0,0,0,1,0,0,0,0,0,170.0,140.0,0.845771144278607,6.0,0,0.41237113402061853,1,0
621,Scraggy,Intimidate,5,50.0,75.0,70.0,35.0,70.0,48.0,348.0,11.8,0.6,0.5,Shedding Pokémon,180,15,1000000,35,0,0,0,1,2,No Preevolution,1.0,2.0,2.0,1.0,1.0,0.5,1.0,0.5,1.0,1.0,1.0,1.0,1.0,0.0,1.0,1.0,0.25,4.0,Shed Skin,Moxie,0,0,32,109,0.293578,0,1,0,0,0,1,0,0,0,0,0,0,0,0,0,0,0,0,0,0,0.0,1,0,1,0,0,0,0,0,0,0,0,0,110.0,70.0,0.7801418439716312,8.0,1,0.40229885057471265,1,0
622,Scrafty,Intimidate,5,65.0,90.0,115.0,45.0,115.0,58.0,488.0,30.0,1.1,0.5,Hoodlum Pokémon,90,15,1000000,70,0,0,0,2,2,Scraggy,1.0,2.0,2.0,1.0,1.0,0.5,1.0,0.5,1.0,1.0,1.0,1.0,1.0,0.0,1.0,1.0,0.25,4.0,Shed Skin,Moxie,0,0,61,121,0.504132,0,1,0,0,0,1,0,0,0,0,0,0,0,0,0,0,0,0,0,0,0.0,1,0,1,0,0,0,0,0,0,0,0,0,135.0,149.5,0.5844155844155844,8.0,1,0.4713114754098361,1,0
623,Sigilyph,Tinted Lens,5,72.0,58.0,80.0,103.0,80.0,97.0,490.0,14.0,1.4,0.5,Avianoid Pokémon,45,20,1000000,70,0,0,0,1,1,No Preevolution,1.0,0.25,1.0,1.0,0.0,2.0,1.0,2.0,1.0,1.0,1.0,0.5,2.0,0.5,2.0,1.0,2.0,1.0,Wonder Skin,Magic Guard,0,0,109,152,0.717105,0,0,0,0,0,0,0,1,0,0,0,0,0,0,1,0,0,0,0,0,0.0,0,0,0,1,0,0,0,0,1,0,0,0,161.0,115.2,1.0,10.0,0,0.32653061224489793,1,0
624,Yamask,None,5,38.0,30.0,85.0,55.0,65.0,30.0,303.0,1.5,0.5,0.5,Spirit Pokémon,190,25,1000000,70,0,0,0,1,2,No Preevolution,0.0,0.0,1.0,0.5,1.0,1.0,0.5,2.0,1.0,1.0,1.0,1.0,1.0,1.0,1.0,1.0,2.0,1.0,Mummy,None,0,0,27,126,0.214286,0,0,0,0,0,0,0,0,2,0,0,0,0,0,0,0,0,0,1,0,0.0,0,0,0,0,0,0,1,0,0,0,0,0,85.0,57.0,0.5629139072847682,4.0,0,0.49504950495049505,1,0
625,Cofagrigus,None,5,58.0,50.0,145.0,95.0,105.0,30.0,483.0,76.5,1.7,0.5,Coffin Pokémon,90,25,1000000,70,0,0,0,2,2,Yamask,0.0,0.0,1.0,0.5,1.0,1.0,0.5,2.0,1.0,1.0,1.0,1.0,1.0,1.0,1.0,1.0,2.0,1.0,Mummy,None,0,0,30,122,0.245902,0,0,0,0,0,0,0,0,2,0,0,0,0,0,0,0,0,0,1,0,0.0,0,0,0,0,0,0,1,0,0,0,0,0,145.0,145.0,0.5776892430278885,4.0,0,0.5175983436853002,1,0
626,Tirtouga,Swift Swim,5,54.0,78.0,103.0,53.0,45.0,22.0,355.0,16.5,0.7,0.875,Prototurtle Pokémon,45,30,1000000,70,0,0,0,1,2,No Preevolution,0.5,2.0,0.5,0.5,2.0,1.0,1.0,1.0,1.0,0.25,1.0,4.0,2.0,1.0,0.5,1.0,1.0,1.0,Solid Rock,Sturdy,0,0,30,129,0.232558,0,0,0,0,0,0,0,0,0,0,0,0,0,0,0,1,0,1,0,0,0.0,0,0,0,0,0,0,0,0,0,1,0,1,131.0,79.92,0.8791946308724832,10.0,1,0.4169014084507042,1,0
627,Carracosta,Swift Swim,5,74.0,108.0,133.0,83.0,65.0,32.0,495.0,81.0,1.2,0.875,Prototurtle Pokémon,45,30,1000000,70,0,0,0,2,2,Tirtouga,0.5,2.0,0.5,0.5,2.0,1.0,1.0,1.0,1.0,0.25,1.0,4.0,2.0,1.0,0.5,1.0,1.0,1.0,Solid Rock,Sturdy,0,0,45,140,0.321429,0,0,0,0,0,0,0,0,0,0,0,0,0,0,0,1,0,1,0,0,0.0,0,0,0,0,0,0,0,0,0,1,0,1,191.0,146.52,0.9597989949748744,10.0,1,0.4,1,0
628,Archen,None,5,55.0,112.0,45.0,74.0,45.0,70.0,401.0,9.5,0.5,0.875,First Bird Pokémon,45,30,1000000,70,0,0,0,1,2,No Preevolution,0.5,1.0,0.5,0.5,0.0,2.0,0.5,1.0,2.0,0.5,2.0,1.0,2.0,1.0,2.0,1.0,1.0,1.0,Defeatist,None,0,0,66,118,0.559322,0,0,0,0,0,0,0,1,0,0,0,0,0,0,0,1,0,0,0,0,0.0,0,0,0,1,0,0,0,0,0,0,0,1,186.0,49.5,2.043956043956044,10.0,0,0.22443890274314215,1,0
629,Archeops,None,5,75.0,140.0,65.0,112.0,65.0,110.0,567.0,32.0,1.4,0.875,First Bird Pokémon,45,30,1000000,70,0,0,0,2,2,Archen,0.5,1.0,0.5,0.5,0.0,2.0,0.5,1.0,2.0,0.5,2.0,1.0,2.0,1.0,2.0,1.0,1.0,1.0,Defeatist,None,0,0,117,128,0.914062,0,0,0,0,0,0,0,1,0,0,0,0,0,0,0,1,0,0,0,0,0.0,0,0,0,1,0,0,0,0,0,0,0,1,252.0,97.5,1.9236641221374047,10.0,0,0.2292768959435626,1,0
630,Trubbish,Aftermath,5,50.0,50.0,62.0,40.0,62.0,65.0,329.0,31.0,0.6,0.5,Trash Bag Pokémon,190,20,1000000,70,0,0,0,1,2,No Preevolution,1.0,0.5,1.0,0.5,2.0,1.0,0.5,1.0,1.0,1.0,1.0,0.5,1.0,2.0,1.0,1.0,1.0,0.5,Stench,Sticky Hold,0,0,49,117,0.418803,0,0,0,0,0,0,0,0,0,0,0,0,0,2,0,0,0,0,0,0,0.0,0,0,0,0,0,0,1,0,1,0,0,0,90.0,62.0,0.72,4.0,0,0.3768996960486322,1,0
631,Garbodor,Aftermath,5,80.0,95.0,82.0,60.0,82.0,75.0,474.0,107.3,1.9,0.5,Trash Heap Pokémon,60,20,1000000,70,0,0,0,2,2,Trubbish,1.0,0.5,1.0,0.5,2.0,1.0,0.5,1.0,1.0,1.0,1.0,0.5,1.0,2.0,1.0,1.0,1.0,0.5,Stench,Weak Armor,0,0,87,145,0.6,0,0,0,0,0,0,0,0,0,0,0,0,0,2,0,0,0,0,0,0,0.0,0,0,0,0,0,0,1,0,1,0,0,0,155.0,131.2,0.9393939393939394,4.0,0,0.3459915611814346,1,0
632,Zorua,None,5,40.0,65.0,40.0,80.0,40.0,65.0,330.0,12.5,0.7,0.875,Tricky Fox Pokémon,75,25,1059860,70,0,0,0,1,2,No Preevolution,1.0,2.0,1.0,1.0,1.0,1.0,2.0,0.5,1.0,1.0,1.0,1.0,1.0,0.0,1.0,1.0,0.5,2.0,Illusion,None,0,0,66,131,0.503817,0,2,0,0,0,0,0,0,0,0,0,0,0,0,0,0,0,0,0,0,0.0,0,0,1,0,0,0,0,0,1,0,0,0,145.0,32.0,1.7901234567901234,6.0,0,0.24242424242424243,1,0
633,Zoroark,None,5,60.0,105.0,60.0,120.0,60.0,105.0,510.0,81.1,1.6,0.875,Illusion Fox Pokémon,45,20,1059860,70,0,0,0,2,2,Zorua,1.0,2.0,1.0,1.0,1.0,1.0,2.0,0.5,1.0,1.0,1.0,1.0,1.0,0.0,1.0,1.0,0.5,2.0,Illusion,None,0,0,100,113,0.884956,0,2,0,0,0,0,0,0,0,0,0,0,0,0,0,0,0,0,0,0,0.0,0,0,1,0,0,0,0,0,1,0,0,0,225.0,72.0,1.859504132231405,6.0,0,0.23529411764705882,1,0
634,Minccino,Skill Link,5,55.0,50.0,40.0,40.0,40.0,75.0,300.0,5.8,0.4,0.25,Chinchilla Pokémon,255,15,800000,70,0,0,0,1,2,No Preevolution,1.0,2.0,1.0,1.0,1.0,1.0,1.0,0.0,1.0,1.0,1.0,1.0,1.0,1.0,1.0,1.0,1.0,1.0,Cute Charm,Technician,0,0,88,148,0.594595,0,0,0,0,0,0,0,0,0,0,0,0,2,0,0,0,0,0,0,0,0.0,0,0,1,0,0,0,0,0,1,0,0,0,90.0,44.0,1.1111111111111112,2.0,0,0.26666666666666666,1,0
635,Cinccino,Skill Link,5,75.0,95.0,60.0,65.0,60.0,115.0,470.0,7.5,0.5,0.25,Scarf Pokémon,60,15,800000,70,0,0,0,2,2,Minccino,1.0,2.0,1.0,1.0,1.0,1.0,1.0,0.0,1.0,1.0,1.0,1.0,1.0,1.0,1.0,1.0,1.0,1.0,Cute Charm,Technician,0,0,115,131,0.877863,0,0,0,0,0,0,0,0,0,0,0,0,2,0,0,0,0,0,0,0,0.0,0,0,1,0,0,0,0,0,1,0,0,0,160.0,90.0,1.322314049586777,2.0,0,0.2553191489361702,1,0
636,Gothita,Shadow Tag,5,45.0,30.0,50.0,55.0,65.0,45.0,290.0,5.8,0.4,0.25,Fixation Pokémon,200,20,1059860,70,0,0,0,1,3,No Preevolution,1.0,0.5,1.0,1.0,1.0,1.0,2.0,2.0,1.0,1.0,1.0,1.0,1.0,0.5,1.0,1.0,2.0,1.0,Frisk,Competitive,0,0,26,125,0.208,0,0,0,0,0,0,0,0,0,0,0,0,0,0,2,0,0,0,0,0,0.0,0,0,0,0,0,1,0,0,1,0,0,0,85.0,51.75,0.7327586206896551,6.0,0,0.39655172413793105,1,0
637,Gothorita,Shadow Tag,5,60.0,45.0,70.0,75.0,85.0,55.0,390.0,18.0,0.7,0.25,Manipulate Pokémon,100,20,1059860,70,0,0,0,2,3,Gothita,1.0,0.5,1.0,1.0,1.0,1.0,2.0,2.0,1.0,1.0,1.0,1.0,1.0,0.5,1.0,1.0,2.0,1.0,Frisk,Competitive,0,0,37,123,0.300813,0,0,0,0,0,0,0,0,0,0,0,0,0,0,2,0,0,0,0,0,0.0,0,0,0,0,0,1,0,0,1,0,0,0,120.0,93.0,0.7692307692307693,6.0,0,0.3974358974358974,1,0
638,Gothitelle,Shadow Tag,5,70.0,55.0,95.0,95.0,110.0,65.0,490.0,44.0,1.5,0.25,Astral Body Pokémon,50,20,1059860,70,0,0,0,3,3,Gothorita,1.0,0.5,1.0,1.0,1.0,1.0,2.0,2.0,1.0,1.0,1.0,1.0,1.0,0.5,1.0,1.0,2.0,1.0,Frisk,Competitive,0,0,65,133,0.488722,0,0,0,0,0,0,0,0,0,0,0,0,0,0,2,0,0,0,0,0,0.0,0,0,0,0,0,1,0,0,1,0,0,0,150.0,143.5,0.7281553398058253,6.0,0,0.41836734693877553,1,0
639,Solosis,Regenerator,5,45.0,30.0,40.0,105.0,50.0,20.0,290.0,1.0,0.3,0.5,Cell Pokémon,200,20,1059860,70,0,0,0,1,3,No Preevolution,1.0,0.5,1.0,1.0,1.0,1.0,2.0,2.0,1.0,1.0,1.0,1.0,1.0,0.5,1.0,1.0,2.0,1.0,Overcoat,Magic Guard,0,0,4,129,0.031008,0,0,0,0,0,0,0,0,0,0,0,0,0,0,2,0,0,0,1,0,0.0,0,0,0,0,0,0,0,0,1,0,0,0,135.0,40.5,1.4835164835164836,6.0,0,0.3103448275862069,1,0
640,Duosion,Regenerator,5,65.0,40.0,50.0,125.0,60.0,30.0,370.0,8.0,0.6,0.5,Mitosis Pokémon,100,20,1059860,70,0,0,0,2,3,Solosis,1.0,0.5,1.0,1.0,1.0,1.0,2.0,2.0,1.0,1.0,1.0,1.0,1.0,0.5,1.0,1.0,2.0,1.0,Overcoat,Magic Guard,0,0,9,124,0.072581,0,0,0,0,0,0,0,0,0,0,0,0,0,0,2,0,0,0,1,0,0.0,0,0,0,0,0,0,0,0,1,0,0,0,165.0,71.5,1.4864864864864864,6.0,0,0.2972972972972973,1,0
641,Reuniclus,Regenerator,5,110.0,65.0,75.0,125.0,85.0,30.0,490.0,20.1,1.0,0.5,Multiplying Pokémon,50,20,1059860,70,0,0,0,3,3,Duosion,1.0,0.5,1.0,1.0,1.0,1.0,2.0,2.0,1.0,1.0,1.0,1.0,1.0,0.5,1.0,1.0,2.0,1.0,Overcoat,Magic Guard,0,0,18,120,0.15,0,0,0,0,0,0,0,0,0,0,0,0,0,0,2,0,0,0,1,0,0.0,0,0,0,0,0,0,0,0,1,0,0,0,190.0,176.0,1.1801242236024845,6.0,0,0.32653061224489793,1,0
642,Ducklett,Hydration,5,62.0,44.0,50.0,44.0,50.0,55.0,305.0,5.5,0.5,0.5,Water Bird Pokémon,190,20,1000000,70,0,0,0,1,2,No Preevolution,1.0,0.5,1.0,1.0,0.0,2.0,0.5,1.0,0.5,0.5,0.5,1.0,4.0,1.0,1.0,1.0,1.0,1.0,Keen Eye,Big Pecks,0,0,45,124,0.362903,0,0,0,0,0,0,0,1,0,0,0,0,0,0,0,0,0,1,0,0,0.0,0,0,0,1,0,0,0,0,0,1,0,0,88.0,62.0,0.8712871287128713,6.0,1,0.32786885245901637,1,0
643,Swanna,Hydration,5,75.0,87.0,63.0,87.0,63.0,98.0,473.0,24.2,1.3,0.5,White Bird Pokémon,45,20,1000000,70,0,0,0,2,2,Ducklett,1.0,0.5,1.0,1.0,0.0,2.0,0.5,1.0,0.5,0.5,0.5,1.0,4.0,1.0,1.0,1.0,1.0,1.0,Keen Eye,Big Pecks,0,0,103,119,0.865546,0,0,0,0,0,0,0,1,0,0,0,0,0,0,0,0,0,1,0,0,0.0,0,0,0,1,0,0,0,0,0,1,0,0,174.0,94.5,1.3700787401574803,6.0,1,0.266384778012685,1,0
644,Vanillite,Weak Armor,5,36.0,50.0,50.0,65.0,60.0,44.0,305.0,5.7,0.4,0.5,Fresh Snow Pokémon,255,20,1250000,70,0,0,0,1,3,No Preevolution,1.0,2.0,1.0,1.0,1.0,2.0,1.0,1.0,2.0,2.0,1.0,1.0,1.0,1.0,0.5,1.0,1.0,1.0,Ice Body,Snow Cloak,0,0,18,110,0.163636,0,0,0,0,0,0,0,0,0,0,0,2,0,0,0,0,0,0,0,0,0.0,0,0,0,0,0,0,1,0,1,0,0,0,115.0,39.6,1.0360360360360361,8.0,0,0.36065573770491804,1,0
645,Vanillish,Weak Armor,5,51.0,65.0,65.0,80.0,75.0,59.0,395.0,41.0,1.1,0.5,Icy Snow Pokémon,120,20,1250000,70,0,0,0,2,3,Vanillite,1.0,2.0,1.0,1.0,1.0,2.0,1.0,1.0,2.0,2.0,1.0,1.0,1.0,1.0,0.5,1.0,1.0,1.0,Ice Body,Snow Cloak,0,0,55,126,0.436508,0,0,0,0,0,0,0,0,0,0,0,2,0,0,0,0,0,0,0,0,0.0,0,0,0,0,0,0,1,0,1,0,0,0,145.0,71.4,1.0283687943262412,8.0,0,0.35443037974683544,1,0
646,Vanilluxe,Weak Armor,5,71.0,95.0,85.0,110.0,95.0,79.0,535.0,57.5,1.3,0.5,Snowstorm Pokémon,45,20,1250000,70,0,0,0,3,3,Vanillish,1.0,2.0,1.0,1.0,1.0,2.0,1.0,1.0,2.0,2.0,1.0,1.0,1.0,1.0,0.5,1.0,1.0,1.0,Ice Body,Snow Warning,0,0,83,125,0.664,0,0,0,0,0,0,0,0,0,0,0,2,0,0,0,0,0,0,0,0,0.0,0,0,0,0,0,0,1,0,1,0,0,0,205.0,127.8,1.132596685082873,8.0,0,0.3364485981308411,1,0
647,Deerling,Serene Grace,5,60.0,60.0,50.0,40.0,50.0,75.0,335.0,19.5,0.6,0.5,Season Pokémon,190,20,1000000,70,0,0,0,1,2,No Preevolution,1.0,2.0,2.0,2.0,0.5,1.0,2.0,0.0,1.0,2.0,0.5,0.5,0.5,1.0,2.0,1.0,1.0,1.0,Chlorophyll,Sap Sipper,0,0,70,119,0.588235,0,0,0,0,0,0,0,0,0,1,0,0,1,0,0,0,0,0,0,0,0.0,0,0,1,0,0,0,0,0,1,0,0,0,100.0,60.0,0.9900990099009901,12.0,0,0.29850746268656714,1,0
648,Sawsbuck,Serene Grace,5,80.0,100.0,70.0,60.0,70.0,95.0,475.0,92.5,1.9,0.5,Season Pokémon,75,20,1000000,70,0,0,0,2,2,Deerling Spring Form,1.0,2.0,2.0,2.0,0.5,1.0,2.0,0.0,1.0,2.0,0.5,0.5,0.5,1.0,2.0,1.0,1.0,1.0,Chlorophyll,Sap Sipper,0,0,89,120,0.741667,0,0,0,0,0,0,0,0,0,1,0,0,1,0,0,0,0,0,0,0,0.0,0,0,1,0,0,0,0,0,1,0,0,0,160.0,112.0,1.1347517730496455,12.0,0,0.29473684210526313,1,0
649,Emolga,Motor Drive,5,55.0,75.0,60.0,75.0,60.0,103.0,428.0,5.0,0.4,0.5,Sky Squirrel Pokémon,200,20,1000000,70,0,0,0,1,1,No Preevolution,1.0,0.5,0.5,1.0,0.0,2.0,0.5,1.0,0.5,1.0,1.0,0.5,1.0,1.0,2.0,1.0,1.0,1.0,Static,None,0,0,91,114,0.798246,0,0,0,1,0,0,0,1,0,0,0,0,0,0,0,0,0,0,0,0,0.0,0,0,1,0,0,0,0,0,1,0,0,0,150.0,66.0,1.2396694214876034,4.0,0,0.2803738317757009,1,0
650,Karrablast,No Guard,5,50.0,75.0,45.0,40.0,45.0,60.0,315.0,5.9,0.5,0.5,Clamping Pokémon,200,15,1000000,70,0,0,0,1,2,No Preevolution,1.0,0.5,2.0,1.0,0.5,2.0,1.0,1.0,1.0,2.0,1.0,0.5,1.0,1.0,1.0,1.0,1.0,1.0,Swarm,Shed Skin,0,0,53,121,0.438017,2,0,0,0,0,0,0,0,0,0,0,0,0,0,0,0,0,0,0,1,0.0,0,0,0,0,0,0,0,0,1,0,0,0,115.0,45.0,1.2637362637362637,6.0,0,0.2857142857142857,1,0
651,Escavalier,Overcoat,5,70.0,135.0,105.0,60.0,105.0,20.0,495.0,33.0,1.0,0.5,Cavalry Pokémon,75,15,1000000,70,0,0,0,2,2,Karrablast,0.5,1.0,1.0,0.0,1.0,1.0,0.5,1.0,0.5,4.0,1.0,0.25,1.0,0.5,0.5,0.5,1.0,0.5,Swarm,Shell Armor,0,0,72,124,0.580645,1,0,0,0,0,0,0,0,0,0,0,0,0,0,0,0,1,0,0,1,0.0,0,0,0,0,0,0,0,0,1,0,0,0,195.0,147.0,0.9241706161137441,4.0,1,0.42424242424242425,1,0
652,Foongus,Regenerator,5,69.0,55.0,45.0,55.0,55.0,15.0,294.0,1.0,0.2,0.5,Mushroom Pokémon,190,20,1000000,70,0,0,0,1,2,No Preevolution,1.0,0.5,2.0,1.0,1.0,1.0,1.0,1.0,1.0,2.0,0.5,0.25,0.5,2.0,2.0,1.0,1.0,0.5,Effect Spore,None,0,0,14,120,0.116667,0,0,0,0,0,0,0,0,0,1,0,0,0,1,0,0,0,0,0,0,0.0,0,0,0,0,1,0,0,0,1,0,0,0,110.0,69.0,1.0891089108910892,8.0,0,0.3401360544217687,1,0
653,Amoonguss,Regenerator,5,114.0,85.0,70.0,85.0,80.0,30.0,464.0,10.5,0.6,0.5,Mushroom Pokémon,75,20,1000000,70,0,0,0,2,2,Foongus,1.0,0.5,2.0,1.0,1.0,1.0,1.0,1.0,1.0,2.0,0.5,0.25,0.5,2.0,2.0,1.0,1.0,0.5,Effect Spore,None,0,0,25,121,0.206612,0,0,0,0,0,0,0,0,0,1,0,0,0,1,0,0,0,0,0,0,0.0,0,0,0,0,1,0,0,0,1,0,0,0,170.0,171.0,1.1258278145695364,8.0,0,0.3232758620689655,1,0
654,Frillish,Damp,5,55.0,40.0,50.0,65.0,85.0,40.0,335.0,33.0,1.2,0.5,Floating Pokémon,190,20,1000000,70,0,0,0,1,2,No Preevolution,0.0,0.0,1.0,0.5,1.0,1.0,0.5,2.0,0.5,0.5,0.5,2.0,2.0,1.0,0.5,1.0,2.0,1.0,Water Absorb,Cursed Body,0,0,42,132,0.318182,0,0,0,0,0,0,0,0,1,0,0,0,0,0,0,0,0,1,1,0,0.0,0,0,0,0,0,0,0,0,1,0,0,0,105.0,74.25,0.7720588235294118,8.0,0,0.40298507462686567,1,0
655,Jellicent,Damp,5,100.0,60.0,70.0,85.0,105.0,60.0,480.0,135.0,2.2,0.5,Floating Pokémon,60,20,1000000,70,0,0,0,2,2,Frillish,0.0,0.0,1.0,0.5,1.0,1.0,0.5,2.0,0.5,0.5,0.5,2.0,2.0,1.0,0.5,1.0,2.0,1.0,Water Absorb,Cursed Body,0,0,0,0,0.0,0,0,0,0,0,0,0,0,1,0,0,0,0,0,0,0,0,1,1,0,0.0,0,0,0,0,0,0,0,0,1,0,0,0,145.0,175.0,0.8238636363636364,8.0,0,0.3645833333333333,1,0
656,Alomomola,Regenerator,5,165.0,75.0,80.0,40.0,45.0,65.0,470.0,31.6,1.2,0.5,Caring Pokémon,75,40,800000,70,0,0,0,1,1,No Preevolution,1.0,1.0,1.0,1.0,1.0,1.0,1.0,1.0,0.5,0.5,0.5,2.0,2.0,1.0,0.5,1.0,1.0,1.0,Healer,Hydration,0,0,68,132,0.515152,0,0,0,0,0,0,0,0,0,0,0,0,0,0,0,0,0,2,0,0,0.0,0,0,0,0,0,0,0,0,0,1,1,0,115.0,206.25,0.9126984126984127,4.0,0,0.26595744680851063,1,0
657,Joltik,Swarm,5,50.0,47.0,50.0,57.0,50.0,65.0,319.0,0.6,0.1,0.5,Attaching Pokémon,190,20,1000000,70,0,0,0,1,2,No Preevolution,1.0,0.5,1.0,1.0,1.0,2.0,1.0,1.0,0.5,2.0,1.0,0.5,0.5,1.0,1.0,1.0,1.0,1.0,Compound Eyes,Unnerve,0,0,64,138,0.463768,1,0,0,1,0,0,0,0,0,0,0,0,0,0,0,0,0,0,0,1,0.0,0,0,0,0,0,0,0,0,1,0,0,0,104.0,50.0,1.0297029702970297,4.0,0,0.31347962382445144,1,0
658,Galvantula,Swarm,5,70.0,77.0,60.0,97.0,60.0,108.0,472.0,14.3,0.8,0.5,EleSpider Pokémon,75,20,1000000,70,0,0,0,2,2,Joltik,1.0,0.5,1.0,1.0,1.0,2.0,1.0,1.0,0.5,2.0,1.0,0.5,0.5,1.0,1.0,1.0,1.0,1.0,Compound Eyes,Unnerve,0,0,115,137,0.839416,1,0,0,1,0,0,0,0,0,0,0,0,0,0,0,0,0,0,0,1,0.0,0,0,0,0,0,0,0,0,1,0,0,0,174.0,84.0,1.43801652892562,4.0,0,0.2542372881355932,1,0
659,Ferroseed,None,5,44.0,50.0,91.0,24.0,86.0,10.0,305.0,18.8,0.6,0.5,Thorn Seed Pokémon,255,20,1000000,70,0,0,0,1,2,No Preevolution,0.5,2.0,1.0,0.0,1.0,0.5,1.0,1.0,0.5,4.0,0.5,0.25,0.5,0.5,1.0,0.5,1.0,0.5,Iron Barbs,None,0,0,22,111,0.198198,0,0,0,0,0,0,0,0,0,1,0,0,0,0,0,0,1,0,0,0,0.0,0,0,0,0,1,0,1,0,0,0,0,0,74.0,77.88,0.4157303370786517,6.0,1,0.580327868852459,1,0
660,Ferrothorn,Anticipation,5,74.0,94.0,131.0,54.0,116.0,20.0,489.0,110.0,1.0,0.5,Thorn Pod Pokémon,90,20,1000000,70,0,0,0,2,2,Ferroseed,0.5,2.0,1.0,0.0,1.0,0.5,1.0,1.0,0.5,4.0,0.5,0.25,0.5,0.5,1.0,0.5,1.0,0.5,Iron Barbs,None,0,0,61,136,0.448529,0,0,0,0,0,0,0,0,0,1,0,0,0,0,0,0,1,0,0,0,0.0,0,0,0,0,1,0,1,0,0,0,0,0,148.0,182.78,0.5967741935483871,6.0,1,0.5051124744376279,1,0
661,Klink,Clear Body,5,40.0,55.0,70.0,45.0,60.0,30.0,300.0,21.0,0.3,0.5,Gear Pokémon,130,20,1059860,70,0,0,0,1,3,No Preevolution,0.5,2.0,0.5,0.0,2.0,0.5,0.5,1.0,0.5,2.0,1.0,0.5,1.0,0.5,0.5,0.5,1.0,0.5,Plus,Minus,1,0,12,113,0.106195,0,0,0,0,0,0,0,0,0,0,0,0,0,0,0,0,2,0,0,0,0.0,0,0,0,0,0,0,1,0,1,0,0,0,100.0,52.0,0.7633587786259542,6.0,0,0.43333333333333335,1,0
662,Klang,Clear Body,5,60.0,80.0,95.0,70.0,85.0,50.0,440.0,51.0,0.6,0.5,Gear Pokémon,60,20,1059860,70,0,0,0,2,3,Klink,0.5,2.0,0.5,0.0,2.0,0.5,0.5,1.0,0.5,2.0,1.0,0.5,1.0,0.5,0.5,0.5,1.0,0.5,Plus,Minus,1,0,27,121,0.22314,0,0,0,0,0,0,0,0,0,0,0,0,0,0,0,0,2,0,0,0,0.0,0,0,0,0,0,0,1,0,1,0,0,0,150.0,108.0,0.8287292817679558,6.0,0,0.4090909090909091,1,0
663,Klinklang,Clear Body,5,60.0,100.0,115.0,70.0,85.0,90.0,520.0,81.0,0.6,0.5,Gear Pokémon,30,20,1059860,70,0,0,0,3,3,Klang,0.5,2.0,0.5,0.0,2.0,0.5,0.5,1.0,0.5,2.0,1.0,0.5,1.0,0.5,0.5,0.5,1.0,0.5,Plus,Minus,1,0,99,131,0.755725,0,0,0,0,0,0,0,0,0,0,0,0,0,0,0,0,2,0,0,0,0.0,0,0,0,0,0,0,1,0,1,0,0,0,170.0,120.0,0.845771144278607,6.0,0,0.38461538461538464,1,0
664,Tynamo,None,5,35.0,55.0,40.0,45.0,40.0,60.0,275.0,0.3,0.2,0.5,EleFish Pokémon,190,20,1250000,70,0,0,0,1,3,No Preevolution,1.0,1.0,0.5,1.0,2.0,1.0,1.0,1.0,0.5,1.0,1.0,1.0,0.5,1.0,1.0,1.0,1.0,1.0,Levitate,None,0,0,45,126,0.357143,0,0,0,2,0,0,0,0,0,0,0,0,0,0,0,0,0,0,1,0,0.0,0,0,0,0,0,0,0,0,1,0,0,0,100.0,28.0,1.2345679012345678,2.0,0,0.2909090909090909,1,0
665,Eelektrik,None,5,65.0,85.0,70.0,75.0,70.0,40.0,405.0,22.0,1.2,0.5,EleFish Pokémon,60,20,1250000,70,0,0,0,2,3,Tynamo,1.0,1.0,0.5,1.0,2.0,1.0,1.0,1.0,0.5,1.0,1.0,1.0,0.5,1.0,1.0,1.0,1.0,1.0,Levitate,None,0,0,26,128,0.203125,0,0,0,2,0,0,0,0,0,0,0,0,0,0,0,0,0,0,1,0,0.0,0,0,0,0,0,0,0,0,1,0,0,0,160.0,91.0,1.1347517730496455,2.0,0,0.345679012345679,1,0
666,Eelektross,None,5,85.0,115.0,80.0,105.0,80.0,50.0,515.0,80.5,2.1,0.5,EleFish Pokémon,30,20,1250000,70,0,0,0,3,3,Eelektrik,1.0,1.0,0.5,1.0,2.0,1.0,1.0,1.0,0.5,1.0,1.0,1.0,0.5,1.0,1.0,1.0,1.0,1.0,Levitate,None,0,0,34,111,0.306306,0,0,0,2,0,0,0,0,0,0,0,0,0,0,0,0,0,0,1,0,0.0,0,0,0,0,0,0,0,0,1,0,0,0,220.0,136.0,1.3664596273291925,2.0,0,0.3106796116504854,1,0
667,Elgyem,Analytic,5,55.0,55.0,55.0,85.0,55.0,30.0,335.0,9.0,0.5,0.5,Cerebral Pokémon,255,20,1000000,70,0,0,0,1,2,No Preevolution,1.0,0.5,1.0,1.0,1.0,1.0,2.0,2.0,1.0,1.0,1.0,1.0,1.0,0.5,1.0,1.0,2.0,1.0,Telepathy,Synchronize,0,0,21,159,0.132075,0,0,0,0,0,0,0,0,0,0,0,0,0,0,2,0,0,0,0,0,0.0,0,0,0,0,0,1,0,0,1,0,0,0,140.0,60.5,1.2612612612612613,6.0,0,0.3283582089552239,1,0
668,Beheeyem,Analytic,5,75.0,75.0,75.0,125.0,95.0,40.0,485.0,34.5,1.0,0.5,Cerebral Pokémon,90,20,1000000,70,0,0,0,2,2,Elgyem,1.0,0.5,1.0,1.0,1.0,1.0,2.0,2.0,1.0,1.0,1.0,1.0,1.0,0.5,1.0,1.0,2.0,1.0,Telepathy,Synchronize,0,0,21,134,0.156716,0,0,0,0,0,0,0,0,0,0,0,0,0,0,2,0,0,0,0,0,0.0,0,0,0,0,0,1,0,0,1,0,0,0,200.0,127.5,1.1695906432748537,6.0,0,0.35051546391752575,1,0
669,Litwick,Infiltrator,5,50.0,30.0,55.0,65.0,55.0,20.0,275.0,3.1,0.3,0.5,Candle Pokémon,190,20,1059860,70,0,0,0,1,3,No Preevolution,0.0,0.0,1.0,0.5,2.0,2.0,0.25,2.0,0.5,0.5,2.0,0.5,1.0,1.0,0.5,1.0,2.0,0.5,Flash Fire,Flame Body,0,0,16,117,0.136752,0,0,0,0,0,0,1,0,1,0,0,0,0,0,0,0,0,0,1,0,0.0,0,0,0,0,0,0,0,0,1,0,0,0,95.0,55.0,0.8558558558558559,10.0,0,0.4,1,0
670,Lampent,Infiltrator,5,60.0,40.0,60.0,95.0,60.0,55.0,370.0,13.0,0.6,0.5,Lamp Pokémon,90,20,1059860,70,0,0,0,2,3,Litwick,0.0,0.0,1.0,0.5,2.0,2.0,0.25,2.0,0.5,0.5,2.0,0.5,1.0,1.0,0.5,1.0,2.0,0.5,Flash Fire,Flame Body,0,0,57,135,0.422222,0,0,0,0,0,0,1,0,1,0,0,0,0,0,0,0,0,0,1,0,0.0,0,0,0,0,0,0,0,0,1,0,0,0,135.0,72.0,1.115702479338843,10.0,0,0.32432432432432434,1,0
671,Chandelure,Infiltrator,5,60.0,55.0,90.0,145.0,90.0,80.0,520.0,34.3,1.0,0.5,Luring Pokémon,45,20,1059860,70,0,0,0,3,3,Lampent,0.0,0.0,1.0,0.5,2.0,2.0,0.25,2.0,0.5,0.5,2.0,0.5,1.0,1.0,0.5,1.0,2.0,0.5,Flash Fire,Flame Body,0,0,68,112,0.607143,0,0,0,0,0,0,1,0,1,0,0,0,0,0,0,0,0,0,1,0,0.0,0,0,0,0,0,0,0,0,1,0,0,0,200.0,108.0,1.1049723756906078,10.0,0,0.34615384615384615,1,0
672,Axew,Unnerve,5,46.0,87.0,60.0,30.0,40.0,57.0,320.0,18.0,0.6,0.5,Tusk Pokémon,75,40,1250000,35,0,0,0,1,3,No Preevolution,1.0,1.0,1.0,1.0,1.0,1.0,1.0,1.0,1.0,0.5,0.5,0.5,0.5,1.0,2.0,2.0,1.0,2.0,Rivalry,Mold Breaker,0,0,51,135,0.377778,0,0,2,0,0,0,0,0,0,0,0,0,0,0,0,0,0,0,0,0,0.0,1,0,0,0,0,0,0,1,0,0,0,0,117.0,46.0,1.1584158415841583,6.0,0,0.3125,1,0
673,Fraxure,Unnerve,5,66.0,117.0,70.0,40.0,50.0,67.0,410.0,36.0,1.0,0.5,Axe Jaw Pokémon,60,40,1250000,35,0,0,0,2,3,Axew,1.0,1.0,1.0,1.0,1.0,1.0,1.0,1.0,1.0,0.5,0.5,0.5,0.5,1.0,2.0,2.0,1.0,2.0,Rivalry,Mold Breaker,0,0,59,129,0.457364,0,0,2,0,0,0,0,0,0,0,0,0,0,0,0,0,0,0,0,0,0.0,1,0,0,0,0,0,0,1,0,0,0,0,157.0,79.2,1.2975206611570247,6.0,0,0.2926829268292683,1,0
674,Haxorus,Unnerve,5,76.0,147.0,90.0,60.0,70.0,97.0,540.0,105.5,1.8,0.5,Axe Jaw Pokémon,45,40,1250000,35,0,0,0,3,3,Fraxure,1.0,1.0,1.0,1.0,1.0,1.0,1.0,1.0,1.0,0.5,0.5,0.5,0.5,1.0,2.0,2.0,1.0,2.0,Rivalry,Mold Breaker,0,0,105,127,0.826772,0,0,2,0,0,0,0,0,0,0,0,0,0,0,0,0,0,0,0,0,0.0,1,0,0,0,0,0,0,1,0,0,0,0,207.0,121.6,1.2857142857142858,6.0,0,0.2962962962962963,1,0
675,Cubchoo,Rattled,5,55.0,70.0,40.0,60.0,40.0,40.0,305.0,8.5,0.5,0.5,Chill Pokémon,120,20,1000000,70,0,0,0,1,2,No Preevolution,1.0,2.0,1.0,1.0,1.0,2.0,1.0,1.0,2.0,2.0,1.0,1.0,1.0,1.0,0.5,1.0,1.0,1.0,Snow Cloak,Slush Rush,0,0,31,115,0.269565,0,0,0,0,0,0,0,0,0,0,0,2,0,0,0,0,0,0,0,0,0.0,0,0,1,0,0,0,0,0,1,0,0,0,130.0,44.0,1.6049382716049383,8.0,0,0.26229508196721313,1,0
676,Beartic,Swift Swim,5,95.0,130.0,80.0,70.0,80.0,50.0,505.0,260.0,2.6,0.5,Freezing Pokémon,60,20,1000000,70,0,0,0,2,2,Cubchoo,1.0,2.0,1.0,1.0,1.0,2.0,1.0,1.0,2.0,2.0,1.0,1.0,1.0,1.0,0.5,1.0,1.0,1.0,Snow Cloak,Slush Rush,0,0,48,129,0.372093,0,0,0,0,0,0,0,0,0,0,0,2,0,0,0,0,0,0,0,0,0.0,0,0,1,0,0,0,0,0,1,0,0,0,200.0,152.0,1.2422360248447204,8.0,0,0.31683168316831684,1,0
677,Cryogonal,None,5,80.0,50.0,50.0,95.0,135.0,105.0,515.0,148.0,1.1,0.5,Crystallizing Pokémon,25,25,1000000,70,0,0,0,1,1,No Preevolution,1.0,2.0,1.0,1.0,1.0,2.0,1.0,1.0,2.0,2.0,1.0,1.0,1.0,1.0,0.5,1.0,1.0,1.0,Levitate,None,1,0,119,148,0.804054,0,0,0,0,0,0,0,0,0,0,0,2,0,0,0,0,0,0,0,0,0.0,0,0,0,0,0,0,1,0,1,0,0,0,145.0,148.0,0.7795698924731183,8.0,0,0.3592233009708738,1,0
678,Shelmet,Overcoat,5,50.0,40.0,85.0,40.0,65.0,25.0,305.0,7.7,0.4,0.5,Snail Pokémon,200,15,1000000,70,0,0,0,1,2,No Preevolution,1.0,0.5,2.0,1.0,0.5,2.0,1.0,1.0,1.0,2.0,1.0,0.5,1.0,1.0,1.0,1.0,1.0,1.0,Hydration,Shell Armor,0,0,11,124,0.08871,2,0,0,0,0,0,0,0,0,0,0,0,0,0,0,0,0,0,0,1,0.0,0,0,0,0,0,0,0,0,1,0,0,0,80.0,75.0,0.5298013245033113,6.0,0,0.4918032786885246,1,0
679,Accelgor,Unburden,5,80.0,70.0,40.0,100.0,60.0,145.0,495.0,25.3,0.8,0.5,Shell Out Pokémon,75,15,1000000,70,0,0,0,2,2,Shelmet,1.0,0.5,2.0,1.0,0.5,2.0,1.0,1.0,1.0,2.0,1.0,0.5,1.0,1.0,1.0,1.0,1.0,1.0,Hydration,Sticky Hold,0,0,118,128,0.921875,2,0,0,0,0,0,0,0,0,0,0,0,0,0,0,0,0,0,0,1,0.0,0,0,0,0,0,0,0,0,1,0,0,0,170.0,80.0,1.683168316831683,6.0,0,0.20202020202020202,1,0
680,Stunfisk,Sand Veil,5,109.0,66.0,84.0,81.0,99.0,32.0,471.0,11.0,0.7,0.5,Trap Pokémon,75,20,1000000,70,0,0,0,1,1,No Preevolution,1.0,1.0,0.5,0.5,2.0,0.5,1.0,1.0,0.5,1.0,2.0,2.0,0.0,1.0,2.0,1.0,1.0,1.0,Static,Limber,0,0,29,144,0.201389,0,0,0,1,0,0,0,0,0,0,1,0,0,0,0,0,0,0,1,0,0.0,0,0,0,0,0,0,0,0,0,1,0,0,147.0,199.47,0.7989130434782609,8.0,0,0.3885350318471338,1,0
681,Mienfoo,Reckless,5,45.0,85.0,50.0,55.0,50.0,65.0,350.0,20.0,0.9,0.5,Martial Arts Pokémon,180,25,1059860,70,0,0,0,1,2,No Preevolution,1.0,1.0,2.0,1.0,1.0,0.5,0.5,1.0,1.0,1.0,1.0,1.0,1.0,2.0,1.0,1.0,0.5,2.0,Inner Focus,Regenerator,0,0,66,130,0.507692,0,0,0,0,0,2,0,0,0,0,0,0,0,0,0,0,0,0,0,0,0.0,0,0,1,0,0,1,0,0,0,0,0,0,140.0,45.0,1.386138613861386,6.0,0,0.2857142857142857,1,0
682,Mienshao,Reckless,5,65.0,125.0,60.0,95.0,60.0,105.0,510.0,35.5,1.4,0.5,Martial Arts Pokémon,45,25,1059860,70,0,0,0,2,2,Mienfoo,1.0,1.0,2.0,1.0,1.0,0.5,0.5,1.0,1.0,1.0,1.0,1.0,1.0,2.0,1.0,1.0,0.5,2.0,Inner Focus,Regenerator,0,0,121,131,0.923664,0,0,0,0,0,2,0,0,0,0,0,0,0,0,0,0,0,0,0,0,0.0,0,0,1,0,0,1,0,0,0,0,0,0,220.0,78.0,1.8181818181818181,6.0,0,0.23529411764705882,1,0
683,Druddigon,Mold Breaker,5,77.0,120.0,90.0,60.0,90.0,48.0,485.0,139.0,1.6,0.5,Cave Pokémon,45,30,1000000,70,0,0,0,1,1,No Preevolution,1.0,1.0,1.0,1.0,1.0,1.0,1.0,1.0,1.0,0.5,0.5,0.5,0.5,1.0,2.0,2.0,1.0,2.0,Rough Skin,Sheer Force,0,0,39,140,0.278571,0,0,2,0,0,0,0,0,0,0,0,0,0,0,0,0,0,0,0,0,0.0,1,0,0,0,0,0,0,1,0,0,0,0,180.0,138.6,0.994475138121547,6.0,0,0.3711340206185567,1,0
684,Golett,No Guard,5,59.0,74.0,50.0,35.0,50.0,35.0,303.0,92.0,1.0,0.5,Automaton Pokémon,190,25,1000000,70,0,0,0,1,2,No Preevolution,0.0,0.0,1.0,0.25,1.0,0.5,0.5,2.0,1.0,1.0,2.0,2.0,0.0,1.0,2.0,1.0,2.0,1.0,Iron Fist,Klutz,1,0,40,128,0.3125,0,0,0,0,0,0,0,0,1,0,1,0,0,0,0,0,0,0,0,0,0.0,0,0,0,0,0,0,1,0,1,0,0,0,109.0,59.0,1.0792079207920793,10.0,0,0.33003300330033003,1,0
685,Golurk,No Guard,5,89.0,124.0,80.0,55.0,80.0,55.0,483.0,330.0,2.8,0.5,Automaton Pokémon,90,25,1000000,70,0,0,0,2,2,Golett,0.0,0.0,1.0,0.25,1.0,0.5,0.5,2.0,1.0,1.0,2.0,2.0,0.0,1.0,2.0,1.0,2.0,1.0,Iron Fist,Klutz,1,0,72,126,0.571429,0,0,0,0,0,0,0,0,1,0,1,0,0,0,0,0,0,0,0,0,0.0,0,0,0,0,0,0,1,0,1,0,0,0,179.0,142.4,1.1118012422360248,10.0,0,0.33126293995859213,1,0
686,Pawniard,Pressure,5,45.0,85.0,70.0,40.0,40.0,60.0,340.0,10.2,0.5,0.5,Sharp Blade Pokémon,120,20,1000000,35,0,0,0,1,3,No Preevolution,0.5,4.0,0.5,0.0,2.0,0.5,1.0,0.5,0.5,2.0,1.0,0.5,1.0,0.0,0.5,0.5,0.5,1.0,Defiant,Inner Focus,0,0,57,109,0.522936,0,1,0,0,0,0,0,0,0,0,0,0,0,0,0,0,1,0,0,0,0.0,0,0,0,0,0,1,0,0,1,0,0,0,125.0,49.5,1.1261261261261262,8.0,1,0.3235294117647059,1,0
687,Bisharp,Pressure,5,65.0,125.0,100.0,60.0,70.0,70.0,490.0,70.0,1.6,0.5,Sword Blade Pokémon,45,20,1000000,35,0,0,0,2,3,Pawniard,0.5,4.0,0.5,0.0,2.0,0.5,1.0,0.5,0.5,2.0,1.0,0.5,1.0,0.0,0.5,0.5,0.5,1.0,Defiant,Inner Focus,0,0,86,141,0.609929,0,1,0,0,0,0,0,0,0,0,0,0,0,0,0,0,1,0,0,0,0.0,0,0,0,0,0,1,0,0,1,0,0,0,185.0,110.5,1.0818713450292399,8.0,1,0.3469387755102041,1,0
688,Bouffalant,Soundproof,5,95.0,110.0,95.0,40.0,95.0,55.0,490.0,94.6,1.6,0.5,Bash Buffalo Pokémon,45,20,1000000,70,0,0,0,1,1,No Preevolution,1.0,2.0,1.0,1.0,1.0,1.0,1.0,0.0,1.0,1.0,1.0,1.0,1.0,1.0,1.0,1.0,1.0,1.0,Reckless,Sap Sipper,0,0,48,119,0.403361,0,0,0,0,0,0,0,0,0,0,0,0,2,0,0,0,0,0,0,0,0.0,0,0,1,0,0,0,0,0,1,0,0,0,150.0,180.5,0.7853403141361257,2.0,0,0.3877551020408163,1,0
689,Rufflet,Hustle,5,70.0,83.0,50.0,37.0,50.0,60.0,350.0,10.5,0.5,1.0,Eaglet Pokémon,190,20,1250000,70,0,0,0,1,2,No Preevolution,1.0,1.0,1.0,1.0,0.0,2.0,0.5,0.0,1.0,1.0,1.0,0.5,2.0,1.0,2.0,1.0,1.0,1.0,Keen Eye,Sheer Force,0,0,41,122,0.336066,0,0,0,0,0,0,0,1,0,0,0,0,1,0,0,0,0,0,0,0,0.0,0,0,0,1,0,0,0,0,1,0,0,0,120.0,70.0,1.188118811881188,6.0,0,0.2857142857142857,1,0
690,Braviary,Defiant,5,100.0,123.0,75.0,57.0,75.0,80.0,510.0,41.0,1.5,1.0,Valiant Pokémon,60,20,1250000,70,0,0,0,2,2,Rufflet,1.0,1.0,1.0,1.0,0.0,2.0,0.5,0.0,1.0,1.0,1.0,0.5,2.0,1.0,2.0,1.0,1.0,1.0,Keen Eye,Sheer Force,0,0,108,156,0.692308,0,0,0,0,0,0,0,1,0,0,0,0,1,0,0,0,0,0,0,0,0.0,0,0,0,1,0,0,0,0,1,0,0,0,180.0,150.0,1.1920529801324504,6.0,0,0.29411764705882354,1,0
691,Vullaby,Weak Armor,5,70.0,55.0,75.0,45.0,65.0,60.0,370.0,9.0,0.5,0.0,Diapered Pokémon,190,20,1250000,35,0,0,0,1,2,No Preevolution,1.0,1.0,1.0,1.0,0.0,2.0,1.0,0.5,1.0,1.0,1.0,0.5,2.0,0.0,2.0,1.0,0.5,2.0,Big Pecks,Overcoat,0,0,56,122,0.459016,0,1,0,0,0,0,0,1,0,0,0,0,0,0,0,0,0,0,0,0,0.0,0,0,0,1,0,0,0,0,1,0,0,0,100.0,98.0,0.7092198581560284,8.0,0,0.3783783783783784,1,0
692,Mandibuzz,Weak Armor,5,110.0,65.0,105.0,55.0,95.0,80.0,510.0,39.5,1.2,0.0,Bone Vulture Pokémon,60,20,1250000,35,0,0,0,2,2,Vullaby,1.0,1.0,1.0,1.0,0.0,2.0,1.0,0.5,1.0,1.0,1.0,0.5,2.0,0.0,2.0,1.0,0.5,2.0,Big Pecks,Overcoat,0,0,92,147,0.62585,0,1,0,0,0,0,0,1,0,0,0,0,0,0,0,0,0,0,0,0,0.0,0,0,0,1,0,0,0,0,1,0,0,0,120.0,220.0,0.5970149253731343,8.0,0,0.39215686274509803,1,0
693,Heatmor,White Smoke,5,85.0,97.0,66.0,105.0,66.0,65.0,484.0,58.0,1.4,0.5,Anteater Pokémon,90,20,1000000,70,0,0,0,1,1,No Preevolution,1.0,1.0,1.0,1.0,2.0,2.0,0.5,1.0,0.5,0.5,2.0,0.5,1.0,1.0,0.5,1.0,1.0,0.5,Gluttony,Flash Fire,0,0,57,121,0.471074,0,0,0,0,0,0,2,0,0,0,0,0,0,0,0,0,0,0,0,0,0.0,0,0,1,0,0,0,0,0,1,0,0,0,202.0,112.2,1.518796992481203,6.0,0,0.2727272727272727,1,0
694,Durant,Truant,5,58.0,109.0,112.0,48.0,48.0,109.0,484.0,33.0,0.3,0.5,Iron Ant Pokémon,90,20,1000000,70,0,0,0,1,1,No Preevolution,0.5,1.0,1.0,0.0,1.0,1.0,0.5,1.0,0.5,4.0,1.0,0.25,1.0,0.5,0.5,0.5,1.0,0.5,Swarm,Hustle,0,0,118,134,0.880597,1,0,0,0,0,0,0,0,0,0,0,0,0,0,0,0,1,0,0,1,0.0,0,0,0,0,0,0,0,0,1,0,0,0,157.0,92.8,0.9751552795031055,4.0,1,0.3305785123966942,1,0
695,Deino,None,5,52.0,65.0,50.0,45.0,50.0,38.0,300.0,17.3,0.8,0.5,Irate Pokémon,45,40,1250000,35,0,0,0,1,3,No Preevolution,1.0,2.0,1.0,1.0,1.0,1.0,2.0,0.5,1.0,0.5,0.5,0.5,0.5,0.0,2.0,2.0,0.5,4.0,Hustle,None,0,0,34,124,0.274194,0,1,1,0,0,0,0,0,0,0,0,0,0,0,0,0,0,0,0,0,0.0,1,0,0,0,0,0,0,0,1,0,0,0,110.0,52.0,1.0891089108910892,12.0,1,0.3333333333333333,1,0
696,Zweilous,None,5,72.0,85.0,70.0,65.0,70.0,58.0,420.0,50.0,1.4,0.5,Hostile Pokémon,45,40,1250000,35,0,0,0,2,3,Deino,1.0,2.0,1.0,1.0,1.0,1.0,2.0,0.5,1.0,0.5,0.5,0.5,0.5,0.0,2.0,2.0,0.5,4.0,Hustle,None,0,0,57,138,0.413043,0,1,1,0,0,0,0,0,0,0,0,0,0,0,0,0,0,0,0,0,0.0,1,0,0,0,0,0,0,0,1,0,0,0,150.0,100.8,1.0638297872340425,12.0,1,0.3333333333333333,1,0
697,Hydreigon,None,5,92.0,105.0,90.0,125.0,90.0,98.0,600.0,160.0,1.8,0.5,Brutal Pokémon,45,40,1250000,35,0,0,0,3,3,Zweilous,1.0,2.0,1.0,1.0,1.0,1.0,2.0,0.5,1.0,0.5,0.5,0.5,0.5,0.0,2.0,2.0,0.5,4.0,Levitate,None,0,0,106,129,0.821705,0,1,1,0,0,0,0,0,0,0,0,0,0,0,0,0,0,0,0,0,0.0,1,0,0,0,0,0,0,0,1,0,0,0,230.0,165.6,1.270718232044199,12.0,1,0.3,1,0
698,Larvesta,Swarm,5,55.0,85.0,55.0,50.0,55.0,60.0,360.0,28.8,1.1,0.5,Torch Pokémon,45,40,1250000,70,0,0,0,1,2,No Preevolution,1.0,0.5,2.0,1.0,1.0,4.0,0.5,1.0,0.5,1.0,2.0,0.25,1.0,1.0,0.5,1.0,1.0,0.5,Flame Body,None,0,0,58,137,0.423358,1,0,0,0,0,0,1,0,0,0,0,0,0,0,0,0,0,0,0,1,0.0,0,0,0,0,0,0,0,0,1,0,0,0,135.0,60.5,1.2162162162162162,8.0,1,0.3055555555555556,1,0
699,Volcarona,Swarm,5,85.0,60.0,65.0,135.0,105.0,100.0,550.0,46.0,1.6,0.5,Sun Pokémon,15,40,1250000,70,0,0,0,2,2,Larvesta,1.0,0.5,2.0,1.0,1.0,4.0,0.5,1.0,0.5,1.0,2.0,0.25,1.0,1.0,0.5,1.0,1.0,0.5,Flame Body,None,0,0,103,137,0.751825,1,0,0,0,0,0,1,0,0,0,0,0,0,0,0,0,0,0,0,1,0.0,0,0,0,0,0,0,0,0,1,0,0,0,195.0,144.5,1.1403508771929824,8.0,1,0.3090909090909091,1,0
700,Cobalion,None,5,91.0,90.0,129.0,90.0,72.0,108.0,580.0,250.0,2.1,0.5,Iron Will Pokémon,3,80,1250000,35,1,0,0,1,1,No Preevolution,0.5,2.0,1.0,0.0,2.0,0.25,0.25,1.0,0.5,2.0,1.0,0.5,1.0,1.0,0.5,0.5,0.5,1.0,Justified,None,1,0,117,128,0.914062,0,0,0,0,0,1,0,0,0,0,0,0,0,0,0,0,1,0,0,0,0.0,0,0,0,0,0,0,0,0,2,0,0,0,180.0,182.91,0.8910891089108911,6.0,0,0.34655172413793106,1,1
701,Terrakion,None,5,91.0,129.0,90.0,72.0,90.0,108.0,580.0,260.0,1.9,0.5,Cavern Pokémon,3,80,1250000,35,1,0,0,1,1,No Preevolution,0.5,2.0,1.0,0.5,2.0,0.5,0.5,1.0,2.0,0.5,2.0,2.0,1.0,2.0,1.0,1.0,0.5,2.0,Justified,None,1,0,105,123,0.853659,0,0,0,0,0,1,0,0,0,0,0,0,0,0,0,1,0,0,0,0,0.0,0,0,0,0,0,0,0,0,2,0,0,0,201.0,163.8,1.1104972375690607,14.0,0,0.3103448275862069,1,1
702,Virizion,None,5,91.0,90.0,72.0,90.0,129.0,108.0,580.0,200.0,2.0,0.5,Grassland Pokémon,3,80,1250000,35,1,0,0,1,1,No Preevolution,1.0,1.0,4.0,2.0,0.5,0.5,1.0,1.0,1.0,2.0,0.5,0.5,0.5,2.0,2.0,1.0,0.5,2.0,Justified,None,1,0,112,125,0.896,0,0,0,0,0,1,0,0,0,1,0,0,0,0,0,0,0,0,0,0,0.0,0,0,0,0,0,0,0,0,2,0,0,0,180.0,182.91,0.8910891089108911,14.0,1,0.34655172413793106,1,1
703,Tornadus Incarnate Forme,Defiant,5,79.0,115.0,70.0,125.0,80.0,111.0,580.0,63.0,1.5,1.0,Cyclone Pokémon,3,120,1250000,90,1,0,0,1,1,No Preevolution,1.0,0.5,1.0,1.0,0.0,2.0,0.5,1.0,1.0,1.0,1.0,0.5,2.0,1.0,2.0,1.0,1.0,1.0,Prankster,None,0,0,94,111,0.846847,0,0,0,0,0,0,0,2,0,0,0,0,0,0,0,0,0,0,0,0,0.0,0,0,0,0,0,0,0,0,2,0,0,0,240.0,118.5,1.5894039735099337,6.0,0,0.25862068965517243,1,1
704,Tornadus Therian Forme,None,5,79.0,100.0,80.0,110.0,90.0,121.0,580.0,63.0,1.5,1.0,Cyclone Pokémon,3,120,1250000,90,1,0,0,1,1,No Preevolution,1.0,0.5,1.0,1.0,0.0,2.0,0.5,1.0,1.0,1.0,1.0,0.5,2.0,1.0,2.0,1.0,1.0,1.0,Regenerator,None,0,0,121,125,0.968,0,0,0,0,0,0,0,2,0,0,0,0,0,0,0,0,0,0,0,0,0.0,0,0,0,0,0,0,0,0,2,0,0,0,210.0,134.3,1.2280701754385965,6.0,0,0.29310344827586204,1,1
705,Thundurus Incarnate Forme,Defiant,5,79.0,115.0,70.0,125.0,80.0,111.0,580.0,61.0,1.5,1.0,Bolt Strike Pokémon,3,120,1250000,90,1,0,0,1,1,No Preevolution,1.0,0.5,0.5,1.0,0.0,2.0,0.5,1.0,0.5,1.0,1.0,0.5,1.0,1.0,2.0,1.0,1.0,1.0,Prankster,None,0,0,108,125,0.864,0,0,0,1,0,0,0,1,0,0,0,0,0,0,0,0,0,0,0,0,0.0,0,0,0,0,0,0,0,0,2,0,0,0,240.0,118.5,1.5894039735099337,4.0,0,0.25862068965517243,1,1
706,Thundurus Therian Forme,None,5,79.0,105.0,70.0,145.0,80.0,101.0,580.0,61.0,1.5,1.0,Bolt Strike Pokémon,3,120,1250000,90,1,0,0,1,1,No Preevolution,1.0,0.5,0.5,1.0,0.0,2.0,0.5,1.0,0.5,1.0,1.0,0.5,1.0,1.0,2.0,1.0,1.0,1.0,Volt Absorb,None,0,0,99,115,0.86087,0,0,0,1,0,0,0,1,0,0,0,0,0,0,0,0,0,0,0,0,0.0,0,0,0,0,0,0,0,0,2,0,0,0,250.0,118.5,1.6556291390728477,4.0,0,0.25862068965517243,1,1
707,Reshiram,None,5,100.0,120.0,100.0,150.0,120.0,90.0,680.0,330.0,3.2,0.5,Vast White Pokémon,3,120,1250000,0,1,0,0,1,1,No Preevolution,1.0,1.0,1.0,1.0,2.0,2.0,0.5,1.0,0.5,0.25,1.0,0.25,0.5,1.0,1.0,2.0,1.0,1.0,Turboblaze,None,1,0,91,125,0.728,0,0,1,0,0,0,1,0,0,0,0,0,0,0,0,0,0,0,0,0,0.0,0,0,0,0,0,0,0,0,2,0,0,0,270.0,220.0,1.2217194570135748,6.0,0,0.3235294117647059,1,1
708,Zekrom,None,5,100.0,150.0,120.0,120.0,100.0,90.0,680.0,345.0,2.9,0.5,Deep Black Pokémon,3,120,1250000,0,1,0,0,1,1,No Preevolution,1.0,1.0,0.5,1.0,2.0,1.0,1.0,1.0,0.5,0.5,0.5,0.5,0.25,1.0,2.0,2.0,1.0,2.0,Teravolt,None,1,0,100,154,0.649351,0,0,1,1,0,0,0,0,0,0,0,0,0,0,0,0,0,0,0,0,0.0,0,0,0,0,0,0,0,0,2,0,0,0,270.0,220.0,1.2217194570135748,8.0,0,0.3235294117647059,1,1
709,Landorus Incarnate Forme,Sheer Force,5,89.0,125.0,90.0,115.0,80.0,101.0,600.0,68.0,1.5,1.0,Abundance Pokémon,3,120,1250000,90,1,0,0,1,1,No Preevolution,1.0,0.5,1.0,0.5,0.0,1.0,0.5,1.0,1.0,1.0,2.0,1.0,0.0,1.0,4.0,1.0,1.0,1.0,Sand Force,None,0,0,89,102,0.872549,0,0,0,0,0,0,0,1,0,0,1,0,0,0,0,0,0,0,0,0,0.0,0,0,0,0,0,0,0,0,2,0,0,0,240.0,151.3,1.4035087719298245,6.0,1,0.2833333333333333,1,1
710,Landorus Therian Forme,None,5,89.0,145.0,90.0,105.0,80.0,91.0,600.0,68.0,1.5,1.0,Abundance Pokémon,3,120,1250000,90,1,0,0,1,1,No Preevolution,1.0,0.5,1.0,0.5,0.0,1.0,0.5,1.0,1.0,1.0,2.0,1.0,0.0,1.0,4.0,1.0,1.0,1.0,Intimidate,None,0,0,112,131,0.854962,0,0,0,0,0,0,0,1,0,0,1,0,0,0,0,0,0,0,0,0,0.0,0,0,0,0,0,0,0,0,2,0,0,0,250.0,151.3,1.4619883040935673,6.0,1,0.2833333333333333,1,1
711,Kyurem,None,5,125.0,130.0,90.0,130.0,90.0,95.0,660.0,325.0,3.0,0.5,Boundary Pokémon,3,120,1250000,0,1,0,0,1,1,No Preevolution,1.0,2.0,1.0,1.0,1.0,2.0,1.0,1.0,2.0,1.0,0.5,0.5,0.5,1.0,1.0,2.0,1.0,2.0,Pressure,None,1,0,99,128,0.773438,0,0,1,0,0,0,0,0,0,0,0,1,0,0,0,0,0,0,0,0,0.0,0,0,0,0,0,0,0,0,2,0,0,0,260.0,225.0,1.4364640883977902,10.0,0,0.2727272727272727,1,1
712,Kyurem Black Kyurem,None,5,125.0,170.0,100.0,120.0,90.0,95.0,700.0,325.0,3.0,0.5,Boundary Pokémon,3,120,1250000,0,1,0,0,1,1,No Preevolution,1.0,2.0,1.0,1.0,1.0,2.0,1.0,1.0,2.0,1.0,0.5,0.5,0.5,1.0,1.0,2.0,1.0,2.0,Teravolt,None,1,0,77,100,0.77,0,0,1,0,0,0,0,0,0,0,0,1,0,0,0,0,0,0,0,0,0.0,0,0,0,0,0,0,0,0,2,0,0,0,290.0,237.5,1.5183246073298429,10.0,0,0.2714285714285714,1,1
713,Kyurem White Kyurem,None,5,125.0,120.0,90.0,170.0,100.0,95.0,700.0,325.0,3.0,0.5,Boundary Pokémon,3,120,1250000,0,1,0,0,1,1,No Preevolution,1.0,2.0,1.0,1.0,1.0,2.0,1.0,1.0,2.0,1.0,0.5,0.5,0.5,1.0,1.0,2.0,1.0,2.0,Turboblaze,None,1,0,100,128,0.78125,0,0,1,0,0,0,0,0,0,0,0,1,0,0,0,0,0,0,0,0,0.0,0,0,0,0,0,0,0,0,2,0,0,0,290.0,237.5,1.5183246073298429,10.0,0,0.2714285714285714,1,1
714,Keldeo Ordinary Forme,None,5,91.0,72.0,90.0,129.0,90.0,108.0,580.0,48.5,1.4,0.5,Colt Pokémon,3,80,1250000,35,0,1,0,1,1,No Preevolution,1.0,1.0,2.0,1.0,1.0,0.5,0.5,1.0,0.5,0.5,0.5,2.0,2.0,2.0,0.5,1.0,0.5,2.0,Justified,None,1,0,100,116,0.862069,0,0,0,0,0,1,0,0,0,0,0,0,0,0,0,0,0,1,0,0,0.0,0,0,0,0,0,0,0,0,2,0,0,0,201.0,163.8,1.1104972375690607,10.0,0,0.3103448275862069,1,1
715,Keldeo Resolute Forme,None,5,91.0,72.0,90.0,129.0,90.0,108.0,580.0,48.5,1.4,0.5,Colt Pokémon,3,80,1250000,35,0,1,0,1,1,No Preevolution,1.0,1.0,2.0,1.0,1.0,0.5,0.5,1.0,0.5,0.5,0.5,2.0,2.0,2.0,0.5,1.0,0.5,2.0,Justified,None,1,0,108,121,0.892562,0,0,0,0,0,1,0,0,0,0,0,0,0,0,0,0,0,1,0,0,0.0,0,0,0,0,0,0,0,0,2,0,0,0,201.0,163.8,1.1104972375690607,10.0,0,0.3103448275862069,1,1
716,Meloetta Aria Forme,None,5,100.0,77.0,77.0,128.0,128.0,90.0,600.0,6.5,0.6,0.5,Melody Pokémon,3,120,1250000,100,0,1,0,1,1,No Preevolution,1.0,1.0,1.0,1.0,1.0,1.0,2.0,0.0,1.0,1.0,1.0,1.0,1.0,0.5,1.0,1.0,2.0,1.0,Serene Grace,None,1,0,98,142,0.690141,0,0,0,0,0,0,0,0,0,0,0,0,1,0,1,0,0,0,0,0,0.0,0,0,0,0,0,0,0,0,2,0,0,0,205.0,205.0,0.9951456310679612,4.0,0,0.3416666666666667,1,1
717,Meloetta Pirouette Forme,None,5,100.0,128.0,90.0,77.0,77.0,128.0,600.0,6.5,0.6,0.5,Melody Pokémon,3,120,1250000,100,0,1,0,1,1,No Preevolution,1.0,2.0,2.0,1.0,1.0,0.5,0.5,0.0,1.0,1.0,1.0,1.0,1.0,2.0,1.0,1.0,0.5,2.0,Serene Grace,None,1,0,118,123,0.95935,0,0,0,0,0,1,0,0,0,0,0,0,1,0,0,0,0,0,0,0,0.0,0,0,0,0,0,0,0,0,2,0,0,0,205.0,167.0,1.2202380952380953,8.0,0,0.2783333333333333,1,1
718,Genesect,None,5,71.0,120.0,95.0,120.0,95.0,99.0,600.0,82.5,1.5,0.5,Paleozoic Pokémon,3,120,1250000,0,0,1,0,1,1,No Preevolution,0.5,1.0,1.0,0.0,1.0,1.0,0.5,1.0,0.5,4.0,1.0,0.25,1.0,0.5,0.5,0.5,1.0,0.5,Download,None,1,0,105,128,0.820312,1,0,0,0,0,0,0,0,0,0,0,0,0,0,0,0,1,0,0,0,0.0,0,0,0,0,0,0,0,0,2,0,0,0,240.0,134.9,1.256544502617801,4.0,1,0.31666666666666665,1,1
719,Chespin,Bulletproof,6,56.0,61.0,65.0,48.0,45.0,38.0,313.0,9.0,0.4,0.875,Spiny Nut Pokémon,45,20,1059860,70,0,0,0,1,3,No Preevolution,1.0,1.0,2.0,2.0,0.5,1.0,2.0,1.0,1.0,2.0,0.5,0.5,0.5,1.0,2.0,1.0,1.0,1.0,Overgrow,None,0,0,26,148,0.175676,0,0,0,0,0,0,0,0,0,2,0,0,0,0,0,0,0,0,0,0,0.0,0,0,1,0,0,0,0,0,1,0,0,0,109.0,61.6,0.9819819819819819,10.0,0,0.3514376996805112,1,0
720,Quilladin,Bulletproof,6,61.0,78.0,95.0,56.0,58.0,57.0,405.0,29.0,0.7,0.875,Spiny Armor Pokémon,45,20,1059860,70,0,0,0,2,3,Chespin,1.0,1.0,2.0,2.0,0.5,1.0,2.0,1.0,1.0,2.0,0.5,0.5,0.5,1.0,2.0,1.0,1.0,1.0,Overgrow,None,0,0,48,119,0.403361,0,0,0,0,0,0,0,0,0,2,0,0,0,0,0,0,0,0,0,0,0.0,0,0,1,0,0,0,0,0,1,0,0,0,134.0,93.33,0.8701298701298701,10.0,0,0.37777777777777777,1,0
721,Chesnaught,Bulletproof,6,88.0,107.0,122.0,74.0,75.0,64.0,530.0,90.0,1.6,0.875,Spiny Armor Pokémon,45,20,1059860,70,0,0,0,3,3,Quilladin,1.0,1.0,4.0,2.0,0.5,0.5,1.0,1.0,1.0,2.0,0.5,0.5,0.5,2.0,2.0,1.0,0.5,2.0,Overgrow,None,0,0,57,124,0.459677,0,0,0,0,0,1,0,0,0,1,0,0,0,0,0,0,0,0,0,0,0.0,0,0,1,0,0,0,0,0,1,0,0,0,181.0,173.36,0.9141414141414141,14.0,1,0.37169811320754714,1,0
722,Fennekin,Magician,6,40.0,45.0,40.0,62.0,60.0,60.0,307.0,9.4,0.4,0.875,Fox Pokémon,45,20,1059860,70,0,0,0,1,3,No Preevolution,1.0,1.0,1.0,1.0,2.0,2.0,0.5,1.0,0.5,0.5,2.0,0.5,1.0,1.0,0.5,1.0,1.0,0.5,Blaze,None,0,0,41,121,0.338843,0,0,0,0,0,0,2,0,0,0,0,0,0,0,0,0,0,0,0,0,0.0,0,0,1,0,0,0,0,0,1,0,0,0,107.0,40.0,1.0594059405940595,6.0,0,0.3257328990228013,1,0
723,Braixen,Magician,6,59.0,59.0,58.0,90.0,70.0,73.0,409.0,14.5,1.0,0.875,Fox Pokémon,45,20,1059860,70,0,0,0,2,3,Fennekin,1.0,1.0,1.0,1.0,2.0,2.0,0.5,1.0,0.5,0.5,2.0,0.5,1.0,1.0,0.5,1.0,1.0,0.5,Blaze,None,0,0,67,115,0.582609,0,0,0,0,0,0,2,0,0,0,0,0,0,0,0,0,0,0,0,0,0.0,0,0,1,0,0,0,0,0,1,0,0,0,149.0,75.52,1.1550387596899225,6.0,0,0.31295843520782396,1,0
724,Delphox,Magician,6,75.0,69.0,72.0,114.0,100.0,104.0,534.0,39.0,1.5,0.875,Fox Pokémon,45,20,1059860,70,0,0,0,3,3,Braixen,1.0,0.5,1.0,1.0,2.0,2.0,1.0,2.0,0.5,0.5,2.0,0.5,1.0,0.5,0.5,1.0,2.0,0.5,Blaze,None,0,0,104,126,0.825397,0,0,0,0,0,0,1,0,0,0,0,0,0,0,1,0,0,0,0,0,0.0,0,0,1,0,0,0,0,0,1,0,0,0,183.0,129.0,1.0578034682080926,10.0,0,0.32209737827715357,1,0
725,Froakie,Protean,6,41.0,56.0,40.0,62.0,44.0,71.0,314.0,7.0,0.3,0.875,Bubble Frog Pokémon,45,20,1059860,70,0,0,0,1,3,No Preevolution,1.0,1.0,1.0,1.0,1.0,1.0,1.0,1.0,0.5,0.5,0.5,2.0,2.0,1.0,0.5,1.0,1.0,1.0,Torrent,None,0,0,71,125,0.568,0,0,0,0,0,0,0,0,0,0,0,0,0,0,0,0,0,2,0,0,0.0,0,0,0,0,0,0,0,0,1,1,0,0,118.0,34.44,1.388235294117647,4.0,0,0.267515923566879,1,0
726,Frogadier,Protean,6,54.0,63.0,52.0,83.0,56.0,97.0,405.0,10.9,0.6,0.875,Bubble Frog Pokémon,45,20,1059860,70,0,0,0,2,3,Froakie,1.0,1.0,1.0,1.0,1.0,1.0,1.0,1.0,0.5,0.5,0.5,2.0,2.0,1.0,0.5,1.0,1.0,1.0,Torrent,None,0,0,107,139,0.769784,0,0,0,0,0,0,0,0,0,0,0,0,0,0,0,0,0,2,0,0,0.0,0,0,0,0,0,0,0,0,1,1,0,0,146.0,58.32,1.3394495412844036,4.0,0,0.26666666666666666,1,0
727,Greninja,Protean,6,72.0,95.0,67.0,103.0,71.0,122.0,530.0,40.0,1.5,0.875,Ninja Pokémon,45,20,1059860,70,0,0,0,3,3,Frogadier,1.0,2.0,1.0,1.0,1.0,1.0,2.0,0.5,0.5,0.5,0.5,2.0,2.0,0.0,0.5,1.0,0.5,2.0,Torrent,None,0,0,122,127,0.96063,0,1,0,0,0,0,0,0,0,0,0,0,0,0,0,0,0,1,0,0,0.0,0,0,0,0,0,0,0,0,1,1,0,0,198.0,99.36,1.4244604316546763,10.0,0,0.26037735849056604,1,0
728,Bunnelby,Huge Power,6,38.0,36.0,38.0,32.0,36.0,57.0,237.0,5.0,0.4,0.5,Digging Pokémon,255,15,1000000,70,0,0,0,1,2,No Preevolution,1.0,2.0,1.0,1.0,1.0,1.0,1.0,0.0,1.0,1.0,1.0,1.0,1.0,1.0,1.0,1.0,1.0,1.0,Pickup,Cheek Pouch,0,0,44,113,0.389381,0,0,0,0,0,0,0,0,0,0,0,0,2,0,0,0,0,0,0,0,0.0,0,0,1,0,0,0,0,0,1,0,0,0,68.0,28.12,0.9066666666666666,2.0,0,0.31223628691983124,1,0
729,Diggersby,Huge Power,6,85.0,56.0,77.0,50.0,77.0,78.0,423.0,42.4,1.0,0.5,Digging Pokémon,127,15,1000000,70,0,0,0,2,2,Bunnelby,1.0,2.0,1.0,0.5,1.0,0.5,1.0,0.0,1.0,1.0,2.0,2.0,0.0,1.0,2.0,1.0,1.0,1.0,Pickup,Cheek Pouch,0,0,68,128,0.53125,0,0,0,0,0,0,0,0,0,0,1,0,1,0,0,0,0,0,0,0,0.0,0,0,1,0,0,0,0,0,1,0,0,0,106.0,130.9,0.6838709677419355,8.0,0,0.3640661938534279,1,0
730,Fletchling,Gale Wings,6,45.0,50.0,43.0,40.0,38.0,62.0,278.0,1.7,0.3,0.5,Tiny Robin Pokémon,255,15,1059860,70,0,0,0,1,3,No Preevolution,1.0,1.0,1.0,1.0,0.0,2.0,0.5,0.0,1.0,1.0,1.0,0.5,2.0,1.0,2.0,1.0,1.0,1.0,Big Pecks,None,0,0,55,136,0.404412,0,0,0,0,0,0,0,1,0,0,0,0,1,0,0,0,0,0,0,0,0.0,0,0,0,1,0,0,0,0,1,0,0,0,90.0,36.45,1.0975609756097562,6.0,0,0.29136690647482016,1,0
731,Fletchinder,Gale Wings,6,62.0,73.0,55.0,56.0,52.0,84.0,382.0,16.0,0.7,0.5,Ember Pokémon,120,15,1059860,70,0,0,0,2,3,Fletchling,1.0,0.5,1.0,1.0,0.0,4.0,0.25,1.0,0.5,0.5,2.0,0.25,2.0,1.0,1.0,1.0,1.0,0.5,Flame Body,None,0,0,92,127,0.724409,0,0,0,0,0,0,1,1,0,0,0,0,0,0,0,0,0,0,0,0,0.0,0,0,0,1,0,0,0,0,1,0,0,0,129.0,66.34,1.1944444444444444,8.0,1,0.2801047120418848,1,0
732,Talonflame,Gale Wings,6,78.0,81.0,71.0,74.0,69.0,126.0,499.0,24.5,1.2,0.5,Scorching Pokémon,45,15,1059860,70,0,0,0,3,3,Fletchinder,1.0,0.5,1.0,1.0,0.0,4.0,0.25,1.0,0.5,0.5,2.0,0.25,2.0,1.0,1.0,1.0,1.0,0.5,Flame Body,None,0,0,120,132,0.909091,0,0,0,0,0,0,1,1,0,0,0,0,0,0,0,0,0,0,0,0,0.0,0,0,0,1,0,0,0,0,1,0,0,0,155.0,109.2,1.099290780141844,8.0,1,0.280561122244489,1,0
733,Scatterbug,Friend Guard,6,38.0,35.0,40.0,27.0,25.0,35.0,200.0,2.5,0.3,0.5,Scatterdust Pokémon,255,15,1000000,70,0,0,0,1,3,No Preevolution,1.0,0.5,2.0,1.0,0.5,2.0,1.0,1.0,1.0,2.0,1.0,0.5,1.0,1.0,1.0,1.0,1.0,1.0,Shield Dust,Compound Eyes,0,0,11,134,0.08209,2,0,0,0,0,0,0,0,0,0,0,0,0,0,0,0,0,0,0,1,0.0,0,0,0,0,0,0,0,0,1,0,0,0,62.0,24.7,0.9393939393939394,6.0,0,0.325,1,0
734,Spewpa,Friend Guard,6,45.0,22.0,60.0,27.0,30.0,29.0,213.0,8.4,0.3,0.5,Scatterdust Pokémon,120,15,1000000,70,0,0,0,2,3,Scatterbug,1.0,0.5,2.0,1.0,0.5,2.0,1.0,1.0,1.0,2.0,1.0,0.5,1.0,1.0,1.0,1.0,1.0,1.0,Shed Skin,None,0,0,10,133,0.075188,2,0,0,0,0,0,0,0,0,0,0,0,0,0,0,0,0,0,0,1,0.0,0,0,0,0,0,0,0,0,1,0,0,0,49.0,40.5,0.5384615384615384,6.0,0,0.4225352112676056,1,0
735,Vivillon,Friend Guard,6,80.0,52.0,50.0,90.0,50.0,89.0,411.0,17.0,1.2,0.5,Scale Pokémon,45,15,1000000,70,0,0,0,3,3,Spewpa,1.0,0.25,2.0,1.0,0.0,4.0,0.5,1.0,1.0,2.0,1.0,0.25,2.0,1.0,2.0,1.0,1.0,1.0,Shield Dust,Compound Eyes,0,0,80,120,0.666667,1,0,0,0,0,0,0,1,0,0,0,0,0,0,0,0,0,0,0,1,0.0,0,0,0,0,0,0,0,0,1,0,0,0,142.0,80.0,1.4059405940594059,12.0,1,0.24330900243309003,1,0
736,Litleo,Moxie,6,62.0,50.0,58.0,73.0,54.0,72.0,369.0,13.5,0.6,0.125,Lion Cub Pokémon,220,20,1059860,70,0,0,0,1,2,No Preevolution,1.0,2.0,1.0,1.0,2.0,2.0,0.5,0.0,0.5,0.5,2.0,0.5,1.0,1.0,0.5,1.0,1.0,0.5,Rivalry,Unnerve,0,0,55,124,0.443548,0,0,0,0,0,0,1,0,0,0,0,0,1,0,0,0,0,0,0,0,0.0,0,0,1,0,0,0,0,0,1,0,0,0,123.0,69.44,1.0884955752212389,8.0,0,0.3035230352303523,1,0
737,Pyroar,Moxie,6,86.0,68.0,72.0,109.0,66.0,106.0,507.0,81.5,1.5,0.125,Royal Pokémon,65,20,1059860,70,0,0,0,2,2,Litleo,1.0,2.0,1.0,1.0,2.0,2.0,0.5,0.0,0.5,0.5,2.0,0.5,1.0,1.0,0.5,1.0,1.0,0.5,Rivalry,Unnerve,0,0,98,121,0.809917,0,0,0,0,0,0,1,0,0,0,0,0,1,0,0,0,0,0,0,0,0.0,0,0,1,0,0,0,0,0,1,0,0,0,177.0,118.68,1.2733812949640289,8.0,0,0.27218934911242604,1,0
738,Flabébé,Symbiosis,6,44.0,38.0,39.0,61.0,79.0,42.0,303.0,0.1,0.1,0.0,Single Bloom Pokémon,225,20,1000000,70,0,0,0,1,3,No Preevolution,1.0,0.5,1.0,2.0,1.0,1.0,0.5,1.0,2.0,1.0,1.0,1.0,1.0,1.0,1.0,0.0,0.5,1.0,Flower Veil,None,0,0,34,151,0.225166,0,0,0,0,2,0,0,0,0,0,0,0,0,0,0,0,0,0,0,0,0.0,0,1,0,0,0,0,0,0,1,0,0,0,99.0,51.92,0.8319327731092437,4.0,0,0.38943894389438943,1,0
739,Floette,Symbiosis,6,74.0,65.0,67.0,125.0,128.0,92.0,551.0,0.9,0.2,0.0,Single Bloom Pokémon,120,20,1000000,70,0,0,0,2,3,Flabébé,1.0,0.5,1.0,2.0,1.0,1.0,0.5,1.0,2.0,1.0,1.0,1.0,1.0,1.0,1.0,0.0,0.5,1.0,Flower Veil,None,0,0,48,121,0.396694,0,0,0,0,2,0,0,0,0,0,0,0,0,0,0,0,0,0,0,0,0.0,0,1,0,0,0,0,0,0,1,0,0,0,190.0,144.3,0.9693877551020408,4.0,0,0.35390199637023595,1,0
740,Florges,Symbiosis,6,78.0,65.0,68.0,112.0,154.0,75.0,552.0,10.0,1.1,0.0,Garden Pokémon,45,20,1000000,70,0,0,0,3,3,Floette,1.0,0.5,1.0,2.0,1.0,1.0,0.5,1.0,2.0,1.0,1.0,1.0,1.0,1.0,1.0,0.0,0.5,1.0,Flower Veil,None,0,0,76,121,0.628099,0,0,0,0,2,0,0,0,0,0,0,0,0,0,0,0,0,0,0,0,0.0,0,1,0,0,0,0,0,0,1,0,0,0,177.0,173.16,0.7937219730941704,4.0,0,0.40217391304347827,1,0
741,Skiddo,Grass Pelt,6,66.0,65.0,48.0,62.0,57.0,52.0,350.0,31.0,0.9,0.5,Mount Pokémon,200,20,1000000,70,0,0,0,1,2,No Preevolution,1.0,1.0,2.0,2.0,0.5,1.0,2.0,1.0,1.0,2.0,0.5,0.5,0.5,1.0,2.0,1.0,1.0,1.0,Sap Sipper,None,0,0,46,127,0.362205,0,0,0,0,0,0,0,0,0,2,0,0,0,0,0,0,0,0,0,0,0.0,0,0,1,0,0,0,0,0,1,0,0,0,127.0,69.3,1.1981132075471699,10.0,0,0.3,1,0
742,Gogoat,Grass Pelt,6,123.0,100.0,62.0,97.0,81.0,68.0,531.0,91.0,1.7,0.5,Mount Pokémon,45,20,1000000,70,0,0,0,2,2,Skiddo,1.0,1.0,2.0,2.0,0.5,1.0,2.0,1.0,1.0,2.0,0.5,0.5,0.5,1.0,2.0,1.0,1.0,1.0,Sap Sipper,None,0,0,62,129,0.48062,0,0,0,0,0,0,0,0,0,2,0,0,0,0,0,0,0,0,0,0,0.0,0,0,1,0,0,0,0,0,1,0,0,0,197.0,175.89,1.3680555555555556,10.0,0,0.2693032015065913,1,0
743,Pancham,Scrappy,6,67.0,82.0,62.0,46.0,48.0,43.0,348.0,8.0,0.6,0.5,Playful Pokémon,220,25,1000000,70,0,0,0,1,2,No Preevolution,1.0,1.0,2.0,1.0,1.0,0.5,0.5,1.0,1.0,1.0,1.0,1.0,1.0,2.0,1.0,1.0,0.5,2.0,Iron Fist,Mold Breaker,0,0,26,118,0.220339,0,0,0,0,0,2,0,0,0,0,0,0,0,0,0,0,0,0,0,0,0.0,0,0,1,0,0,1,0,0,0,0,0,0,128.0,73.7,1.1531531531531531,6.0,0,0.3160919540229885,1,0
744,Pangoro,Scrappy,6,95.0,124.0,78.0,69.0,71.0,58.0,495.0,136.0,2.1,0.5,Daunting Pokémon,65,25,1000000,70,0,0,0,2,2,Pancham,1.0,2.0,2.0,1.0,1.0,0.5,1.0,0.5,1.0,1.0,1.0,1.0,1.0,0.0,1.0,1.0,0.25,4.0,Iron Fist,Mold Breaker,0,0,46,123,0.373984,0,1,0,0,0,1,0,0,0,0,0,0,0,0,0,0,0,0,0,0,0.0,0,0,1,0,0,1,0,0,0,0,0,0,193.0,141.55,1.2866666666666666,8.0,1,0.301010101010101,1,0
745,Furfrou,None,6,75.0,80.0,60.0,65.0,90.0,102.0,472.0,28.0,1.2,0.5,Poodle Pokémon,160,20,1000000,70,0,0,0,1,1,No Preevolution,1.0,2.0,1.0,1.0,1.0,1.0,1.0,0.0,1.0,1.0,1.0,1.0,1.0,1.0,1.0,1.0,1.0,1.0,Fur Coat,None,0,0,113,131,0.862595,0,0,0,0,0,0,0,0,0,0,0,0,2,0,0,0,0,0,0,0,0.0,0,0,1,0,0,0,0,0,1,0,0,0,145.0,112.5,0.9602649006622517,2.0,0,0.3177966101694915,1,0
746,Espurr,Own Tempo,6,62.0,48.0,54.0,63.0,60.0,68.0,355.0,3.5,0.3,0.5,Restraint Pokémon,190,20,1000000,70,0,0,0,1,2,No Preevolution,1.0,0.5,1.0,1.0,1.0,1.0,2.0,2.0,1.0,1.0,1.0,1.0,1.0,0.5,1.0,1.0,2.0,1.0,Keen Eye,Infiltrator,0,0,58,112,0.517857,0,0,0,0,0,0,0,0,0,0,0,0,0,0,2,0,0,0,0,0,0.0,0,0,1,0,0,0,0,0,1,0,0,0,111.0,70.68,0.9652173913043478,6.0,0,0.3211267605633803,1,0
747,Meowstic Male,None,6,74.0,48.0,76.0,83.0,81.0,104.0,466.0,8.5,0.6,0.5,Constraint Pokémon,75,20,1000000,70,0,0,0,2,2,Espurr,1.0,0.5,1.0,1.0,1.0,1.0,2.0,2.0,1.0,1.0,1.0,1.0,1.0,0.5,1.0,1.0,2.0,1.0,Keen Eye,Infiltrator,0,0,91,115,0.791304,0,0,0,0,0,0,0,0,0,0,0,0,0,0,2,0,0,0,0,0,0.0,0,0,1,0,0,0,0,0,1,0,0,0,131.0,116.18,0.8291139240506329,6.0,0,0.3369098712446352,1,0
748,Meowstic Female,None,6,74.0,48.0,76.0,83.0,81.0,104.0,466.0,8.5,0.6,0.5,Constraint Pokémon,75,20,1000000,70,0,0,0,2,2,Espurr,1.0,0.5,1.0,1.0,1.0,1.0,2.0,2.0,1.0,1.0,1.0,1.0,1.0,0.5,1.0,1.0,2.0,1.0,Keen Eye,Infiltrator,0,0,93,127,0.732283,0,0,0,0,0,0,0,0,0,0,0,0,0,0,2,0,0,0,0,0,0.0,0,0,1,0,0,0,0,0,1,0,0,0,131.0,116.18,0.8291139240506329,6.0,0,0.3369098712446352,1,0
749,Honedge,None,6,45.0,80.0,100.0,35.0,37.0,28.0,325.0,2.0,0.8,0.5,Sword Pokémon,180,20,1000000,70,0,0,0,1,3,No Preevolution,0.0,0.0,0.5,0.0,2.0,0.5,0.25,2.0,0.5,2.0,1.0,0.5,1.0,0.5,0.5,0.5,2.0,0.5,No Guard,None,0,0,35,112,0.3125,0,0,0,0,0,0,0,0,1,0,0,0,0,0,0,0,1,0,0,0,0.0,0,0,0,0,0,0,1,0,1,0,0,0,115.0,61.65,0.8333333333333334,8.0,0,0.42153846153846153,1,0
750,Doublade,None,6,59.0,110.0,150.0,45.0,49.0,35.0,448.0,4.5,0.8,0.5,Sword Pokémon,90,20,1000000,70,0,0,0,2,3,Honedge,0.0,0.0,0.5,0.0,2.0,0.5,0.25,2.0,0.5,2.0,1.0,0.5,1.0,0.5,0.5,0.5,2.0,0.5,No Guard,None,0,0,44,132,0.333333,0,0,0,0,0,0,0,0,1,0,0,0,0,0,0,0,1,0,0,0,0.0,0,0,0,0,0,0,1,0,1,0,0,0,155.0,117.41,0.775,8.0,0,0.44419642857142855,1,0
751,Aegislash Blade Forme,None,6,60.0,140.0,50.0,140.0,50.0,60.0,500.0,53.0,1.7,0.5,Royal Sword Pokémon,45,20,1000000,70,0,0,0,3,3,Doublade,0.0,0.0,0.5,0.0,2.0,0.5,0.25,2.0,0.5,2.0,1.0,0.5,1.0,0.5,0.5,0.5,2.0,0.5,Stance Change,None,0,0,64,128,0.5,0,0,0,0,0,0,0,0,1,0,0,0,0,0,0,0,1,0,0,0,0.0,0,0,0,0,0,0,1,0,1,0,0,0,280.0,60.0,2.772277227722772,8.0,0,0.2,1,0
752,Aegislash Shield Forme,None,6,60.0,50.0,140.0,50.0,140.0,60.0,500.0,53.0,1.7,0.5,Royal Sword Pokémon,45,20,1000000,70,0,0,0,3,3,Doublade,0.0,0.0,0.5,0.0,2.0,0.5,0.25,2.0,0.5,2.0,1.0,0.5,1.0,0.5,0.5,0.5,2.0,0.5,Stance Change,None,0,0,63,121,0.520661,0,0,0,0,0,0,0,0,1,0,0,0,0,0,0,0,1,0,0,0,0.0,0,0,0,0,0,0,1,0,1,0,0,0,100.0,168.0,0.35587188612099646,8.0,0,0.56,1,0
753,Spritzee,Aroma Veil,6,78.0,52.0,60.0,63.0,65.0,23.0,341.0,0.5,0.2,0.5,Perfume Pokémon,200,20,1000000,70,0,0,0,1,2,No Preevolution,1.0,0.5,1.0,2.0,1.0,1.0,0.5,1.0,2.0,1.0,1.0,1.0,1.0,1.0,1.0,0.0,0.5,1.0,Healer,None,0,0,8,133,0.06015,0,0,0,0,2,0,0,0,0,0,0,0,0,0,0,0,0,0,0,0,0.0,0,1,0,0,0,0,0,0,1,0,0,0,115.0,97.5,0.9126984126984127,4.0,0,0.36656891495601174,1,0
754,Aromatisse,Aroma Veil,6,101.0,72.0,72.0,99.0,89.0,29.0,462.0,15.5,0.8,0.5,Fragrance Pokémon,140,20,1000000,70,0,0,0,2,2,Spritzee,1.0,0.5,1.0,2.0,1.0,1.0,0.5,1.0,2.0,1.0,1.0,1.0,1.0,1.0,1.0,0.0,0.5,1.0,Healer,None,0,0,25,129,0.193798,0,0,0,0,2,0,0,0,0,0,0,0,0,0,0,0,0,0,0,0,0.0,0,1,0,0,0,0,0,0,1,0,0,0,171.0,162.61,1.0555555555555556,4.0,0,0.3484848484848485,1,0
755,Swirlix,Unburden,6,62.0,48.0,66.0,59.0,57.0,49.0,341.0,3.5,0.4,0.5,Cotton Candy Pokémon,200,20,1000000,70,0,0,0,1,2,No Preevolution,1.0,0.5,1.0,2.0,1.0,1.0,0.5,1.0,2.0,1.0,1.0,1.0,1.0,1.0,1.0,0.0,0.5,1.0,Sweet Veil,None,0,0,41,121,0.338843,0,0,0,0,2,0,0,0,0,0,0,0,0,0,0,0,0,0,0,0,0.0,0,1,0,0,0,0,0,0,1,0,0,0,107.0,76.26,0.8629032258064516,4.0,0,0.36070381231671556,1,0
756,Slurpuff,Unburden,6,82.0,80.0,86.0,85.0,75.0,72.0,480.0,5.0,0.8,0.5,Meringue Pokémon,140,20,1000000,70,0,0,0,2,2,Swirlix,1.0,0.5,1.0,2.0,1.0,1.0,0.5,1.0,2.0,1.0,1.0,1.0,1.0,1.0,1.0,0.0,0.5,1.0,Sweet Veil,None,0,0,81,131,0.618321,0,0,0,0,2,0,0,0,0,0,0,0,0,0,0,0,0,0,0,0,0.0,0,1,0,0,0,0,0,0,1,0,0,0,165.0,132.02,1.0185185185185186,4.0,0,0.33541666666666664,1,0
757,Inkay,Infiltrator,6,53.0,54.0,53.0,37.0,46.0,45.0,288.0,3.5,0.4,0.5,Revolving Pokémon,190,20,1000000,70,0,0,0,1,2,No Preevolution,1.0,1.0,1.0,1.0,1.0,1.0,4.0,1.0,1.0,1.0,1.0,1.0,1.0,0.0,1.0,1.0,1.0,2.0,Contrary,Suction Cups,0,0,34,110,0.309091,0,1,0,0,0,0,0,0,0,0,0,0,0,0,1,0,0,0,0,0,0.0,0,0,0,0,0,0,0,0,0,1,1,0,91.0,52.47,0.91,6.0,1,0.34375,1,0
758,Malamar,Infiltrator,6,86.0,92.0,88.0,68.0,75.0,73.0,482.0,47.0,1.5,0.5,Overturning Pokémon,80,20,1000000,70,0,0,0,2,2,Inkay,1.0,1.0,1.0,1.0,1.0,1.0,4.0,1.0,1.0,1.0,1.0,1.0,1.0,0.0,1.0,1.0,1.0,2.0,Contrary,Suction Cups,0,0,108,158,0.683544,0,1,0,0,0,0,0,0,0,0,0,0,0,0,1,0,0,0,0,0,0.0,0,0,0,0,0,0,0,0,0,1,1,0,160.0,140.18,0.975609756097561,6.0,1,0.3381742738589212,1,0
759,Binacle,Pickpocket,6,42.0,52.0,67.0,39.0,56.0,50.0,306.0,31.0,0.5,0.5,Two-Handed Pokémon,120,20,1000000,70,0,0,0,1,2,No Preevolution,0.5,2.0,0.5,0.5,2.0,1.0,1.0,1.0,1.0,0.25,1.0,4.0,2.0,1.0,0.5,1.0,1.0,1.0,Tough Claws,Sniper,0,0,37,129,0.286822,0,0,0,0,0,0,0,0,0,0,0,0,0,0,0,1,0,1,0,0,0.0,0,0,0,0,0,0,0,0,1,0,0,1,91.0,51.66,0.7338709677419355,10.0,1,0.4019607843137255,1,0
760,Barbaracle,Pickpocket,6,72.0,105.0,115.0,54.0,86.0,68.0,500.0,96.0,1.3,0.5,Collective Pokémon,45,20,1000000,70,0,0,0,2,2,Binacle,0.5,2.0,0.5,0.5,2.0,1.0,1.0,1.0,1.0,0.25,1.0,4.0,2.0,1.0,0.5,1.0,1.0,1.0,Tough Claws,Sniper,0,0,69,134,0.514925,0,0,0,0,0,0,0,0,0,0,0,0,0,0,0,1,0,1,0,0,0.0,0,0,0,0,0,0,0,0,1,0,0,1,159.0,144.72,0.7871287128712872,10.0,1,0.402,1,0
761,Skrelp,Adaptability,6,50.0,60.0,60.0,60.0,60.0,30.0,320.0,7.3,0.5,0.5,Mock Kelp Pokémon,225,20,1000000,70,0,0,0,1,2,No Preevolution,1.0,0.5,1.0,0.5,2.0,1.0,0.5,1.0,0.5,0.5,0.5,1.0,2.0,2.0,0.5,1.0,1.0,0.5,Poison Point,Poison Touch,0,0,14,124,0.112903,0,0,0,0,0,0,0,0,0,0,0,0,0,1,0,0,0,1,0,0,0.0,1,0,0,0,0,0,0,0,0,1,0,0,120.0,60.0,0.9917355371900827,6.0,0,0.375,1,0
762,Dragalge,Adaptability,6,65.0,75.0,90.0,97.0,123.0,44.0,494.0,81.5,1.8,0.5,Mock Kelp Pokémon,55,20,1000000,70,0,0,0,2,2,Skrelp,1.0,0.5,1.0,0.5,2.0,1.0,0.5,1.0,1.0,0.5,0.5,0.25,0.5,2.0,2.0,2.0,1.0,1.0,Poison Point,Poison Touch,0,0,31,156,0.198718,0,0,1,0,0,0,0,0,0,0,0,0,0,1,0,0,0,0,0,0,0.0,1,0,0,0,0,0,0,0,0,1,0,0,172.0,138.45,0.8037383177570093,8.0,0,0.4311740890688259,1,0
763,Clauncher,None,6,50.0,53.0,62.0,58.0,63.0,44.0,330.0,8.3,0.5,0.5,Water Gun Pokémon,225,15,1250000,70,0,0,0,1,2,No Preevolution,1.0,1.0,1.0,1.0,1.0,1.0,1.0,1.0,0.5,0.5,0.5,2.0,2.0,1.0,0.5,1.0,1.0,1.0,Mega Launcher,None,0,0,17,124,0.137097,0,0,0,0,0,0,0,0,0,0,0,0,0,0,0,0,0,2,0,0,0.0,0,0,0,0,0,0,0,0,0,1,0,1,111.0,62.5,0.8809523809523809,4.0,0,0.3787878787878788,1,0
764,Clawitzer,None,6,71.0,73.0,88.0,120.0,89.0,59.0,500.0,35.3,1.3,0.5,Howitzer Pokémon,55,15,1250000,70,0,0,0,2,2,Clauncher,1.0,1.0,1.0,1.0,1.0,1.0,1.0,1.0,0.5,0.5,0.5,2.0,2.0,1.0,0.5,1.0,1.0,1.0,Mega Launcher,None,0,0,64,147,0.435374,0,0,0,0,0,0,0,0,0,0,0,0,0,0,0,0,0,2,0,0,0.0,0,0,0,0,0,0,0,0,0,1,0,1,193.0,125.67,1.0842696629213484,4.0,0,0.354,1,0
765,Helioptile,Solar Power,6,44.0,38.0,33.0,61.0,43.0,70.0,289.0,6.0,0.5,0.5,Generator Pokémon,190,20,1000000,70,0,0,0,1,2,No Preevolution,1.0,2.0,0.5,1.0,2.0,1.0,1.0,0.0,0.5,1.0,1.0,1.0,0.5,1.0,1.0,1.0,1.0,1.0,Dry Skin,Sand Veil,0,0,59,112,0.526786,0,0,0,1,0,0,0,0,0,0,0,0,1,0,0,0,0,0,0,0,0.0,1,0,0,0,0,0,0,1,0,0,0,0,99.0,33.44,1.2857142857142858,4.0,0,0.2629757785467128,1,0
766,Heliolisk,Solar Power,6,62.0,55.0,52.0,109.0,94.0,109.0,481.0,21.0,1.0,0.5,Generator Pokémon,75,20,1000000,70,0,0,0,2,2,Helioptile,1.0,2.0,0.5,1.0,2.0,1.0,1.0,0.0,0.5,1.0,1.0,1.0,0.5,1.0,1.0,1.0,1.0,1.0,Dry Skin,Sand Veil,0,0,94,120,0.783333,0,0,0,1,0,0,0,0,0,0,0,0,1,0,0,0,0,0,0,0,0.0,1,0,0,0,0,0,0,1,0,0,0,0,164.0,90.52,1.1156462585034013,4.0,0,0.30353430353430355,1,0
767,Tyrunt,Sturdy,6,58.0,89.0,77.0,45.0,45.0,48.0,362.0,26.0,0.8,0.875,Royal Heir Pokémon,45,30,1000000,70,0,0,0,1,2,No Preevolution,0.5,2.0,0.5,0.5,2.0,1.0,1.0,1.0,2.0,0.25,1.0,1.0,0.5,1.0,2.0,2.0,1.0,2.0,Strong Jaw,None,0,0,34,107,0.317757,0,0,1,0,0,0,0,0,0,0,0,0,0,0,0,1,0,0,0,0,0.0,1,0,0,0,0,0,0,1,0,0,0,0,134.0,70.76,1.089430894308943,12.0,0,0.3370165745856354,1,0
768,Tyrantrum,Rock Head,6,82.0,121.0,119.0,69.0,59.0,71.0,521.0,270.0,2.5,0.875,Despot Pokémon,45,30,1000000,70,0,0,0,2,2,Tyrunt,0.5,2.0,0.5,0.5,2.0,1.0,1.0,1.0,2.0,0.25,1.0,1.0,0.5,1.0,2.0,2.0,1.0,2.0,Strong Jaw,None,0,0,82,152,0.539474,0,0,1,0,0,0,0,0,0,0,0,0,0,0,0,1,0,0,0,0,0.0,1,0,0,0,0,0,0,1,0,0,0,0,190.0,145.96,1.0614525139664805,12.0,0,0.3416506717850288,1,0
769,Amaura,Snow Warning,6,77.0,59.0,50.0,67.0,63.0,46.0,362.0,25.2,1.3,0.875,Tundra Pokémon,45,30,1000000,70,0,0,0,1,2,No Preevolution,0.5,4.0,0.5,0.5,2.0,2.0,1.0,1.0,4.0,1.0,2.0,2.0,1.0,1.0,0.5,1.0,1.0,1.0,Refrigerate,None,0,0,28,121,0.231405,0,0,0,0,0,0,0,0,0,0,0,1,0,0,0,1,0,0,0,0,0.0,0,0,0,0,0,0,0,1,1,0,0,0,126.0,87.01,1.105263157894737,16.0,2,0.31215469613259667,1,0
770,Aurorus,Snow Warning,6,123.0,77.0,72.0,99.0,92.0,58.0,521.0,225.0,2.7,0.875,Tundra Pokémon,45,30,1000000,70,0,0,0,2,2,Amaura,0.5,4.0,0.5,0.5,2.0,2.0,1.0,1.0,4.0,1.0,2.0,2.0,1.0,1.0,0.5,1.0,1.0,1.0,Refrigerate,None,0,0,61,132,0.462121,0,0,0,0,0,0,0,0,0,0,0,1,0,0,0,1,0,0,0,0,0.0,0,0,0,0,0,0,0,1,1,0,0,0,176.0,201.72,1.0666666666666667,16.0,2,0.31477927063339733,1,0
771,Sylveon,Pixilate,6,95.0,65.0,65.0,110.0,130.0,60.0,525.0,23.5,1.0,0.875,Intertwining Pokémon,45,35,1000000,70,0,0,0,2,2,Eevee,1.0,0.5,1.0,2.0,1.0,1.0,0.5,1.0,2.0,1.0,1.0,1.0,1.0,1.0,1.0,0.0,0.5,1.0,Cute Charm,None,0,0,49,122,0.401639,0,0,0,0,2,0,0,0,0,0,0,0,0,0,0,0,0,0,0,0,0.0,0,0,1,0,0,0,0,0,1,0,0,0,175.0,185.25,0.8928571428571429,4.0,0,0.37142857142857144,1,0
772,Hawlucha,Mold Breaker,6,78.0,92.0,75.0,74.0,63.0,118.0,500.0,21.5,0.8,0.5,Wrestling Pokémon,100,20,1000000,70,0,0,0,1,1,No Preevolution,1.0,0.5,2.0,1.0,0.0,1.0,0.25,1.0,1.0,1.0,1.0,0.5,2.0,2.0,2.0,1.0,0.5,2.0,Limber,Unburden,0,0,107,121,0.884298,0,0,0,0,0,1,0,1,0,0,0,0,0,0,0,0,0,0,0,0,0.0,0,0,0,1,0,1,0,0,0,0,0,0,166.0,107.64,1.1942446043165467,10.0,0,0.276,1,0
773,Dedenne,Plus,6,67.0,58.0,57.0,81.0,67.0,101.0,431.0,2.2,0.2,0.5,Antenna Pokémon,180,20,1000000,70,0,0,0,1,1,No Preevolution,1.0,0.5,0.5,2.0,2.0,1.0,0.5,1.0,1.0,1.0,1.0,1.0,0.5,1.0,1.0,0.0,0.5,1.0,Cheek Pouch,Pickup,0,0,109,124,0.879032,0,0,0,1,1,0,0,0,0,0,0,0,0,0,0,0,0,0,0,0,0.0,0,1,1,0,0,0,0,0,0,0,0,0,139.0,83.08,1.112,4.0,0,0.2877030162412993,1,0
774,Carbink,Sturdy,6,50.0,50.0,150.0,50.0,150.0,50.0,500.0,5.7,0.3,0.5,Jewel Pokémon,60,25,1250000,70,0,0,0,1,1,No Preevolution,0.5,1.0,0.5,1.0,2.0,1.0,0.5,1.0,4.0,0.5,2.0,2.0,1.0,1.0,1.0,0.0,0.5,1.0,Clear Body,None,1,0,36,140,0.257143,0,0,0,0,1,0,0,0,0,0,0,0,0,0,0,1,0,0,0,0,0.0,0,1,0,0,0,0,1,0,0,0,0,0,100.0,150.0,0.33222591362126247,10.0,1,0.6,1,0
775,Goomy,Gooey,6,45.0,50.0,35.0,55.0,75.0,40.0,300.0,2.8,0.3,0.5,Soft Tissue Pokémon,45,40,1250000,35,0,0,0,1,3,No Preevolution,1.0,1.0,1.0,1.0,1.0,1.0,1.0,1.0,1.0,0.5,0.5,0.5,0.5,1.0,2.0,2.0,1.0,2.0,Sap Sipper,Hydration,0,0,25,117,0.213675,0,0,2,0,0,0,0,0,0,0,0,0,0,0,0,0,0,0,0,0,0.0,1,0,0,0,0,0,0,0,1,0,0,0,105.0,49.5,0.9459459459459459,6.0,0,0.36666666666666664,1,0
776,Sliggoo,Gooey,6,68.0,75.0,53.0,83.0,113.0,60.0,452.0,17.5,0.8,0.5,Soft Tissue Pokémon,45,40,1250000,35,0,0,0,2,3,Goomy,1.0,1.0,1.0,1.0,1.0,1.0,1.0,1.0,1.0,0.5,0.5,0.5,0.5,1.0,2.0,2.0,1.0,2.0,Sap Sipper,Hydration,0,0,59,130,0.453846,0,0,2,0,0,0,0,0,0,0,0,0,0,0,0,0,0,0,0,0,0.0,1,0,0,0,0,0,0,0,1,0,0,0,158.0,112.88,0.9461077844311377,6.0,0,0.3672566371681416,1,0
777,Goodra,Gooey,6,90.0,100.0,70.0,110.0,150.0,80.0,600.0,150.5,2.0,0.5,Dragon Pokémon,45,40,1250000,35,0,0,0,3,3,Sliggoo,1.0,1.0,1.0,1.0,1.0,1.0,1.0,1.0,1.0,0.5,0.5,0.5,0.5,1.0,2.0,2.0,1.0,2.0,Sap Sipper,Hydration,0,0,64,106,0.603774,0,0,2,0,0,0,0,0,0,0,0,0,0,0,0,0,0,0,0,0,0.0,1,0,0,0,0,0,0,0,1,0,0,0,210.0,198.0,0.9502262443438914,6.0,0,0.36666666666666664,1,0
778,Klefki,Magician,6,57.0,80.0,91.0,80.0,87.0,75.0,470.0,3.0,0.2,0.5,Key Ring Pokémon,75,20,800000,70,0,0,0,1,1,No Preevolution,0.5,1.0,0.5,0.0,2.0,0.5,0.25,1.0,1.0,2.0,1.0,0.5,1.0,0.5,0.5,0.0,0.5,0.5,Prankster,None,0,0,70,122,0.57377,0,0,0,0,1,0,0,0,0,0,0,0,0,0,0,0,1,0,0,0,0.0,0,0,0,0,0,0,1,0,1,0,0,0,160.0,101.46,0.8938547486033519,4.0,0,0.37872340425531914,1,0
779,Phantump,Harvest,6,43.0,70.0,48.0,50.0,60.0,38.0,309.0,7.0,0.4,0.5,Stump Pokémon,120,20,1000000,70,0,0,0,1,2,No Preevolution,0.0,0.0,2.0,1.0,0.5,1.0,1.0,2.0,1.0,2.0,0.5,0.5,0.5,1.0,2.0,1.0,2.0,1.0,Natural Cure,Frisk,0,0,33,138,0.23913,0,0,0,0,0,0,0,0,1,1,0,0,0,0,0,0,0,0,1,0,0.0,0,0,0,0,1,0,0,0,0,0,0,0,120.0,46.44,1.1009174311926606,10.0,0,0.34951456310679613,1,0
780,Trevenant,Harvest,6,85.0,110.0,76.0,65.0,82.0,56.0,474.0,71.0,1.5,0.5,Elder Tree Pokémon,60,20,1000000,70,0,0,0,2,2,Phantump,0.0,0.0,2.0,1.0,0.5,1.0,1.0,2.0,1.0,2.0,0.5,0.5,0.5,1.0,2.0,1.0,2.0,1.0,Natural Cure,Frisk,0,0,59,150,0.393333,0,0,0,0,0,0,0,0,1,1,0,0,0,0,0,0,0,0,1,0,0.0,0,0,0,0,1,0,0,0,0,0,0,0,175.0,134.3,1.10062893081761,10.0,0,0.3333333333333333,1,0
781,Pumpkaboo Average Size,Insomnia,6,49.0,66.0,70.0,44.0,55.0,51.0,335.0,5.0,0.4,0.5,Pumpkin Pokémon,120,20,1000000,70,0,0,1,1,2,No Preevolution,0.0,0.0,2.0,1.0,0.5,1.0,1.0,2.0,1.0,2.0,0.5,0.5,0.5,1.0,2.0,1.0,2.0,1.0,Frisk,None,0,0,49,115,0.426087,0,0,0,0,0,0,0,0,1,1,0,0,0,0,0,0,0,0,1,0,0.0,0,0,0,0,0,0,0,0,1,0,0,0,110.0,61.25,0.873015873015873,10.0,0,0.373134328358209,1,1
782,Pumpkaboo Small Size,Insomnia,6,44.0,66.0,70.0,44.0,55.0,56.0,335.0,3.5,0.3,0.5,Pumpkin Pokémon,120,20,1000000,70,0,0,1,1,2,No Preevolution,0.0,0.0,2.0,1.0,0.5,1.0,1.0,2.0,1.0,2.0,0.5,0.5,0.5,1.0,2.0,1.0,2.0,1.0,Frisk,None,0,0,0,0,0.0,0,0,0,0,0,0,0,0,1,1,0,0,0,0,0,0,0,0,1,0,0.0,0,0,0,0,0,0,0,0,1,0,0,0,110.0,55.0,0.873015873015873,10.0,0,0.373134328358209,1,1
783,Pumpkaboo Large Size,Insomnia,6,54.0,66.0,70.0,44.0,55.0,46.0,335.0,7.5,0.5,0.5,Pumpkin Pokémon,120,20,1000000,70,0,0,1,1,2,No Preevolution,0.0,0.0,2.0,1.0,0.5,1.0,1.0,2.0,1.0,2.0,0.5,0.5,0.5,1.0,2.0,1.0,2.0,1.0,Frisk,None,0,0,51,121,0.421488,0,0,0,0,0,0,0,0,1,1,0,0,0,0,0,0,0,0,1,0,0.0,0,0,0,0,0,0,0,0,1,0,0,0,110.0,67.5,0.873015873015873,10.0,0,0.373134328358209,1,1
784,Pumpkaboo Super Size,Insomnia,6,59.0,66.0,70.0,44.0,55.0,41.0,335.0,15.0,0.8,0.5,Pumpkin Pokémon,120,20,1000000,70,0,0,1,1,2,No Preevolution,0.0,0.0,2.0,1.0,0.5,1.0,1.0,2.0,1.0,2.0,0.5,0.5,0.5,1.0,2.0,1.0,2.0,1.0,Frisk,None,0,0,33,131,0.251908,0,0,0,0,0,0,0,0,1,1,0,0,0,0,0,0,0,0,1,0,0.0,0,0,0,0,0,0,0,0,1,0,0,0,110.0,73.75,0.873015873015873,10.0,0,0.373134328358209,1,1
785,Gourgeist Average Size,Insomnia,6,65.0,90.0,122.0,58.0,75.0,84.0,494.0,12.5,0.9,0.5,Pumpkin Pokémon,60,20,1000000,70,0,0,1,2,2,Pumpkaboo Average Size,0.0,0.0,2.0,1.0,0.5,1.0,1.0,2.0,1.0,2.0,0.5,0.5,0.5,1.0,2.0,1.0,2.0,1.0,Frisk,None,0,0,92,128,0.71875,0,0,0,0,0,0,0,0,1,1,0,0,0,0,0,0,0,0,1,0,0.0,0,0,0,0,0,0,0,0,1,0,0,0,148.0,128.05,0.7474747474747475,10.0,0,0.39878542510121456,1,1
786,Gourgeist Small Size,Insomnia,6,55.0,85.0,122.0,58.0,75.0,99.0,494.0,9.5,0.7,0.5,Pumpkin Pokémon,60,20,1000000,70,0,0,1,2,2,Pumpkaboo Small Size,0.0,0.0,2.0,1.0,0.5,1.0,1.0,2.0,1.0,2.0,0.5,0.5,0.5,1.0,2.0,1.0,2.0,1.0,Frisk,None,0,0,98,121,0.809917,0,0,0,0,0,0,0,0,1,1,0,0,0,0,0,0,0,0,1,0,0.0,0,0,0,0,0,0,0,0,1,0,0,0,143.0,108.35,0.7222222222222222,10.0,0,0.39878542510121456,1,1
787,Gourgeist Large Size,Insomnia,6,75.0,95.0,122.0,58.0,75.0,69.0,494.0,14.0,1.1,0.5,Pumpkin Pokémon,60,20,1000000,70,0,0,1,2,2,Pumpkaboo Large Size,0.0,0.0,2.0,1.0,0.5,1.0,1.0,2.0,1.0,2.0,0.5,0.5,0.5,1.0,2.0,1.0,2.0,1.0,Frisk,None,0,0,71,124,0.572581,0,0,0,0,0,0,0,0,1,1,0,0,0,0,0,0,0,0,1,0,0.0,0,0,0,0,0,0,0,0,1,0,0,0,153.0,147.75,0.7727272727272727,10.0,0,0.39878542510121456,1,1
788,Gourgeist Super Size,Insomnia,6,85.0,100.0,122.0,58.0,75.0,54.0,494.0,39.0,1.7,0.5,Pumpkin Pokémon,60,20,1000000,70,0,0,1,2,2,Pumpkaboo Super Size,0.0,0.0,2.0,1.0,0.5,1.0,1.0,2.0,1.0,2.0,0.5,0.5,0.5,1.0,2.0,1.0,2.0,1.0,Frisk,None,0,0,52,132,0.393939,0,0,0,0,0,0,0,0,1,1,0,0,0,0,0,0,0,0,1,0,0.0,0,0,0,0,0,0,0,0,1,0,0,0,158.0,167.45,0.797979797979798,10.0,0,0.39878542510121456,1,1
789,Bergmite,Sturdy,6,55.0,69.0,85.0,32.0,35.0,28.0,304.0,99.5,1.0,0.5,Ice Chunk Pokémon,190,20,1000000,70,0,0,0,1,2,No Preevolution,1.0,2.0,1.0,1.0,1.0,2.0,1.0,1.0,2.0,2.0,1.0,1.0,1.0,1.0,0.5,1.0,1.0,1.0,Own Tempo,Ice Body,0,0,12,129,0.093023,0,0,0,0,0,0,0,0,0,0,0,2,0,0,0,0,0,0,0,0,0.0,0,0,0,0,0,0,1,1,0,0,0,0,101.0,66.0,0.8347107438016529,8.0,0,0.39473684210526316,1,0
790,Avalugg,Sturdy,6,95.0,117.0,184.0,44.0,46.0,28.0,514.0,505.0,2.0,0.5,Iceberg Pokémon,55,20,1000000,70,0,0,0,2,2,Bergmite,1.0,2.0,1.0,1.0,1.0,2.0,1.0,1.0,2.0,2.0,1.0,1.0,1.0,1.0,0.5,1.0,1.0,1.0,Own Tempo,Ice Body,0,0,36,121,0.297521,0,0,0,0,0,0,0,0,0,0,0,2,0,0,0,0,0,0,0,0,0.0,0,0,0,0,0,0,1,1,0,0,0,0,161.0,218.5,0.696969696969697,8.0,0,0.4474708171206226,1,0
791,Noibat,Telepathy,6,40.0,30.0,35.0,45.0,40.0,55.0,245.0,8.0,0.5,0.5,Sound Wave Pokémon,190,20,1000000,70,0,0,0,1,2,No Preevolution,1.0,0.5,1.0,1.0,0.0,2.0,0.5,1.0,1.0,0.5,0.5,0.25,1.0,1.0,4.0,2.0,1.0,2.0,Frisk,Infiltrator,0,0,40,127,0.314961,0,0,1,0,0,0,0,1,0,0,0,0,0,0,0,0,0,0,0,0,0.0,1,0,0,1,0,0,0,0,0,0,0,0,75.0,30.0,0.9868421052631579,10.0,1,0.30612244897959184,1,0
792,Noivern,Telepathy,6,85.0,70.0,80.0,97.0,80.0,123.0,535.0,85.0,1.5,0.5,Sound Wave Pokémon,45,20,1000000,70,0,0,0,2,2,Noibat,1.0,0.5,1.0,1.0,0.0,2.0,0.5,1.0,1.0,0.5,0.5,0.25,1.0,1.0,4.0,2.0,1.0,2.0,Frisk,Infiltrator,0,0,107,115,0.930435,0,0,1,0,0,0,0,1,0,0,0,0,0,0,0,0,0,0,0,0,0.0,1,0,0,1,0,0,0,0,0,0,0,0,167.0,136.0,1.0372670807453417,10.0,1,0.29906542056074764,1,0
793,Xerneas,None,6,126.0,131.0,95.0,131.0,98.0,99.0,680.0,215.0,3.0,0.5,Life Pokémon,45,120,1250000,0,1,0,0,1,1,No Preevolution,1.0,0.5,1.0,2.0,1.0,1.0,0.5,1.0,2.0,1.0,1.0,1.0,1.0,1.0,1.0,0.0,0.5,1.0,Fairy Aura,None,1,0,107,129,0.829457,0,0,0,0,2,0,0,0,0,0,0,0,0,0,0,0,0,0,0,0,0.0,0,0,0,0,0,0,0,0,2,0,0,0,262.0,243.18,1.3505154639175259,4.0,0,0.2838235294117647,1,1
794,Yveltal,None,6,126.0,131.0,95.0,131.0,98.0,99.0,680.0,203.0,5.8,0.5,Destruction Pokémon,45,120,1250000,0,1,0,0,1,1,No Preevolution,1.0,1.0,1.0,1.0,0.0,2.0,1.0,0.5,1.0,1.0,1.0,0.5,2.0,0.0,2.0,1.0,0.5,2.0,Dark Aura,None,1,0,111,137,0.810219,0,1,0,0,0,0,0,1,0,0,0,0,0,0,0,0,0,0,0,0,0.0,0,0,0,0,0,0,0,0,2,0,0,0,262.0,243.18,1.3505154639175259,8.0,0,0.2838235294117647,1,1
795,Zygarde Half Forme,None,6,108.0,100.0,121.0,81.0,95.0,95.0,600.0,305.0,5.0,0.5,Order Pokémon,3,120,1250000,0,1,0,0,1,1,No Preevolution,1.0,1.0,1.0,0.5,1.0,0.5,1.0,1.0,1.0,0.5,1.0,1.0,0.0,1.0,4.0,2.0,1.0,2.0,Aura Break,Power Construct,1,0,80,107,0.747664,0,0,1,0,0,0,0,0,0,0,1,0,0,0,0,0,0,0,0,0,0.0,0,0,0,0,0,0,0,0,2,0,0,0,181.0,233.28,0.8341013824884793,8.0,1,0.36,1,1
796,Diancie,None,6,50.0,100.0,150.0,100.0,150.0,50.0,600.0,8.8,0.7,0.5,Jewel Pokémon,3,25,1250000,70,0,1,1,1,1,No Preevolution,0.5,1.0,0.5,1.0,2.0,1.0,0.5,1.0,4.0,0.5,2.0,2.0,1.0,1.0,1.0,0.0,0.5,1.0,Clear Body,None,1,0,39,105,0.371429,0,0,0,0,1,0,0,0,0,0,0,0,0,0,0,1,0,0,0,0,0.0,0,0,0,0,0,0,0,0,2,0,0,0,200.0,150.0,0.6644518272425249,10.0,1,0.5,1,2
797,Mega Diancie,None,6,50.0,160.0,110.0,160.0,110.0,110.0,700.0,27.8,1.1,0.5,Jewel Pokémon,3,25,1250000,0,0,1,1,1,1,Diancie,0.5,1.0,0.5,1.0,2.0,1.0,0.5,1.0,4.0,0.5,2.0,2.0,1.0,1.0,1.0,0.0,0.5,1.0,Magic Bounce,None,1,1,116,131,0.885496,0,0,0,0,1,0,0,0,0,0,0,0,0,0,0,1,0,0,0,0,0.0,0,0,0,0,0,0,0,0,2,0,0,0,320.0,110.0,1.4479638009049773,10.0,1,0.3142857142857143,1,2
798,Hoopa Confined,None,6,80.0,110.0,60.0,150.0,130.0,70.0,600.0,9.0,0.5,0.5,Mischief Pokémon,3,120,1250000,100,0,1,0,1,1,No Preevolution,0.0,0.0,1.0,0.5,1.0,1.0,1.0,4.0,1.0,1.0,1.0,1.0,1.0,0.5,1.0,1.0,4.0,1.0,Magician,None,1,0,60,119,0.504202,0,0,0,0,0,0,0,0,1,0,0,0,0,0,1,0,0,0,0,0,0.0,0,0,0,0,0,0,0,0,2,0,0,0,260.0,152.0,1.361256544502618,8.0,2,0.31666666666666665,1,1
799,Hoopa Unbound,None,6,80.0,160.0,60.0,170.0,130.0,80.0,680.0,9.0,0.5,0.5,Mischief Pokémon,3,120,1250000,100,0,1,0,1,1,No Preevolution,1.0,1.0,1.0,1.0,1.0,1.0,4.0,1.0,1.0,1.0,1.0,1.0,1.0,0.0,1.0,1.0,1.0,2.0,Magician,None,1,0,89,144,0.618056,0,1,0,0,0,0,0,0,0,0,0,0,0,0,1,0,0,0,0,0,0.0,0,0,0,0,0,0,0,0,2,0,0,0,330.0,152.0,1.7277486910994764,6.0,1,0.27941176470588236,1,1
800,Volcanion,None,6,80.0,110.0,120.0,130.0,90.0,70.0,600.0,195.0,1.7,0.5,Steam Pokémon,3,120,1250000,100,0,1,0,1,1,No Preevolution,1.0,1.0,1.0,1.0,2.0,2.0,0.5,1.0,0.25,0.25,1.0,1.0,2.0,1.0,0.25,1.0,1.0,0.5,Water Absorb,None,1,0,75,121,0.619835,0,0,0,0,0,0,1,0,0,0,0,0,0,0,0,0,0,1,0,0,0.0,0,0,0,0,0,0,0,0,2,0,0,0,240.0,168.0,1.1374407582938388,6.0,0,0.35,1,1
