ID,Name,Type 1,Type 2,HiddenAbility,Generation,Hp,Attack,Defense,SpecialAttack,SpecialDefense,Speed,TotalStats,Weight,Height,GenderProbM,Category,CatchRate,EggCycles,LevelingRate,BaseFriendship,IsLegendary,IsMythical,HasMega,EvoStage,TotalEvoStages,PreevoName,DamageFromNormal,DamageFromFighting,DamageFromFlying,DamageFromPoison,DamageFromGround,DamageFromRock,DamageFromBug,DamageFromGhost,DamageFromSteel,DamageFromFire,DamageFromWater,DamageFromGrass,DamageFromElectric,DamageFromPsychic,DamageFromIce,DamageFromDragon,DamageFromDark,DamageFromFairy,Ability 1,Ability 2,NoGender,EggGroup1,EggGroup2,IsMega,FightsWon,TotalFights,WinPercentage
1,Bulbasaur,Grass,Poison,Chlorophyll,1,45.0,49.0,49.0,65.0,65.0,45.0,318.0,6.9,0.7,0.875,Seed Pokémon,45,20,Medium Slow,70,0,0,0,1,3,No Preevolution,1.0,0.5,2.0,1.0,1.0,1.0,1.0,1.0,1.0,2.0,0.5,0.25,0.5,2.0,2.0,1.0,1.0,0.5,Overgrow,None,0,Monster,Grass,0,37,133,0.278195
2,Ivysaur,Grass,Poison,Chlorophyll,1,60.0,62.0,63.0,80.0,80.0,60.0,405.0,13.0,1.0,0.875,Seed Pokémon,45,20,Medium Slow,70,0,0,0,2,3,Bulbasaur,1.0,0.5,2.0,1.0,1.0,1.0,1.0,1.0,1.0,2.0,0.5,0.25,0.5,2.0,2.0,1.0,1.0,0.5,Overgrow,None,0,Monster,Grass,0,46,121,0.380165
3,Venusaur,Grass,Poison,Chlorophyll,1,80.0,82.0,83.0,100.0,100.0,80.0,525.0,100.0,2.0,0.875,Seed Pokémon,45,20,Medium Slow,70,0,0,1,3,3,Ivysaur,1.0,0.5,2.0,1.0,1.0,1.0,1.0,1.0,1.0,2.0,0.5,0.25,0.5,2.0,2.0,1.0,1.0,0.5,Overgrow,None,0,Monster,Grass,0,89,132,0.674242
4,Mega Venusaur,Grass,Poison,None,1,80.0,100.0,123.0,122.0,120.0,80.0,625.0,155.5,2.4,0.875,Seed Pokémon,45,20,Medium Slow,70,0,0,1,3,3,Venusaur,1.0,0.5,2.0,1.0,1.0,1.0,1.0,1.0,1.0,1.0,0.5,0.25,0.5,2.0,1.0,1.0,1.0,0.5,Thick Fat,None,0,Monster,Grass,1,70,125,0.56
5,Charmander,Fire,Fire,Solar Power,1,39.0,52.0,43.0,60.0,50.0,65.0,309.0,8.5,0.6,0.875,Lizard Pokémon,45,20,Medium Slow,70,0,0,0,1,3,No Preevolution,1.0,1.0,1.0,1.0,2.0,2.0,0.5,1.0,0.5,0.5,2.0,0.5,1.0,1.0,0.5,1.0,1.0,0.5,Blaze,None,0,Monster,Dragon,0,55,112,0.491071
6,Charmeleon,Fire,Fire,Solar Power,1,58.0,64.0,58.0,80.0,65.0,80.0,405.0,19.0,1.1,0.875,Flame Pokémon,45,20,Medium Slow,70,0,0,0,2,3,Charmander,1.0,1.0,1.0,1.0,2.0,2.0,0.5,1.0,0.5,0.5,2.0,0.5,1.0,1.0,0.5,1.0,1.0,0.5,Blaze,None,0,Monster,Dragon,0,64,118,0.542373
7,Charizard,Fire,Flying,Solar Power,1,78.0,84.0,78.0,109.0,85.0,100.0,534.0,90.5,1.7,0.875,Flame Pokémon,45,20,Medium Slow,70,0,0,1,3,3,Charmeleon,1.0,0.5,1.0,1.0,0.0,4.0,0.25,1.0,0.5,0.5,2.0,0.25,2.0,1.0,1.0,1.0,1.0,0.5,Blaze,None,0,Monster,Dragon,0,115,133,0.864662
8,Mega Charizard X,Fire,Dragon,None,1,78.0,130.0,111.0,130.0,85.0,100.0,634.0,110.5,1.7,0.875,Flame Pokémon,45,20,Medium Slow,70,0,0,1,3,3,Charizard,1.0,1.0,1.0,1.0,2.0,2.0,0.5,1.0,0.5,0.25,1.0,0.25,0.5,1.0,1.0,2.0,1.0,1.0,Tough Claws,None,0,Monster,Dragon,1,119,139,0.856115
9,Mega Charizard Y,Fire,Flying,None,1,78.0,104.0,78.0,159.0,115.0,100.0,634.0,100.5,1.7,0.875,Flame Pokémon,45,20,Medium Slow,70,0,0,1,3,3,Charizard,1.0,0.5,1.0,1.0,0.0,4.0,0.25,1.0,0.5,0.5,2.0,0.25,2.0,1.0,1.0,1.0,1.0,0.5,Drought,None,0,Monster,Dragon,1,114,135,0.844444
10,Squirtle,Water,Water,Rain Dish,1,44.0,48.0,65.0,50.0,64.0,43.0,314.0,9.0,0.5,0.875,Tiny Turtle Pokémon,45,20,Medium Slow,70,0,0,0,1,3,No Preevolution,1.0,1.0,1.0,1.0,1.0,1.0,1.0,1.0,0.5,0.5,0.5,2.0,2.0,1.0,0.5,1.0,1.0,1.0,Torrent,None,0,Monster,Water 1,0,19,117,0.162393
11,Wartortle,Water,Water,Rain Dish,1,59.0,63.0,80.0,65.0,80.0,58.0,405.0,22.5,1.0,0.875,Turtle Pokémon,45,20,Medium Slow,70,0,0,0,2,3,Squirtle,1.0,1.0,1.0,1.0,1.0,1.0,1.0,1.0,0.5,0.5,0.5,2.0,2.0,1.0,0.5,1.0,1.0,1.0,Torrent,None,0,Monster,Water 1,0,59,141,0.41844
12,Blastoise,Water,Water,Rain Dish,1,79.0,83.0,100.0,85.0,105.0,78.0,530.0,85.5,1.6,0.875,Shellfish Pokémon,45,20,Medium Slow,70,0,0,1,3,3,Wartortle,1.0,1.0,1.0,1.0,1.0,1.0,1.0,1.0,0.5,0.5,0.5,2.0,2.0,1.0,0.5,1.0,1.0,1.0,Torrent,None,0,Monster,Water 1,0,0,0,0.0
13,Mega Blastoise,Water,Water,None,1,79.0,103.0,120.0,135.0,115.0,78.0,630.0,101.1,1.6,0.875,Shellfish Pokémon,45,20,Medium Slow,70,0,0,1,3,3,Blastoise,1.0,1.0,1.0,1.0,1.0,1.0,1.0,1.0,0.5,0.5,0.5,2.0,2.0,1.0,0.5,1.0,1.0,1.0,Mega Launcher,None,0,Monster,Water 1,1,83,144,0.576389
14,Caterpie,Bug,Bug,Run Away,1,45.0,30.0,35.0,20.0,20.0,45.0,195.0,2.9,0.3,0.5,Worm Pokémon,255,15,Medium Fast,70,0,0,0,1,3,No Preevolution,1.0,0.5,2.0,1.0,0.5,2.0,1.0,1.0,1.0,2.0,1.0,0.5,1.0,1.0,1.0,1.0,1.0,1.0,Shield Dust,None,0,Bug,No Eggs Discovered,0,17,115,0.147826
15,Metapod,Bug,Bug,None,1,50.0,20.0,55.0,25.0,25.0,30.0,205.0,9.9,0.7,0.5,Cocoon Pokémon,120,15,Medium Fast,70,0,0,0,2,3,Caterpie,1.0,0.5,2.0,1.0,0.5,2.0,1.0,1.0,1.0,2.0,1.0,0.5,1.0,1.0,1.0,1.0,1.0,1.0,Shed Skin,None,0,Bug,No Eggs Discovered,0,13,133,0.097744
16,Butterfree,Bug,Flying,Tinted Lens,1,60.0,45.0,50.0,90.0,80.0,70.0,395.0,32.0,1.1,0.5,Butterfly Pokémon,45,15,Medium Fast,70,0,0,0,3,3,Metapod,1.0,0.25,2.0,1.0,0.0,4.0,0.5,1.0,1.0,2.0,1.0,0.25,2.0,1.0,2.0,1.0,1.0,1.0,Compound Eyes,None,0,Bug,No Eggs Discovered,0,75,120,0.625
17,Weedle,Bug,Poison,Run Away,1,40.0,35.0,30.0,20.0,20.0,50.0,195.0,3.2,0.3,0.5,Hairy Bug Pokémon,255,15,Medium Fast,70,0,0,0,1,3,No Preevolution,1.0,0.25,2.0,0.5,1.0,2.0,0.5,1.0,1.0,2.0,1.0,0.25,1.0,2.0,1.0,1.0,1.0,0.5,Shield Dust,None,0,Bug,No Eggs Discovered,0,26,111,0.234234
18,Kakuna,Bug,Poison,None,1,45.0,25.0,50.0,25.0,25.0,35.0,205.0,10.0,0.6,0.5,Cocoon Pokémon,120,15,Medium Fast,70,0,0,0,2,3,Weedle,1.0,0.25,2.0,0.5,1.0,2.0,0.5,1.0,1.0,2.0,1.0,0.25,1.0,2.0,1.0,1.0,1.0,0.5,Shed Skin,None,0,Bug,No Eggs Discovered,0,17,130,0.130769
19,Beedrill,Bug,Poison,Sniper,1,65.0,90.0,40.0,45.0,80.0,75.0,395.0,29.5,1.0,0.5,Poison Bee Pokémon,45,15,Medium Fast,70,0,0,1,3,3,Kakuna,1.0,0.25,2.0,0.5,1.0,2.0,0.5,1.0,1.0,2.0,1.0,0.25,1.0,2.0,1.0,1.0,1.0,0.5,Swarm,None,0,Bug,No Eggs Discovered,0,80,128,0.625
20,Mega Beedrill,Bug,Poison,None,1,65.0,150.0,40.0,15.0,80.0,145.0,495.0,40.5,1.4,0.5,Poison Bee Pokémon,45,15,Medium Fast,70,0,0,1,3,3,Beedrill,1.0,0.25,2.0,0.5,1.0,2.0,0.5,1.0,1.0,2.0,1.0,0.25,1.0,2.0,1.0,1.0,1.0,0.5,Adaptability,None,0,Bug,No Eggs Discovered,1,115,119,0.966387
21,Pidgey,Normal,Flying,Big Pecks,1,40.0,45.0,40.0,35.0,35.0,56.0,251.0,1.8,0.3,0.5,Tiny Bird Pokémon,255,15,Medium Slow,70,0,0,0,1,3,No Preevolution,1.0,1.0,1.0,1.0,0.0,2.0,0.5,0.0,1.0,1.0,1.0,0.5,2.0,1.0,2.0,1.0,1.0,1.0,Keen Eye,Tangled Feet,0,Flying,No Eggs Discovered,0,47,126,0.373016
22,Pidgeotto,Normal,Flying,Big Pecks,1,63.0,60.0,55.0,50.0,50.0,71.0,349.0,30.0,1.1,0.5,Bird Pokémon,120,15,Medium Slow,70,0,0,0,2,3,Pidgey,1.0,1.0,1.0,1.0,0.0,2.0,0.5,0.0,1.0,1.0,1.0,0.5,2.0,1.0,2.0,1.0,1.0,1.0,Keen Eye,Tangled Feet,0,Flying,No Eggs Discovered,0,64,121,0.528926
23,Pidgeot,Normal,Flying,Big Pecks,1,83.0,80.0,75.0,70.0,70.0,101.0,479.0,39.5,1.5,0.5,Bird Pokémon,45,15,Medium Slow,70,0,0,1,3,3,Pidgeotto,1.0,1.0,1.0,1.0,0.0,2.0,0.5,0.0,1.0,1.0,1.0,0.5,2.0,1.0,2.0,1.0,1.0,1.0,Keen Eye,Tangled Feet,0,Flying,No Eggs Discovered,0,112,130,0.861538
24,Mega Pidgeot,Normal,Flying,None,1,83.0,80.0,80.0,135.0,80.0,121.0,579.0,50.5,2.2,0.5,Bird Pokémon,45,15,Medium Slow,70,0,0,1,3,3,Pidgeot,1.0,1.0,1.0,1.0,0.0,2.0,0.5,0.0,1.0,1.0,1.0,0.5,2.0,1.0,2.0,1.0,1.0,1.0,No Guard,None,0,Flying,No Eggs Discovered,1,119,126,0.944444
25,Rattata,Normal,Normal,Hustle,1,30.0,56.0,35.0,25.0,35.0,72.0,253.0,3.5,0.3,0.5,Mouse Pokémon,255,15,Medium Fast,70,0,0,0,1,2,No Preevolution,1.0,2.0,1.0,1.0,1.0,1.0,1.0,0.0,1.0,1.0,1.0,1.0,1.0,1.0,1.0,1.0,1.0,1.0,Run Away,Guts,0,Field,No Eggs Discovered,0,65,135,0.481481
26,Raticate,Normal,Normal,Hustle,1,55.0,81.0,60.0,50.0,70.0,97.0,413.0,18.5,0.7,0.5,Mouse Pokémon,127,15,Medium Fast,70,0,0,0,2,2,Rattata,1.0,2.0,1.0,1.0,1.0,1.0,1.0,0.0,1.0,1.0,1.0,1.0,1.0,1.0,1.0,1.0,1.0,1.0,Run Away,Guts,0,Field,No Eggs Discovered,0,101,140,0.721429
27,Spearow,Normal,Flying,Sniper,1,40.0,60.0,30.0,31.0,31.0,70.0,262.0,2.0,0.3,0.5,Tiny Bird Pokémon,255,15,Medium Fast,70,0,0,0,1,2,No Preevolution,1.0,1.0,1.0,1.0,0.0,2.0,0.5,0.0,1.0,1.0,1.0,0.5,2.0,1.0,2.0,1.0,1.0,1.0,Keen Eye,None,0,Flying,No Eggs Discovered,0,62,138,0.449275
28,Fearow,Normal,Flying,Sniper,1,65.0,90.0,65.0,61.0,61.0,100.0,442.0,38.0,1.2,0.5,Beak Pokémon,90,15,Medium Fast,70,0,0,0,2,2,Spearow,1.0,1.0,1.0,1.0,0.0,2.0,0.5,0.0,1.0,1.0,1.0,0.5,2.0,1.0,2.0,1.0,1.0,1.0,Keen Eye,None,0,Flying,No Eggs Discovered,0,103,123,0.837398
29,Ekans,Poison,Poison,Unnerve,1,35.0,60.0,44.0,40.0,54.0,55.0,288.0,6.9,2.0,0.5,Snake Pokémon,255,20,Medium Fast,70,0,0,0,1,2,No Preevolution,1.0,0.5,1.0,0.5,2.0,1.0,0.5,1.0,1.0,1.0,1.0,0.5,1.0,2.0,1.0,1.0,1.0,0.5,Intimidate,Shed Skin,0,Field,Dragon,0,48,131,0.366412
30,Arbok,Poison,Poison,Unnerve,1,60.0,95.0,69.0,65.0,79.0,80.0,448.0,65.0,3.5,0.5,Cobra Pokémon,90,20,Medium Fast,70,0,0,0,2,2,Ekans,1.0,0.5,1.0,0.5,2.0,1.0,0.5,1.0,1.0,1.0,1.0,0.5,1.0,2.0,1.0,1.0,1.0,0.5,Intimidate,Shed Skin,0,Field,Dragon,0,72,125,0.576
31,Pikachu,Electric,Electric,Lightning Rod,1,35.0,55.0,40.0,50.0,50.0,90.0,320.0,6.0,0.4,0.5,Mouse Pokémon,190,10,Medium Fast,70,0,0,0,2,3,Pichu,1.0,1.0,0.5,1.0,2.0,1.0,1.0,1.0,0.5,1.0,1.0,1.0,0.5,1.0,1.0,1.0,1.0,1.0,Static,None,0,Field,Fairy,0,93,136,0.683824
32,Raichu,Electric,Electric,Lightning Rod,1,60.0,90.0,55.0,90.0,80.0,110.0,485.0,30.0,0.8,0.5,Mouse Pokémon,75,10,Medium Fast,70,0,0,0,3,3,Pikachu,1.0,1.0,0.5,1.0,2.0,1.0,1.0,1.0,0.5,1.0,1.0,1.0,0.5,1.0,1.0,1.0,1.0,1.0,Static,None,0,Field,Fairy,0,105,121,0.867769
33,Sandshrew,Ground,Ground,Sand Rush,1,50.0,75.0,85.0,20.0,30.0,40.0,300.0,12.0,0.6,0.5,Mouse Pokémon,255,20,Medium Fast,70,0,0,0,1,2,No Preevolution,1.0,1.0,1.0,0.5,1.0,0.5,1.0,1.0,1.0,1.0,2.0,2.0,0.0,1.0,2.0,1.0,1.0,1.0,Sand Veil,None,0,Field,No Eggs Discovered,0,0,0,0.0
34,Sandslash,Ground,Ground,Sand Rush,1,75.0,100.0,110.0,45.0,55.0,65.0,450.0,29.5,1.0,0.5,Mouse Pokémon,90,20,Medium Fast,70,0,0,0,2,2,Sandshrew,1.0,1.0,1.0,0.5,1.0,0.5,1.0,1.0,1.0,1.0,2.0,2.0,0.0,1.0,2.0,1.0,1.0,1.0,Sand Veil,None,0,Field,No Eggs Discovered,0,56,105,0.533333
35,Nidoran♀,Poison,Poison,Hustle,1,55.0,47.0,52.0,40.0,40.0,41.0,275.0,7.0,0.4,0.0,Poison Pin Pokémon,235,20,Medium Slow,70,0,0,0,1,3,No Preevolution,1.0,0.5,1.0,0.5,2.0,1.0,0.5,1.0,1.0,1.0,1.0,0.5,1.0,2.0,1.0,1.0,1.0,0.5,Poison Point,Rivalry,0,Monster,Field,0,20,119,0.168067
36,Nidorina,Poison,Poison,Hustle,1,70.0,62.0,67.0,55.0,55.0,56.0,365.0,20.0,0.8,0.0,Poison Pin Pokémon,120,20,Medium Slow,70,0,0,0,2,3,Nidoran♀,1.0,0.5,1.0,0.5,2.0,1.0,0.5,1.0,1.0,1.0,1.0,0.5,1.0,2.0,1.0,1.0,1.0,0.5,Poison Point,Rivalry,0,No Eggs Discovered,No Eggs Discovered,0,57,148,0.385135
37,Nidoqueen,Poison,Ground,Sheer Force,1,90.0,92.0,87.0,75.0,85.0,76.0,505.0,60.0,1.3,0.0,Drill Pokémon,45,20,Medium Slow,70,0,0,0,3,3,Nidorina,1.0,0.5,1.0,0.25,2.0,0.5,0.5,1.0,1.0,1.0,2.0,1.0,0.0,2.0,2.0,1.0,1.0,0.5,Poison Point,Rivalry,0,No Eggs Discovered,No Eggs Discovered,0,66,122,0.540984
38,Nidoran♂,Poison,Poison,Hustle,1,46.0,57.0,40.0,40.0,40.0,50.0,273.0,9.0,0.5,1.0,Poison Pin Pokémon,235,20,Medium Slow,70,0,0,0,1,3,No Preevolution,1.0,0.5,1.0,0.5,2.0,1.0,0.5,1.0,1.0,1.0,1.0,0.5,1.0,2.0,1.0,1.0,1.0,0.5,Poison Point,Rivalry,0,Monster,Field,0,34,136,0.25
39,Nidorino,Poison,Poison,Hustle,1,61.0,72.0,57.0,55.0,55.0,65.0,365.0,19.5,0.9,1.0,Poison Pin Pokémon,120,20,Medium Slow,70,0,0,0,2,3,Nidoran♂,1.0,0.5,1.0,0.5,2.0,1.0,0.5,1.0,1.0,1.0,1.0,0.5,1.0,2.0,1.0,1.0,1.0,0.5,Poison Point,Rivalry,0,Monster,Field,0,51,128,0.398438
40,Nidoking,Poison,Ground,Sheer Force,1,81.0,102.0,77.0,85.0,75.0,85.0,505.0,62.0,1.4,1.0,Drill Pokémon,45,20,Medium Slow,70,0,0,0,3,3,Nidorino,1.0,0.5,1.0,0.25,2.0,0.5,0.5,1.0,1.0,1.0,2.0,1.0,0.0,2.0,2.0,1.0,1.0,0.5,Poison Point,Rivalry,0,Monster,Field,0,79,140,0.564286
41,Clefairy,Fairy,Fairy,Friend Guard,1,70.0,45.0,48.0,60.0,65.0,35.0,323.0,7.5,0.6,0.25,Fairy Pokémon,150,10,Fast,140,0,0,0,2,3,Cleffa,1.0,0.5,1.0,2.0,1.0,1.0,0.5,1.0,2.0,1.0,1.0,1.0,1.0,1.0,1.0,0.0,0.5,1.0,Cute Charm,Magic Guard,0,Fairy,No Eggs Discovered,0,20,127,0.15748
42,Clefable,Fairy,Fairy,Unaware,1,95.0,70.0,73.0,95.0,90.0,60.0,483.0,40.0,1.3,0.25,Fairy Pokémon,25,10,Fast,140,0,0,0,3,3,Clefairy,1.0,0.5,1.0,2.0,1.0,1.0,0.5,1.0,2.0,1.0,1.0,1.0,1.0,1.0,1.0,0.0,0.5,1.0,Cute Charm,Magic Guard,0,Fairy,No Eggs Discovered,0,49,123,0.398374
43,Vulpix,Fire,Fire,Drought,1,38.0,41.0,40.0,50.0,65.0,65.0,299.0,9.9,0.6,0.25,Fox Pokémon,190,20,Medium Fast,70,0,0,0,1,2,No Preevolution,1.0,1.0,1.0,1.0,2.0,2.0,0.5,1.0,0.5,0.5,2.0,0.5,1.0,1.0,0.5,1.0,1.0,0.5,Flash Fire,None,0,Field,No Eggs Discovered,0,53,129,0.410853
44,Ninetales,Fire,Fire,Drought,1,73.0,76.0,75.0,81.0,100.0,100.0,505.0,19.9,1.1,0.25,Fox Pokémon,75,20,Medium Fast,70,0,0,0,2,2,Vulpix,1.0,1.0,1.0,1.0,2.0,2.0,0.5,1.0,0.5,0.5,2.0,0.5,1.0,1.0,0.5,1.0,1.0,0.5,Flash Fire,None,0,Field,No Eggs Discovered,0,103,127,0.811024
45,Jigglypuff,Normal,Fairy,Friend Guard,1,115.0,45.0,20.0,45.0,25.0,20.0,270.0,5.5,0.5,0.25,Balloon Pokémon,170,10,Fast,70,0,0,0,2,3,Igglybuff,1.0,1.0,1.0,2.0,1.0,1.0,0.5,0.0,2.0,1.0,1.0,1.0,1.0,1.0,1.0,0.0,0.5,1.0,Cute Charm,Competitive,0,Fairy,No Eggs Discovered,0,15,130,0.115385
46,Wigglytuff,Normal,Fairy,Frisk,1,140.0,70.0,45.0,85.0,50.0,45.0,435.0,12.0,1.0,0.25,Balloon Pokémon,50,10,Fast,70,0,0,0,3,3,Jigglypuff,1.0,1.0,1.0,2.0,1.0,1.0,0.5,0.0,2.0,1.0,1.0,1.0,1.0,1.0,1.0,0.0,0.5,1.0,Cute Charm,Competitive,0,Fairy,No Eggs Discovered,0,0,0,0.0
47,Zubat,Poison,Flying,Infiltrator,1,40.0,45.0,35.0,30.0,40.0,55.0,245.0,7.5,0.8,0.5,Bat Pokémon,255,15,Medium Fast,70,0,0,0,1,3,No Preevolution,1.0,0.25,1.0,0.5,0.0,2.0,0.25,1.0,1.0,1.0,1.0,0.25,2.0,2.0,2.0,1.0,1.0,0.5,Inner Focus,None,0,Flying,No Eggs Discovered,0,55,145,0.37931
48,Golbat,Poison,Flying,Infiltrator,1,75.0,80.0,70.0,65.0,75.0,90.0,455.0,55.0,1.6,0.5,Bat Pokémon,90,15,Medium Fast,70,0,0,0,2,3,Zubat,1.0,0.25,1.0,0.5,0.0,2.0,0.25,1.0,1.0,1.0,1.0,0.25,2.0,2.0,2.0,1.0,1.0,0.5,Inner Focus,None,0,Flying,No Eggs Discovered,0,97,128,0.757812
49,Oddish,Grass,Poison,Run Away,1,45.0,50.0,55.0,75.0,65.0,30.0,320.0,5.4,0.5,0.5,Weed Pokémon,255,20,Medium Slow,70,0,0,0,1,3,No Preevolution,1.0,0.5,2.0,1.0,1.0,1.0,1.0,1.0,1.0,2.0,0.5,0.25,0.5,2.0,2.0,1.0,1.0,0.5,Chlorophyll,None,0,Grass,No Eggs Discovered,0,9,143,0.062937
50,Gloom,Grass,Poison,Stench,1,60.0,65.0,70.0,85.0,75.0,40.0,395.0,8.6,0.8,0.5,Weed Pokémon,120,20,Medium Slow,70,0,0,0,2,3,Oddish,1.0,0.5,2.0,1.0,1.0,1.0,1.0,1.0,1.0,2.0,0.5,0.25,0.5,2.0,2.0,1.0,1.0,0.5,Chlorophyll,None,0,Grass,No Eggs Discovered,0,28,129,0.217054
51,Vileplume,Grass,Poison,Effect Spore,1,75.0,80.0,85.0,110.0,90.0,50.0,490.0,18.6,1.2,0.5,Flower Pokémon,45,20,Medium Slow,70,0,0,0,3,3,Gloom,1.0,0.5,2.0,1.0,1.0,1.0,1.0,1.0,1.0,2.0,0.5,0.25,0.5,2.0,2.0,1.0,1.0,0.5,Chlorophyll,None,0,Grass,No Eggs Discovered,0,44,124,0.354839
52,Paras,Bug,Grass,Damp,1,35.0,70.0,55.0,45.0,55.0,25.0,285.0,5.4,0.3,0.5,Mushroom Pokémon,190,20,Medium Fast,70,0,0,0,1,2,No Preevolution,1.0,0.5,4.0,2.0,0.25,2.0,2.0,1.0,1.0,4.0,0.5,0.25,0.5,1.0,2.0,1.0,1.0,1.0,Effect Spore,Dry Skin,0,Bug,Grass,0,13,138,0.094203
53,Parasect,Bug,Grass,Damp,1,60.0,95.0,80.0,60.0,80.0,30.0,405.0,29.5,1.0,0.5,Mushroom Pokémon,75,20,Medium Fast,70,0,0,0,2,2,Paras,1.0,0.5,4.0,2.0,0.25,2.0,2.0,1.0,1.0,4.0,0.5,0.25,0.5,1.0,2.0,1.0,1.0,1.0,Effect Spore,Dry Skin,0,Bug,Grass,0,30,154,0.194805
54,Venonat,Bug,Poison,Run Away,1,60.0,55.0,50.0,40.0,55.0,45.0,305.0,30.0,1.0,0.5,Insect Pokémon,190,20,Medium Fast,70,0,0,0,1,2,No Preevolution,1.0,0.25,2.0,0.5,1.0,2.0,0.5,1.0,1.0,2.0,1.0,0.25,1.0,2.0,1.0,1.0,1.0,0.5,Compound Eyes,Tinted Lens,0,Bug,No Eggs Discovered,0,32,143,0.223776
55,Venomoth,Bug,Poison,Wonder Skin,1,70.0,65.0,60.0,90.0,75.0,90.0,450.0,12.5,1.5,0.5,Poison Moth Pokémon,75,20,Medium Fast,70,0,0,0,2,2,Venonat,1.0,0.25,2.0,0.5,1.0,2.0,0.5,1.0,1.0,2.0,1.0,0.25,1.0,2.0,1.0,1.0,1.0,0.5,Shield Dust,Tinted Lens,0,Bug,No Eggs Discovered,0,92,140,0.657143
56,Diglett,Ground,Ground,Sand Force,1,10.0,55.0,25.0,35.0,45.0,95.0,265.0,0.8,0.2,0.5,Mole Pokémon,255,20,Medium Fast,70,0,0,0,1,2,No Preevolution,1.0,1.0,1.0,0.5,1.0,0.5,1.0,1.0,1.0,1.0,2.0,2.0,0.0,1.0,2.0,1.0,1.0,1.0,Sand Veil,Arena Trap,0,Field,No Eggs Discovered,0,68,126,0.539683
57,Dugtrio,Ground,Ground,Sand Force,1,35.0,100.0,50.0,50.0,70.0,120.0,425.0,33.3,0.7,0.5,Mole Pokémon,50,20,Medium Fast,70,0,0,0,2,2,Diglett,1.0,1.0,1.0,0.5,1.0,0.5,1.0,1.0,1.0,1.0,2.0,2.0,0.0,1.0,2.0,1.0,1.0,1.0,Sand Veil,Arena Trap,0,Field,No Eggs Discovered,0,108,128,0.84375
58,Meowth,Normal,Normal,Unnerve,1,40.0,45.0,35.0,40.0,40.0,90.0,290.0,4.2,0.4,0.5,Scratch Cat Pokémon,255,20,Medium Fast,70,0,0,0,1,2,No Preevolution,1.0,2.0,1.0,1.0,1.0,1.0,1.0,0.0,1.0,1.0,1.0,1.0,1.0,1.0,1.0,1.0,1.0,1.0,Pickup,Technician,0,Field,No Eggs Discovered,0,91,140,0.65
59,Persian,Normal,Normal,Unnerve,1,65.0,70.0,60.0,65.0,65.0,115.0,440.0,32.0,1.0,0.5,Classy Cat Pokémon,90,20,Medium Fast,70,0,0,0,2,2,Meowth,1.0,2.0,1.0,1.0,1.0,1.0,1.0,0.0,1.0,1.0,1.0,1.0,1.0,1.0,1.0,1.0,1.0,1.0,Limber,Technician,0,Field,No Eggs Discovered,0,103,120,0.858333
60,Psyduck,Water,Water,Swift Swim,1,50.0,52.0,48.0,65.0,50.0,55.0,320.0,19.6,0.8,0.5,Duck Pokémon,190,20,Medium Fast,70,0,0,0,1,2,No Preevolution,1.0,1.0,1.0,1.0,1.0,1.0,1.0,1.0,0.5,0.5,0.5,2.0,2.0,1.0,0.5,1.0,1.0,1.0,Damp,Cloud Nine,0,Water 1,Field,0,47,142,0.330986
61,Golduck,Water,Water,Swift Swim,1,80.0,82.0,78.0,95.0,80.0,85.0,500.0,76.6,1.7,0.5,Duck Pokémon,75,20,Medium Fast,70,0,0,0,2,2,Psyduck,1.0,1.0,1.0,1.0,1.0,1.0,1.0,1.0,0.5,0.5,0.5,2.0,2.0,1.0,0.5,1.0,1.0,1.0,Damp,Cloud Nine,0,Water 1,Field,0,79,115,0.686957
62,Mankey,Fighting,Fighting,Defiant,1,40.0,80.0,35.0,35.0,45.0,70.0,305.0,28.0,0.5,0.5,Pig Monkey Pokémon,190,20,Medium Fast,70,0,0,0,1,3,No Preevolution,1.0,1.0,2.0,1.0,1.0,0.5,0.5,1.0,1.0,1.0,1.0,1.0,1.0,2.0,1.0,1.0,0.5,2.0,Vital Spirit,Anger Point,0,Field,No Eggs Discovered,0,55,118,0.466102
63,Primeape,Fighting,Fighting,Defiant,1,65.0,105.0,60.0,60.0,70.0,95.0,455.0,32.0,1.0,0.5,Pig Monkey Pokémon,75,20,Medium Fast,70,0,0,0,2,3,Mankey,1.0,1.0,2.0,1.0,1.0,0.5,0.5,1.0,1.0,1.0,1.0,1.0,1.0,2.0,1.0,1.0,0.5,2.0,Vital Spirit,Anger Point,0,Field,No Eggs Discovered,0,85,108,0.787037
64,Growlithe,Fire,Fire,Justified,1,55.0,70.0,45.0,70.0,50.0,60.0,350.0,19.0,0.7,0.75,Puppy Pokémon,190,20,Slow,70,0,0,0,1,2,No Preevolution,1.0,1.0,1.0,1.0,2.0,2.0,0.5,1.0,0.5,0.5,2.0,0.5,1.0,1.0,0.5,1.0,1.0,0.5,Intimidate,Flash Fire,0,Field,No Eggs Discovered,0,54,120,0.45
65,Arcanine,Fire,Fire,Justified,1,90.0,110.0,80.0,100.0,80.0,95.0,555.0,155.0,1.9,0.75,Legendary Pokémon,75,20,Slow,70,0,0,0,2,2,Growlithe,1.0,1.0,1.0,1.0,2.0,2.0,0.5,1.0,0.5,0.5,2.0,0.5,1.0,1.0,0.5,1.0,1.0,0.5,Intimidate,Flash Fire,0,Field,No Eggs Discovered,0,91,114,0.798246
66,Poliwag,Water,Water,Swift Swim,1,40.0,50.0,40.0,40.0,40.0,90.0,300.0,12.4,0.6,0.5,Tadpole Pokémon,255,20,Medium Slow,70,0,0,0,1,3,No Preevolution,1.0,1.0,1.0,1.0,1.0,1.0,1.0,1.0,0.5,0.5,0.5,2.0,2.0,1.0,0.5,1.0,1.0,1.0,Water Absorb,Damp,0,Water 1,No Eggs Discovered,0,0,0,0.0
67,Poliwhirl,Water,Water,Swift Swim,1,65.0,65.0,65.0,50.0,50.0,90.0,385.0,20.0,1.0,0.5,Tadpole Pokémon,120,20,Medium Slow,70,0,0,0,2,3,Poliwag,1.0,1.0,1.0,1.0,1.0,1.0,1.0,1.0,0.5,0.5,0.5,2.0,2.0,1.0,0.5,1.0,1.0,1.0,Water Absorb,Damp,0,Water 1,No Eggs Discovered,0,90,125,0.72
68,Poliwrath,Water,Fighting,Swift Swim,1,90.0,95.0,95.0,70.0,90.0,70.0,510.0,54.0,1.3,0.5,Tadpole Pokémon,45,20,Medium Slow,70,0,0,0,3,3,Poliwhirl,1.0,1.0,2.0,1.0,1.0,0.5,0.5,1.0,0.5,0.5,0.5,2.0,2.0,2.0,0.5,1.0,0.5,2.0,Water Absorb,Damp,0,Water 1,No Eggs Discovered,0,68,130,0.523077
69,Abra,Psychic,Psychic,Magic Guard,1,25.0,20.0,15.0,105.0,55.0,90.0,310.0,19.5,0.9,0.75,Psi Pokémon,200,20,Medium Slow,70,0,0,0,1,3,No Preevolution,1.0,0.5,1.0,1.0,1.0,1.0,2.0,2.0,1.0,1.0,1.0,1.0,1.0,0.5,1.0,1.0,2.0,1.0,Synchronize,Inner Focus,0,Human-Like,No Eggs Discovered,0,35,108,0.324074
70,Kadabra,Psychic,Psychic,Magic Guard,1,40.0,35.0,30.0,120.0,70.0,105.0,400.0,56.5,1.3,0.75,Psi Pokémon,100,20,Medium Slow,70,0,0,0,2,3,Abra,1.0,0.5,1.0,1.0,1.0,1.0,2.0,2.0,1.0,1.0,1.0,1.0,1.0,0.5,1.0,1.0,2.0,1.0,Synchronize,Inner Focus,0,Human-Like,No Eggs Discovered,0,87,130,0.669231
71,Alakazam,Psychic,Psychic,Magic Guard,1,55.0,50.0,45.0,135.0,95.0,120.0,500.0,48.0,1.5,0.75,Psi Pokémon,50,20,Medium Slow,70,0,0,1,3,3,Kadabra,1.0,0.5,1.0,1.0,1.0,1.0,2.0,2.0,1.0,1.0,1.0,1.0,1.0,0.5,1.0,1.0,2.0,1.0,Synchronize,Inner Focus,0,Human-Like,No Eggs Discovered,0,108,140,0.771429
72,Mega Alakazam,Psychic,Psychic,None,1,55.0,50.0,65.0,175.0,105.0,150.0,600.0,48.0,1.2,0.75,Psi Pokémon,50,20,Medium Slow,70,0,0,1,3,3,Alakazam,1.0,0.5,1.0,1.0,1.0,1.0,2.0,2.0,1.0,1.0,1.0,1.0,1.0,0.5,1.0,1.0,2.0,1.0,Trace,None,0,Human-Like,No Eggs Discovered,1,86,110,0.781818
73,Machop,Fighting,Fighting,Steadfast,1,70.0,80.0,50.0,35.0,35.0,35.0,305.0,19.5,0.8,0.75,Superpower Pokémon,180,20,Medium Slow,70,0,0,0,1,3,No Preevolution,1.0,1.0,2.0,1.0,1.0,0.5,0.5,1.0,1.0,1.0,1.0,1.0,1.0,2.0,1.0,1.0,0.5,2.0,Guts,No Guard,0,Human-Like,No Eggs Discovered,0,21,150,0.14
74,Machoke,Fighting,Fighting,Steadfast,1,80.0,100.0,70.0,50.0,60.0,45.0,405.0,70.5,1.5,0.75,Superpower Pokémon,90,20,Medium Slow,70,0,0,0,2,3,Machop,1.0,1.0,2.0,1.0,1.0,0.5,0.5,1.0,1.0,1.0,1.0,1.0,1.0,2.0,1.0,1.0,0.5,2.0,Guts,No Guard,0,Human-Like,No Eggs Discovered,0,32,124,0.258065
75,Machamp,Fighting,Fighting,Steadfast,1,90.0,130.0,80.0,65.0,85.0,55.0,505.0,130.0,1.6,0.75,Superpower Pokémon,45,20,Medium Slow,70,0,0,0,3,3,Machoke,1.0,1.0,2.0,1.0,1.0,0.5,0.5,1.0,1.0,1.0,1.0,1.0,1.0,2.0,1.0,1.0,0.5,2.0,Guts,No Guard,0,Human-Like,No Eggs Discovered,0,51,116,0.439655
76,Bellsprout,Grass,Poison,Gluttony,1,50.0,75.0,35.0,70.0,30.0,40.0,300.0,4.0,0.7,0.5,Flower Pokémon,255,20,Medium Slow,70,0,0,0,1,3,No Preevolution,1.0,0.5,2.0,1.0,1.0,1.0,1.0,1.0,1.0,2.0,0.5,0.25,0.5,2.0,2.0,1.0,1.0,0.5,Chlorophyll,None,0,Grass,No Eggs Discovered,0,23,108,0.212963
77,Weepinbell,Grass,Poison,Gluttony,1,65.0,90.0,50.0,85.0,45.0,55.0,390.0,6.4,1.0,0.5,Flycatcher Pokémon,120,20,Medium Slow,70,0,0,0,2,3,Bellsprout,1.0,0.5,2.0,1.0,1.0,1.0,1.0,1.0,1.0,2.0,0.5,0.25,0.5,2.0,2.0,1.0,1.0,0.5,Chlorophyll,None,0,Grass,No Eggs Discovered,0,45,121,0.371901
78,Victreebel,Grass,Poison,Gluttony,1,80.0,105.0,65.0,100.0,70.0,70.0,490.0,15.5,1.7,0.5,Flycatcher Pokémon,45,20,Medium Slow,70,0,0,0,3,3,Weepinbell,1.0,0.5,2.0,1.0,1.0,1.0,1.0,1.0,1.0,2.0,0.5,0.25,0.5,2.0,2.0,1.0,1.0,0.5,Chlorophyll,None,0,Grass,No Eggs Discovered,0,0,0,0.0
79,Tentacool,Water,Poison,Rain Dish,1,40.0,40.0,35.0,50.0,100.0,70.0,335.0,45.5,0.9,0.5,Jellyfish Pokémon,190,20,Slow,70,0,0,0,1,2,No Preevolution,1.0,0.5,1.0,0.5,2.0,1.0,0.5,1.0,0.5,0.5,0.5,1.0,2.0,2.0,0.5,1.0,1.0,0.5,Clear Body,Liquid Ooze,0,Water 3,No Eggs Discovered,0,79,157,0.503185
80,Tentacruel,Water,Poison,Rain Dish,1,80.0,70.0,65.0,80.0,120.0,100.0,515.0,55.0,1.6,0.5,Jellyfish Pokémon,60,20,Slow,70,0,0,0,2,2,Tentacool,1.0,0.5,1.0,0.5,2.0,1.0,0.5,1.0,0.5,0.5,0.5,1.0,2.0,2.0,0.5,1.0,1.0,0.5,Clear Body,Liquid Ooze,0,Water 3,No Eggs Discovered,0,94,117,0.803419
81,Geodude,Rock,Ground,Sand Veil,1,40.0,80.0,100.0,30.0,30.0,20.0,300.0,20.0,0.4,0.5,Rock Pokémon,255,15,Medium Slow,70,0,0,0,1,3,No Preevolution,0.5,2.0,0.5,0.25,2.0,0.5,1.0,1.0,2.0,0.5,4.0,4.0,0.0,1.0,2.0,1.0,1.0,1.0,Rock Head,Sturdy,0,Mineral,No Eggs Discovered,0,16,135,0.118519
82,Graveler,Rock,Ground,Sand Veil,1,55.0,95.0,115.0,45.0,45.0,35.0,390.0,105.0,1.0,0.5,Rock Pokémon,120,15,Medium Slow,70,0,0,0,2,3,Geodude,0.5,2.0,0.5,0.25,2.0,0.5,1.0,1.0,2.0,0.5,4.0,4.0,0.0,1.0,2.0,1.0,1.0,1.0,Rock Head,Sturdy,0,Mineral,No Eggs Discovered,0,29,137,0.211679
83,Golem,Rock,Ground,Sand Veil,1,80.0,120.0,130.0,55.0,65.0,45.0,495.0,300.0,1.4,0.5,Megaton Pokémon,45,15,Medium Slow,70,0,0,0,3,3,Graveler,0.5,2.0,0.5,0.25,2.0,0.5,1.0,1.0,2.0,0.5,4.0,4.0,0.0,1.0,2.0,1.0,1.0,1.0,Rock Head,Sturdy,0,Mineral,No Eggs Discovered,0,50,135,0.37037
84,Ponyta,Fire,Fire,Flame Body,1,50.0,85.0,55.0,65.0,65.0,90.0,410.0,30.0,1.0,0.5,Fire Horse Pokémon,190,20,Medium Fast,70,0,0,0,1,2,No Preevolution,1.0,1.0,1.0,1.0,2.0,2.0,0.5,1.0,0.5,0.5,2.0,0.5,1.0,1.0,0.5,1.0,1.0,0.5,Run Away,Flash Fire,0,Field,No Eggs Discovered,0,86,115,0.747826
85,Rapidash,Fire,Fire,Flame Body,1,65.0,100.0,70.0,80.0,80.0,105.0,500.0,95.0,1.7,0.5,Fire Horse Pokémon,60,20,Medium Fast,70,0,0,0,2,2,Ponyta,1.0,1.0,1.0,1.0,2.0,2.0,0.5,1.0,0.5,0.5,2.0,0.5,1.0,1.0,0.5,1.0,1.0,0.5,Run Away,Flash Fire,0,Field,No Eggs Discovered,0,91,105,0.866667
86,Slowpoke,Water,Psychic,Regenerator,1,90.0,65.0,65.0,40.0,40.0,15.0,315.0,36.0,1.2,0.5,Dopey Pokémon,190,20,Medium Fast,70,0,0,0,1,2,No Preevolution,1.0,0.5,1.0,1.0,1.0,1.0,2.0,2.0,0.5,0.5,0.5,2.0,2.0,0.5,0.5,1.0,2.0,1.0,Oblivious,Own Tempo,0,Monster,Water 1,0,24,122,0.196721
87,Slowbro,Water,Psychic,Regenerator,1,95.0,75.0,110.0,100.0,80.0,30.0,490.0,78.5,1.6,0.5,Hermit Crab Pokémon,75,20,Medium Fast,70,0,0,1,2,2,Slowpoke,1.0,0.5,1.0,1.0,1.0,1.0,2.0,2.0,0.5,0.5,0.5,2.0,2.0,0.5,0.5,1.0,2.0,1.0,Oblivious,Own Tempo,0,Monster,Water 1,0,20,131,0.152672
88,Mega Slowbro,Water,Psychic,None,1,95.0,75.0,180.0,130.0,80.0,30.0,590.0,120.0,2.0,0.5,Hermit Crab Pokémon,75,20,Medium Fast,70,0,0,1,2,2,Slowbro,1.0,0.5,1.0,1.0,1.0,1.0,2.0,2.0,0.5,0.5,0.5,2.0,2.0,0.5,0.5,1.0,2.0,1.0,Shell Armor,None,0,Monster,Water 1,1,16,116,0.137931
89,Magnemite,Electric,Steel,Analytic,1,25.0,35.0,70.0,95.0,55.0,45.0,325.0,6.0,0.3,0.5,Magnet Pokémon,190,20,Medium Fast,70,0,0,0,1,3,No Preevolution,0.5,2.0,0.25,0.0,4.0,0.5,0.5,1.0,0.25,2.0,1.0,0.5,0.5,0.5,0.5,0.5,1.0,0.5,Magnet Pull,Sturdy,1,Mineral,No Eggs Discovered,0,24,143,0.167832
90,Magneton,Electric,Steel,Analytic,1,50.0,60.0,95.0,120.0,70.0,70.0,465.0,60.0,1.0,0.5,Magnet Pokémon,60,20,Medium Fast,70,0,0,0,2,3,Magnemite,0.5,2.0,0.25,0.0,4.0,0.5,0.5,1.0,0.25,2.0,1.0,0.5,0.5,0.5,0.5,0.5,1.0,0.5,Magnet Pull,Sturdy,1,Mineral,No Eggs Discovered,0,0,0,0.0
91,Farfetch'd,Normal,Flying,Defiant,1,52.0,90.0,55.0,58.0,62.0,60.0,377.0,15.0,0.8,0.5,Wild Duck Pokémon,45,20,Medium Fast,70,0,0,0,1,2,No Preevolution,1.0,1.0,1.0,1.0,0.0,2.0,0.5,0.0,1.0,1.0,1.0,0.5,2.0,1.0,2.0,1.0,1.0,1.0,Keen Eye,Inner Focus,0,Flying,Field,0,52,116,0.448276
92,Doduo,Normal,Flying,Tangled Feet,1,35.0,85.0,45.0,35.0,35.0,75.0,310.0,39.2,1.4,0.5,Twin Bird Pokémon,190,20,Medium Fast,70,0,0,0,1,2,No Preevolution,1.0,1.0,1.0,1.0,0.0,2.0,0.5,0.0,1.0,1.0,1.0,0.5,2.0,1.0,2.0,1.0,1.0,1.0,Run Away,Early Bird,0,Flying,No Eggs Discovered,0,87,134,0.649254
93,Dodrio,Normal,Flying,Tangled Feet,1,60.0,110.0,70.0,60.0,60.0,110.0,470.0,85.2,1.8,0.5,Triple Bird Pokémon,45,20,Medium Fast,70,0,0,0,2,2,Doduo,1.0,1.0,1.0,1.0,0.0,2.0,0.5,0.0,1.0,1.0,1.0,0.5,2.0,1.0,2.0,1.0,1.0,1.0,Run Away,Early Bird,0,Flying,No Eggs Discovered,0,121,143,0.846154
94,Seel,Water,Water,Ice Body,1,65.0,45.0,55.0,45.0,70.0,45.0,325.0,90.0,1.1,0.5,Sea Lion Pokémon,190,20,Medium Fast,70,0,0,0,1,2,No Preevolution,1.0,1.0,1.0,1.0,1.0,1.0,1.0,1.0,0.5,0.5,0.5,2.0,2.0,1.0,0.5,1.0,1.0,1.0,Thick Fat,Hydration,0,Water 1,Field,0,29,119,0.243697
95,Dewgong,Water,Ice,Ice Body,1,90.0,70.0,80.0,70.0,95.0,70.0,475.0,120.0,1.7,0.5,Sea Lion Pokémon,75,20,Medium Fast,70,0,0,0,2,2,Seel,1.0,2.0,1.0,1.0,1.0,2.0,1.0,1.0,1.0,1.0,0.5,2.0,2.0,1.0,0.25,1.0,1.0,1.0,Thick Fat,Hydration,0,Water 1,Field,0,68,131,0.519084
96,Grimer,Poison,Poison,Poison Touch,1,80.0,80.0,50.0,40.0,50.0,25.0,325.0,30.0,0.9,0.5,Sludge Pokémon,190,20,Medium Fast,70,0,0,0,1,2,No Preevolution,1.0,0.5,1.0,0.5,2.0,1.0,0.5,1.0,1.0,1.0,1.0,0.5,1.0,2.0,1.0,1.0,1.0,0.5,Stench,Sticky Hold,0,Amorphous,No Eggs Discovered,0,25,142,0.176056
97,Muk,Poison,Poison,Poison Touch,1,105.0,105.0,75.0,65.0,100.0,50.0,500.0,30.0,1.2,0.5,Sludge Pokémon,75,20,Medium Fast,70,0,0,0,2,2,Grimer,1.0,0.5,1.0,0.5,2.0,1.0,0.5,1.0,1.0,1.0,1.0,0.5,1.0,2.0,1.0,1.0,1.0,0.5,Stench,Sticky Hold,0,Amorphous,No Eggs Discovered,0,50,133,0.37594
98,Shellder,Water,Water,Overcoat,1,30.0,65.0,100.0,45.0,25.0,40.0,305.0,4.0,0.3,0.5,Bivalve Pokémon,190,20,Slow,70,0,0,0,1,2,No Preevolution,1.0,1.0,1.0,1.0,1.0,1.0,1.0,1.0,0.5,0.5,0.5,2.0,2.0,1.0,0.5,1.0,1.0,1.0,Shell Armor,Skill Link,0,Water 3,No Eggs Discovered,0,21,111,0.189189
99,Cloyster,Water,Ice,Overcoat,1,50.0,95.0,180.0,85.0,45.0,70.0,525.0,132.5,1.5,0.5,Bivalve Pokémon,60,20,Slow,70,0,0,0,2,2,Shellder,1.0,2.0,1.0,1.0,1.0,2.0,1.0,1.0,1.0,1.0,0.5,2.0,2.0,1.0,0.25,1.0,1.0,1.0,Shell Armor,Skill Link,0,Water 3,No Eggs Discovered,0,71,134,0.529851
100,Gastly,Ghost,Poison,None,1,30.0,35.0,30.0,100.0,35.0,80.0,310.0,0.1,1.3,0.5,Gas Pokémon,190,20,Medium Slow,70,0,0,0,1,3,No Preevolution,0.0,0.0,1.0,0.25,2.0,1.0,0.25,2.0,1.0,1.0,1.0,0.5,1.0,2.0,1.0,1.0,2.0,0.5,Levitate,None,0,Amorphous,No Eggs Discovered,0,61,128,0.476562
101,Haunter,Ghost,Poison,None,1,45.0,50.0,45.0,115.0,55.0,95.0,405.0,0.1,1.6,0.5,Gas Pokémon,90,20,Medium Slow,70,0,0,0,2,3,Gastly,0.0,0.0,1.0,0.25,2.0,1.0,0.25,2.0,1.0,1.0,1.0,0.5,1.0,2.0,1.0,1.0,2.0,0.5,Levitate,None,0,Amorphous,No Eggs Discovered,0,77,111,0.693694
102,Gengar,Ghost,Poison,None,1,60.0,65.0,60.0,130.0,75.0,110.0,500.0,40.5,1.5,0.5,Shadow Pokémon,45,20,Medium Slow,70,0,0,1,3,3,Haunter,0.0,0.0,1.0,0.25,2.0,1.0,0.25,2.0,1.0,1.0,1.0,0.5,1.0,2.0,1.0,1.0,2.0,0.5,Cursed Body,None,0,Amorphous,No Eggs Discovered,0,88,114,0.77193
103,Mega Gengar,Ghost,Poison,None,1,60.0,65.0,80.0,170.0,95.0,130.0,600.0,40.5,1.4,0.5,Shadow Pokémon,45,20,Medium Slow,70,0,0,1,3,3,Gengar,0.0,0.0,1.0,0.25,2.0,1.0,0.25,2.0,1.0,1.0,1.0,0.5,1.0,2.0,1.0,1.0,2.0,0.5,Shadow Tag,None,0,Amorphous,No Eggs Discovered,1,113,131,0.862595
104,Onix,Rock,Ground,Weak Armor,1,35.0,45.0,160.0,30.0,45.0,70.0,385.0,210.0,8.8,0.5,Rock Snake Pokémon,45,25,Medium Fast,70,0,0,0,1,2,No Preevolution,0.5,2.0,0.5,0.25,2.0,0.5,1.0,1.0,2.0,0.5,4.0,4.0,0.0,1.0,2.0,1.0,1.0,1.0,Rock Head,Sturdy,0,Mineral,No Eggs Discovered,0,65,135,0.481481
105,Drowzee,Psychic,Psychic,Inner Focus,1,60.0,48.0,45.0,43.0,90.0,42.0,328.0,32.4,1.0,0.5,Hypnosis Pokémon,190,20,Medium Fast,70,0,0,0,1,2,No Preevolution,1.0,0.5,1.0,1.0,1.0,1.0,2.0,2.0,1.0,1.0,1.0,1.0,1.0,0.5,1.0,1.0,2.0,1.0,Insomnia,Forewarn,0,Human-Like,No Eggs Discovered,0,30,137,0.218978
106,Hypno,Psychic,Psychic,Inner Focus,1,85.0,73.0,70.0,73.0,115.0,67.0,483.0,75.6,1.6,0.5,Hypnosis Pokémon,75,20,Medium Fast,70,0,0,0,2,2,Drowzee,1.0,0.5,1.0,1.0,1.0,1.0,2.0,2.0,1.0,1.0,1.0,1.0,1.0,0.5,1.0,1.0,2.0,1.0,Insomnia,Forewarn,0,Human-Like,No Eggs Discovered,0,61,119,0.512605
107,Krabby,Water,Water,Sheer Force,1,30.0,105.0,90.0,25.0,25.0,50.0,325.0,6.5,0.4,0.5,River Crab Pokémon,225,20,Medium Fast,70,0,0,0,1,2,No Preevolution,1.0,1.0,1.0,1.0,1.0,1.0,1.0,1.0,0.5,0.5,0.5,2.0,2.0,1.0,0.5,1.0,1.0,1.0,Hyper Cutter,Shell Armor,0,Water 3,No Eggs Discovered,0,38,137,0.277372
108,Kingler,Water,Water,Sheer Force,1,55.0,130.0,115.0,50.0,50.0,75.0,475.0,60.0,1.3,0.5,Pincer Pokémon,60,20,Medium Fast,70,0,0,0,2,2,Krabby,1.0,1.0,1.0,1.0,1.0,1.0,1.0,1.0,0.5,0.5,0.5,2.0,2.0,1.0,0.5,1.0,1.0,1.0,Hyper Cutter,Shell Armor,0,Water 3,No Eggs Discovered,0,67,112,0.598214
109,Voltorb,Electric,Electric,Aftermath,1,40.0,30.0,50.0,55.0,55.0,100.0,330.0,10.4,0.5,0.5,Ball Pokémon,190,20,Medium Fast,70,0,0,0,1,2,No Preevolution,1.0,1.0,0.5,1.0,2.0,1.0,1.0,1.0,0.5,1.0,1.0,1.0,0.5,1.0,1.0,1.0,1.0,1.0,Soundproof,Static,1,Mineral,No Eggs Discovered,0,66,113,0.584071
110,Electrode,Electric,Electric,Aftermath,1,60.0,50.0,70.0,80.0,80.0,150.0,490.0,66.6,1.2,0.5,Ball Pokémon,60,20,Medium Fast,70,0,0,0,2,2,Voltorb,1.0,1.0,0.5,1.0,2.0,1.0,1.0,1.0,0.5,1.0,1.0,1.0,0.5,1.0,1.0,1.0,1.0,1.0,Soundproof,Static,1,Mineral,No Eggs Discovered,0,109,129,0.844961
111,Exeggcute,Grass,Psychic,Harvest,1,60.0,40.0,80.0,60.0,45.0,40.0,325.0,2.5,0.4,0.5,Egg Pokémon,90,20,Slow,70,0,0,0,1,2,No Preevolution,1.0,0.5,2.0,2.0,0.5,1.0,4.0,2.0,1.0,2.0,0.5,0.5,0.5,0.5,2.0,1.0,2.0,1.0,Chlorophyll,None,0,Grass,No Eggs Discovered,0,32,136,0.235294
112,Exeggutor,Grass,Psychic,Harvest,1,95.0,95.0,85.0,125.0,75.0,55.0,530.0,120.0,2.0,0.5,Coconut Pokémon,45,20,Slow,70,0,0,0,2,2,Exeggcute,1.0,0.5,2.0,2.0,0.5,1.0,4.0,2.0,1.0,2.0,0.5,0.5,0.5,0.5,2.0,1.0,2.0,1.0,Chlorophyll,None,0,Grass,No Eggs Discovered,0,37,95,0.389474
113,Cubone,Ground,Ground,Battle Armor,1,50.0,50.0,95.0,40.0,50.0,35.0,320.0,6.5,0.4,0.5,Lonely Pokémon,190,20,Medium Fast,70,0,0,0,1,2,No Preevolution,1.0,1.0,1.0,0.5,1.0,0.5,1.0,1.0,1.0,1.0,2.0,2.0,0.0,1.0,2.0,1.0,1.0,1.0,Rock Head,Lightning Rod,0,Monster,No Eggs Discovered,0,29,143,0.202797
114,Marowak,Ground,Ground,Battle Armor,1,60.0,80.0,110.0,50.0,80.0,45.0,425.0,45.0,1.0,0.5,Bone Keeper Pokémon,75,20,Medium Fast,70,0,0,0,2,2,Cubone,1.0,1.0,1.0,0.5,1.0,0.5,1.0,1.0,1.0,1.0,2.0,2.0,0.0,1.0,2.0,1.0,1.0,1.0,Rock Head,Lightning Rod,0,Monster,No Eggs Discovered,0,34,120,0.283333
115,Hitmonlee,Fighting,Fighting,Unburden,1,50.0,120.0,53.0,35.0,110.0,87.0,455.0,49.8,1.5,1.0,Kicking Pokémon,45,25,Medium Fast,70,0,0,0,2,2,Tyrogue,1.0,1.0,2.0,1.0,1.0,0.5,0.5,1.0,1.0,1.0,1.0,1.0,1.0,2.0,1.0,1.0,0.5,2.0,Limber,Reckless,0,Human-Like,No Eggs Discovered,0,82,128,0.640625
116,Hitmonchan,Fighting,Fighting,Inner Focus,1,50.0,105.0,79.0,35.0,110.0,76.0,455.0,50.2,1.4,1.0,Punching Pokémon,45,25,Medium Fast,70,0,0,0,2,2,Tyrogue,1.0,1.0,2.0,1.0,1.0,0.5,0.5,1.0,1.0,1.0,1.0,1.0,1.0,2.0,1.0,1.0,0.5,2.0,Keen Eye,Iron Fist,0,Human-Like,No Eggs Discovered,0,87,140,0.621429
117,Lickitung,Normal,Normal,Cloud Nine,1,90.0,55.0,75.0,60.0,75.0,30.0,385.0,65.5,1.2,0.5,Licking Pokémon,45,20,Medium Fast,70,0,0,0,1,2,No Preevolution,1.0,2.0,1.0,1.0,1.0,1.0,1.0,0.0,1.0,1.0,1.0,1.0,1.0,1.0,1.0,1.0,1.0,1.0,Own Tempo,Oblivious,0,Monster,No Eggs Discovered,0,19,136,0.139706
118,Koffing,Poison,Poison,Stench,1,40.0,65.0,95.0,60.0,45.0,35.0,340.0,1.0,0.6,0.5,Poison Gas Pokémon,190,20,Medium Fast,70,0,0,0,1,2,No Preevolution,1.0,0.5,1.0,0.5,2.0,1.0,0.5,1.0,1.0,1.0,1.0,0.5,1.0,2.0,1.0,1.0,1.0,0.5,Levitate,Neutralizing Gas,0,Amorphous,No Eggs Discovered,0,20,143,0.13986
119,Weezing,Poison,Poison,Stench,1,65.0,90.0,120.0,85.0,70.0,60.0,490.0,9.5,1.2,0.5,Poison Gas Pokémon,60,20,Medium Fast,70,0,0,0,2,2,Koffing,1.0,0.5,1.0,0.5,2.0,1.0,0.5,1.0,1.0,1.0,1.0,0.5,1.0,2.0,1.0,1.0,1.0,0.5,Levitate,Neutralizing Gas,0,Amorphous,No Eggs Discovered,0,56,129,0.434109
120,Rhyhorn,Ground,Rock,Reckless,1,80.0,85.0,95.0,30.0,30.0,25.0,345.0,115.0,1.0,0.5,Spikes Pokémon,120,20,Slow,70,0,0,0,1,3,No Preevolution,0.5,2.0,0.5,0.25,2.0,0.5,1.0,1.0,2.0,0.5,4.0,4.0,0.0,1.0,2.0,1.0,1.0,1.0,Lightning Rod,Rock Head,0,Monster,Field,0,34,119,0.285714
121,Rhydon,Ground,Rock,Reckless,1,105.0,130.0,120.0,45.0,45.0,40.0,485.0,120.0,1.9,0.5,Drill Pokémon,60,20,Slow,70,0,0,0,2,3,Rhyhorn,0.5,2.0,0.5,0.25,2.0,0.5,1.0,1.0,2.0,0.5,4.0,4.0,0.0,1.0,2.0,1.0,1.0,1.0,Lightning Rod,Rock Head,0,Monster,Field,0,48,108,0.444444
122,Chansey,Normal,Normal,Healer,1,250.0,5.0,5.0,35.0,105.0,50.0,450.0,34.6,1.1,0.0,Egg Pokémon,30,40,Fast,140,0,0,0,2,3,Happiny,1.0,2.0,1.0,1.0,1.0,1.0,1.0,0.0,1.0,1.0,1.0,1.0,1.0,1.0,1.0,1.0,1.0,1.0,Natural Cure,Serene Grace,0,Fairy,No Eggs Discovered,0,15,98,0.153061
123,Tangela,Grass,Grass,Regenerator,1,65.0,55.0,115.0,100.0,40.0,60.0,435.0,35.0,1.0,0.5,Vine Pokémon,45,20,Medium Fast,70,0,0,0,1,2,No Preevolution,1.0,1.0,2.0,2.0,0.5,1.0,2.0,1.0,1.0,2.0,0.5,0.5,0.5,1.0,2.0,1.0,1.0,1.0,Chlorophyll,Leaf Guard,0,Grass,No Eggs Discovered,0,49,129,0.379845
124,Kangaskhan,Normal,Normal,Inner Focus,1,105.0,95.0,80.0,40.0,80.0,90.0,490.0,80.0,2.2,0.0,Parent Pokémon,45,20,Medium Fast,70,0,0,1,1,1,No Preevolution,1.0,2.0,1.0,1.0,1.0,1.0,1.0,0.0,1.0,1.0,1.0,1.0,1.0,1.0,1.0,1.0,1.0,1.0,Early Bird,Scrappy,0,Monster,No Eggs Discovered,0,95,126,0.753968
125,Mega Kangaskhan,Normal,Normal,None,1,105.0,125.0,100.0,60.0,100.0,100.0,590.0,100.0,2.2,0.0,Parent Pokémon,45,20,Medium Fast,70,0,0,1,1,1,Kangaskhan,1.0,2.0,1.0,1.0,1.0,1.0,1.0,0.0,1.0,1.0,1.0,1.0,1.0,1.0,1.0,1.0,1.0,1.0,Parental Bond,None,0,Monster,No Eggs Discovered,1,107,128,0.835938
126,Horsea,Water,Water,Damp,1,30.0,40.0,70.0,70.0,25.0,60.0,295.0,8.0,0.4,0.5,Dragon Pokémon,225,20,Medium Fast,70,0,0,0,1,3,No Preevolution,1.0,1.0,1.0,1.0,1.0,1.0,1.0,1.0,0.5,0.5,0.5,2.0,2.0,1.0,0.5,1.0,1.0,1.0,Swift Swim,Sniper,0,Water 1,Dragon,0,55,133,0.413534
127,Seadra,Water,Water,Damp,1,55.0,65.0,95.0,95.0,45.0,85.0,440.0,25.0,1.2,0.5,Dragon Pokémon,75,20,Medium Fast,70,0,0,0,2,3,Horsea,1.0,1.0,1.0,1.0,1.0,1.0,1.0,1.0,0.5,0.5,0.5,2.0,2.0,1.0,0.5,1.0,1.0,1.0,Poison Point,Sniper,0,Water 1,Dragon,0,78,118,0.661017
128,Goldeen,Water,Water,Lightning Rod,1,45.0,67.0,60.0,35.0,50.0,63.0,320.0,15.0,0.6,0.5,Goldfish Pokémon,225,20,Medium Fast,70,0,0,0,1,2,No Preevolution,1.0,1.0,1.0,1.0,1.0,1.0,1.0,1.0,0.5,0.5,0.5,2.0,2.0,1.0,0.5,1.0,1.0,1.0,Swift Swim,Water Veil,0,Water 2,No Eggs Discovered,0,60,117,0.512821
129,Seaking,Water,Water,Lightning Rod,1,80.0,92.0,65.0,65.0,80.0,68.0,450.0,39.0,1.3,0.5,Goldfish Pokémon,60,20,Medium Fast,70,0,0,0,2,2,Goldeen,1.0,1.0,1.0,1.0,1.0,1.0,1.0,1.0,0.5,0.5,0.5,2.0,2.0,1.0,0.5,1.0,1.0,1.0,Swift Swim,Water Veil,0,Water 2,No Eggs Discovered,0,55,114,0.482456
130,Staryu,Water,Water,Analytic,1,30.0,45.0,55.0,70.0,55.0,85.0,340.0,34.5,0.8,0.5,Star Shape Pokémon,225,20,Slow,70,0,0,0,1,2,No Preevolution,1.0,1.0,1.0,1.0,1.0,1.0,1.0,1.0,0.5,0.5,0.5,2.0,2.0,1.0,0.5,1.0,1.0,1.0,Illuminate,Natural Cure,1,Water 3,No Eggs Discovered,0,80,142,0.56338
131,Starmie,Water,Psychic,Analytic,1,60.0,75.0,85.0,100.0,85.0,115.0,520.0,80.0,1.1,0.5,Mysterious Pokémon,60,20,Slow,70,0,0,0,2,2,Staryu,1.0,0.5,1.0,1.0,1.0,1.0,2.0,2.0,0.5,0.5,0.5,2.0,2.0,0.5,0.5,1.0,2.0,1.0,Illuminate,Natural Cure,1,Water 3,No Eggs Discovered,0,116,129,0.899225
132,Mr. Mime,Psychic,Fairy,Technician,1,40.0,45.0,65.0,100.0,120.0,90.0,460.0,54.5,1.3,0.5,Barrier Pokémon,45,25,Medium Fast,70,0,0,0,2,2,Mime Jr.,1.0,0.25,1.0,2.0,1.0,1.0,1.0,2.0,2.0,1.0,1.0,1.0,1.0,0.5,1.0,0.0,1.0,1.0,Soundproof,Filter,0,Human-Like,No Eggs Discovered,0,76,136,0.558824
133,Scyther,Bug,Flying,Steadfast,1,70.0,110.0,80.0,55.0,80.0,105.0,500.0,56.0,1.5,0.5,Mantis Pokémon,45,25,Medium Fast,70,0,0,0,1,2,No Preevolution,1.0,0.25,2.0,1.0,0.0,4.0,0.5,1.0,1.0,2.0,1.0,0.25,2.0,1.0,2.0,1.0,1.0,1.0,Swarm,Technician,0,Bug,No Eggs Discovered,0,124,141,0.879433
134,Jynx,Ice,Psychic,Dry Skin,1,65.0,50.0,35.0,115.0,95.0,95.0,455.0,40.6,1.4,0.0,Human Shape Pokémon,45,25,Medium Fast,70,0,0,0,2,2,Smoochum,1.0,1.0,1.0,1.0,1.0,2.0,2.0,2.0,2.0,2.0,1.0,1.0,1.0,0.5,0.5,1.0,2.0,1.0,Oblivious,Forewarn,0,Human-Like,No Eggs Discovered,0,99,135,0.733333
135,Electabuzz,Electric,Electric,Vital Spirit,1,65.0,83.0,57.0,95.0,85.0,105.0,490.0,30.0,1.1,0.75,Electric Pokémon,45,25,Medium Fast,70,0,0,0,2,3,Elekid,1.0,1.0,0.5,1.0,2.0,1.0,1.0,1.0,0.5,1.0,1.0,1.0,0.5,1.0,1.0,1.0,1.0,1.0,Static,None,0,Human-Like,No Eggs Discovered,0,115,129,0.891473
136,Magmar,Fire,Fire,Vital Spirit,1,65.0,95.0,57.0,100.0,85.0,93.0,495.0,44.5,1.3,0.75,Spitfire Pokémon,45,25,Medium Fast,70,0,0,0,2,3,Magby,1.0,1.0,1.0,1.0,2.0,2.0,0.5,1.0,0.5,0.5,2.0,0.5,1.0,1.0,0.5,1.0,1.0,0.5,Flame Body,None,0,Human-Like,No Eggs Discovered,0,96,129,0.744186
137,Pinsir,Bug,Bug,Moxie,1,65.0,125.0,100.0,55.0,70.0,85.0,500.0,55.0,1.5,0.5,Stag Beetle Pokémon,45,25,Slow,70,0,0,1,1,1,No Preevolution,1.0,0.5,2.0,1.0,0.5,2.0,1.0,1.0,1.0,2.0,1.0,0.5,1.0,1.0,1.0,1.0,1.0,1.0,Hyper Cutter,Mold Breaker,0,Bug,No Eggs Discovered,0,81,124,0.653226
138,Mega Pinsir,Bug,Flying,None,1,65.0,155.0,120.0,65.0,90.0,105.0,600.0,59.0,1.7,0.5,Stag Beetle Pokémon,45,20,Slow,70,0,0,1,1,1,Pinsir,1.0,0.25,2.0,1.0,0.0,4.0,0.5,1.0,1.0,2.0,1.0,0.25,2.0,1.0,2.0,1.0,1.0,1.0,Aerilate,None,0,Bug,No Eggs Discovered,1,105,121,0.867769
139,Tauros,Normal,Normal,Sheer Force,1,75.0,100.0,95.0,40.0,70.0,110.0,490.0,88.4,1.4,1.0,Wild Bull Pokémon,45,20,Slow,70,0,0,0,1,1,No Preevolution,1.0,2.0,1.0,1.0,1.0,1.0,1.0,0.0,1.0,1.0,1.0,1.0,1.0,1.0,1.0,1.0,1.0,1.0,Intimidate,Anger Point,0,Field,No Eggs Discovered,0,102,117,0.871795
140,Magikarp,Water,Water,Rattled,1,20.0,10.0,55.0,15.0,20.0,80.0,200.0,10.0,0.9,0.5,Fish Pokémon,255,5,Slow,70,0,0,0,1,2,No Preevolution,1.0,1.0,1.0,1.0,1.0,1.0,1.0,1.0,0.5,0.5,0.5,2.0,2.0,1.0,0.5,1.0,1.0,1.0,Swift Swim,None,0,Water 2,Dragon,0,25,139,0.179856
141,Gyarados,Water,Flying,Moxie,1,95.0,125.0,79.0,60.0,100.0,81.0,540.0,235.0,6.5,0.5,Atrocious Pokémon,45,5,Slow,70,0,0,1,2,2,Magikarp,1.0,0.5,1.0,1.0,0.0,2.0,0.5,1.0,0.5,0.5,0.5,1.0,4.0,1.0,1.0,1.0,1.0,1.0,Intimidate,None,0,Water 2,Dragon,0,82,133,0.616541
142,Mega Gyarados,Water,Dark,None,1,95.0,155.0,109.0,70.0,130.0,81.0,640.0,305.0,6.5,0.5,Atrocious Pokémon,45,5,Slow,70,0,0,1,2,2,Gyarados,1.0,0.5,1.0,1.0,0.0,2.0,0.5,1.0,0.5,0.5,0.5,1.0,4.0,1.0,1.0,1.0,1.0,1.0,Mold Breaker,None,0,Water 2,Dragon,1,93,137,0.678832
143,Lapras,Water,Ice,Hydration,1,130.0,85.0,80.0,85.0,95.0,60.0,535.0,220.0,2.5,0.5,Transport Pokémon,45,40,Slow,70,0,0,0,1,1,No Preevolution,1.0,2.0,1.0,1.0,1.0,2.0,1.0,1.0,1.0,1.0,0.5,2.0,2.0,1.0,0.25,1.0,1.0,1.0,Water Absorb,Shell Armor,0,Monster,Water 1,0,61,139,0.438849
144,Ditto,Normal,Normal,Imposter,1,48.0,48.0,48.0,48.0,48.0,48.0,288.0,4.0,0.3,0.5,Transform Pokémon,35,20,Medium Fast,70,0,0,0,1,1,No Preevolution,1.0,2.0,1.0,1.0,1.0,1.0,1.0,0.0,1.0,1.0,1.0,1.0,1.0,1.0,1.0,1.0,1.0,1.0,Limber,None,1,Ditto,No Eggs Discovered,0,0,0,0.0
145,Eevee,Normal,Normal,Anticipation,1,55.0,55.0,50.0,45.0,65.0,55.0,325.0,6.5,0.3,0.875,Evolution Pokémon,45,35,Medium Fast,70,0,0,0,1,1,No Preevolution,1.0,2.0,1.0,1.0,1.0,1.0,1.0,0.0,1.0,1.0,1.0,1.0,1.0,1.0,1.0,1.0,1.0,1.0,Run Away,Adaptability,0,Field,No Eggs Discovered,0,37,99,0.373737
146,Vaporeon,Water,Water,Hydration,1,130.0,65.0,60.0,110.0,95.0,65.0,525.0,29.0,1.0,0.875,Bubble Jet Pokémon,45,35,Medium Fast,70,0,0,0,2,2,Eevee,1.0,1.0,1.0,1.0,1.0,1.0,1.0,1.0,0.5,0.5,0.5,2.0,2.0,1.0,0.5,1.0,1.0,1.0,Water Absorb,None,0,Field,No Eggs Discovered,0,69,132,0.522727
147,Jolteon,Electric,Electric,Quick Feet,1,65.0,65.0,60.0,110.0,95.0,130.0,525.0,24.5,0.8,0.875,Lightning Pokémon,45,35,Medium Fast,70,0,0,0,2,2,Eevee,1.0,1.0,0.5,1.0,2.0,1.0,1.0,1.0,0.5,1.0,1.0,1.0,0.5,1.0,1.0,1.0,1.0,1.0,Volt Absorb,None,0,Field,No Eggs Discovered,0,124,134,0.925373
148,Flareon,Fire,Fire,Guts,1,65.0,130.0,60.0,95.0,110.0,65.0,525.0,25.0,0.9,0.875,Flame Pokémon,45,35,Medium Fast,70,0,0,0,2,2,Eevee,1.0,1.0,1.0,1.0,2.0,2.0,0.5,1.0,0.5,0.5,2.0,0.5,1.0,1.0,0.5,1.0,1.0,0.5,Flash Fire,None,0,Field,No Eggs Discovered,0,70,132,0.530303
149,Porygon,Normal,Normal,Analytic,1,65.0,60.0,70.0,85.0,75.0,40.0,395.0,36.5,0.8,0.5,Virtual Pokémon,45,20,Medium Fast,70,0,0,0,1,3,No Preevolution,1.0,2.0,1.0,1.0,1.0,1.0,1.0,0.0,1.0,1.0,1.0,1.0,1.0,1.0,1.0,1.0,1.0,1.0,Trace,Download,1,Mineral,No Eggs Discovered,0,23,128,0.179688
150,Omanyte,Rock,Water,Weak Armor,1,35.0,40.0,100.0,90.0,55.0,35.0,355.0,7.5,0.4,0.875,Spiral Pokémon,45,30,Medium Fast,70,0,0,0,1,2,No Preevolution,0.5,2.0,0.5,0.5,2.0,1.0,1.0,1.0,1.0,0.25,1.0,4.0,2.0,1.0,0.5,1.0,1.0,1.0,Swift Swim,Shell Armor,0,Water 1,Water 3,0,23,128,0.179688
151,Omastar,Rock,Water,Weak Armor,1,70.0,60.0,125.0,115.0,70.0,55.0,495.0,35.0,1.0,0.875,Spiral Pokémon,45,30,Medium Fast,70,0,0,0,2,2,Omanyte,0.5,2.0,0.5,0.5,2.0,1.0,1.0,1.0,1.0,0.25,1.0,4.0,2.0,1.0,0.5,1.0,1.0,1.0,Swift Swim,Shell Armor,0,Water 1,Water 3,0,49,138,0.355072
152,Kabuto,Rock,Water,Weak Armor,1,30.0,80.0,90.0,55.0,45.0,55.0,355.0,11.5,0.5,0.875,Shellfish Pokémon,45,30,Medium Fast,70,0,0,0,1,2,No Preevolution,0.5,2.0,0.5,0.5,2.0,1.0,1.0,1.0,1.0,0.25,1.0,4.0,2.0,1.0,0.5,1.0,1.0,1.0,Swift Swim,Battle Armor,0,Water 1,Water 3,0,61,142,0.429577
153,Kabutops,Rock,Water,Weak Armor,1,60.0,115.0,105.0,65.0,70.0,80.0,495.0,40.5,1.3,0.875,Shellfish Pokémon,45,30,Medium Fast,70,0,0,0,2,2,Kabuto,0.5,2.0,0.5,0.5,2.0,1.0,1.0,1.0,1.0,0.25,1.0,4.0,2.0,1.0,0.5,1.0,1.0,1.0,Swift Swim,Battle Armor,0,Water 1,Water 3,0,79,110,0.718182
154,Aerodactyl,Rock,Flying,Unnerve,1,80.0,105.0,65.0,60.0,75.0,130.0,515.0,59.0,1.8,0.875,Fossil Pokémon,45,35,Slow,70,0,0,1,1,1,No Preevolution,0.5,1.0,0.5,0.5,0.0,2.0,0.5,1.0,2.0,0.5,2.0,1.0,2.0,1.0,2.0,1.0,1.0,1.0,Rock Head,Pressure,0,Flying,Dragon,0,136,141,0.964539
155,Mega Aerodactyl,Rock,Flying,None,1,80.0,135.0,85.0,70.0,95.0,150.0,615.0,79.0,2.1,0.875,Fossil Pokémon,45,35,Slow,70,0,0,1,1,1,Aerodactyl,0.5,1.0,0.5,1.0,0.0,2.0,0.5,1.0,2.0,0.5,2.0,1.0,2.0,1.0,2.0,1.0,1.0,1.0,Tough Claws,None,0,Flying,No Eggs Discovered,1,127,129,0.984496
156,Snorlax,Normal,Normal,Gluttony,1,160.0,110.0,65.0,65.0,110.0,30.0,540.0,460.0,2.1,0.875,Sleeping Pokémon,25,40,Slow,70,0,0,0,2,2,Munchlax,1.0,2.0,1.0,1.0,1.0,1.0,1.0,0.0,1.0,1.0,1.0,1.0,1.0,1.0,1.0,1.0,1.0,1.0,Immunity,Thick Fat,0,Monster,No Eggs Discovered,0,40,112,0.357143
157,Articuno,Ice,Flying,Snow Cloak,1,90.0,85.0,100.0,95.0,125.0,85.0,580.0,55.4,1.7,0.5,Freeze Pokémon,3,80,Slow,35,1,0,0,1,1,No Preevolution,1.0,1.0,1.0,1.0,0.0,4.0,0.5,1.0,2.0,2.0,1.0,0.5,2.0,1.0,1.0,1.0,1.0,1.0,Pressure,None,1,No Eggs Discovered,No Eggs Discovered,0,95,139,0.683453
158,Zapdos,Electric,Flying,Static,1,90.0,90.0,85.0,125.0,90.0,100.0,580.0,52.6,1.6,0.5,Electric Pokémon,3,80,Slow,35,1,0,0,1,1,No Preevolution,1.0,0.5,0.5,1.0,0.0,2.0,0.5,1.0,0.5,1.0,1.0,0.5,1.0,1.0,2.0,1.0,1.0,1.0,Pressure,None,1,No Eggs Discovered,No Eggs Discovered,0,93,121,0.768595
159,Moltres,Fire,Flying,Flame Body,1,90.0,100.0,90.0,125.0,85.0,90.0,580.0,60.0,2.0,0.5,Flame Pokémon,3,80,Slow,35,1,0,0,1,1,No Preevolution,1.0,0.5,1.0,1.0,0.0,4.0,0.25,1.0,0.5,0.5,2.0,0.25,2.0,1.0,1.0,1.0,1.0,0.5,Pressure,None,1,No Eggs Discovered,No Eggs Discovered,0,100,136,0.735294
160,Dratini,Dragon,Dragon,Marvel Scale,1,41.0,64.0,45.0,50.0,50.0,50.0,300.0,3.3,1.8,0.5,Dragon Pokémon,45,40,Slow,35,0,0,0,1,3,No Preevolution,1.0,1.0,1.0,1.0,1.0,1.0,1.0,1.0,1.0,0.5,0.5,0.5,0.5,1.0,2.0,2.0,1.0,2.0,Shed Skin,None,0,Water 1,Dragon,0,43,117,0.367521
161,Dragonair,Dragon,Dragon,Marvel Scale,1,61.0,84.0,65.0,70.0,70.0,70.0,420.0,16.5,4.0,0.5,Dragon Pokémon,45,40,Slow,35,0,0,0,2,3,Dratini,1.0,1.0,1.0,1.0,1.0,1.0,1.0,1.0,1.0,0.5,0.5,0.5,0.5,1.0,2.0,2.0,1.0,2.0,Shed Skin,None,0,Water 1,Dragon,0,58,116,0.5
162,Dragonite,Dragon,Flying,Multiscale,1,91.0,134.0,95.0,100.0,100.0,80.0,600.0,210.0,2.2,0.5,Dragon Pokémon,45,40,Slow,35,0,0,0,3,3,Dragonair,1.0,0.5,1.0,1.0,0.0,2.0,0.5,1.0,1.0,0.5,0.5,0.25,1.0,1.0,4.0,2.0,1.0,2.0,Inner Focus,None,0,Water 1,Dragon,0,87,138,0.630435
163,Mewtwo,Psychic,Psychic,Unnerve,1,106.0,110.0,90.0,154.0,90.0,130.0,680.0,122.0,2.0,0.5,Genetic Pokémon,3,120,Slow,0,1,0,1,1,1,No Preevolution,1.0,0.5,1.0,1.0,1.0,1.0,2.0,2.0,1.0,1.0,1.0,1.0,1.0,0.5,1.0,1.0,2.0,1.0,Pressure,None,1,No Eggs Discovered,No Eggs Discovered,0,152,164,0.926829
164,Mega Mewtwo X,Psychic,Fighting,None,1,106.0,190.0,100.0,154.0,100.0,130.0,780.0,127.0,2.3,0.5,Genetic Pokémon,3,120,Slow,0,1,0,1,1,1,Mewtwo,1.0,0.5,2.0,0.5,1.0,0.5,1.0,2.0,1.0,1.0,1.0,1.0,1.0,1.0,1.0,1.0,1.0,2.0,Steadfast,None,1,No Eggs Discovered,No Eggs Discovered,1,125,135,0.925926
165,Mega Mewtwo Y,Psychic,Psychic,None,1,106.0,150.0,70.0,194.0,120.0,140.0,780.0,33.0,1.5,0.5,Genetic Pokémon,3,120,Slow,0,1,0,1,1,1,Mewtwo,1.0,0.5,1.0,1.0,1.0,1.0,2.0,2.0,1.0,1.0,1.0,1.0,1.0,0.5,1.0,1.0,2.0,1.0,Insomnia,None,1,No Eggs Discovered,No Eggs Discovered,1,119,125,0.952
166,Mew,Psychic,Psychic,None,1,100.0,100.0,100.0,100.0,100.0,100.0,600.0,4.0,0.4,0.5,New Species Pokémon,45,120,Medium Slow,100,0,1,0,1,1,No Preevolution,1.0,0.5,1.0,1.0,1.0,1.0,2.0,2.0,1.0,1.0,1.0,1.0,1.0,0.5,1.0,1.0,2.0,1.0,Synchronize,None,1,No Eggs Discovered,No Eggs Discovered,0,94,113,0.831858
167,Chikorita,Grass,Grass,Leaf Guard,2,45.0,49.0,65.0,49.0,65.0,45.0,318.0,6.4,0.9,0.875,Leaf Pokémon,45,20,Medium Slow,70,0,0,0,1,3,No Preevolution,1.0,1.0,2.0,2.0,0.5,1.0,2.0,1.0,1.0,2.0,0.5,0.5,0.5,1.0,2.0,1.0,1.0,1.0,Overgrow,None,0,Monster,Grass,0,33,120,0.275
168,Bayleef,Grass,Grass,Leaf Guard,2,60.0,62.0,80.0,63.0,80.0,60.0,405.0,15.8,1.2,0.875,Leaf Pokémon,45,20,Medium Slow,70,0,0,0,2,3,Chikorita,1.0,1.0,2.0,2.0,0.5,1.0,2.0,1.0,1.0,2.0,0.5,0.5,0.5,1.0,2.0,1.0,1.0,1.0,Overgrow,None,0,Monster,Grass,0,49,113,0.433628
169,Meganium,Grass,Grass,Leaf Guard,2,80.0,82.0,100.0,83.0,100.0,80.0,525.0,100.5,1.8,0.875,Herb Pokémon,45,20,Medium Slow,70,0,0,0,3,3,Bayleef,1.0,1.0,2.0,2.0,0.5,1.0,2.0,1.0,1.0,2.0,0.5,0.5,0.5,1.0,2.0,1.0,1.0,1.0,Overgrow,None,0,Monster,Grass,0,88,129,0.682171
170,Cyndaquil,Fire,Fire,Flash Fire,2,39.0,52.0,43.0,60.0,50.0,65.0,309.0,7.9,0.5,0.875,Fire Mouse Pokémon,45,20,Medium Slow,70,0,0,0,1,3,No Preevolution,1.0,1.0,1.0,1.0,2.0,2.0,0.5,1.0,0.5,0.5,2.0,0.5,1.0,1.0,0.5,1.0,1.0,0.5,Blaze,None,0,Field,No Eggs Discovered,0,61,121,0.504132
171,Quilava,Fire,Fire,Flash Fire,2,58.0,64.0,58.0,80.0,65.0,80.0,405.0,19.0,0.9,0.875,Volcano Pokémon,45,20,Medium Slow,70,0,0,0,2,3,Cyndaquil,1.0,1.0,1.0,1.0,2.0,2.0,0.5,1.0,0.5,0.5,2.0,0.5,1.0,1.0,0.5,1.0,1.0,0.5,Blaze,None,0,Field,No Eggs Discovered,0,92,151,0.609272
172,Typhlosion,Fire,Fire,Flash Fire,2,78.0,84.0,78.0,109.0,85.0,100.0,534.0,79.5,1.7,0.875,Volcano Pokémon,45,20,Medium Slow,70,0,0,0,3,3,Quilava,1.0,1.0,1.0,1.0,2.0,2.0,0.5,1.0,0.5,0.5,2.0,0.5,1.0,1.0,0.5,1.0,1.0,0.5,Blaze,None,0,Field,No Eggs Discovered,0,100,116,0.862069
173,Totodile,Water,Water,Sheer Force,2,50.0,65.0,64.0,44.0,48.0,43.0,314.0,9.5,0.6,0.875,Big Jaw Pokémon,45,20,Medium Slow,70,0,0,0,1,3,No Preevolution,1.0,1.0,1.0,1.0,1.0,1.0,1.0,1.0,0.5,0.5,0.5,2.0,2.0,1.0,0.5,1.0,1.0,1.0,Torrent,None,0,Monster,Water 1,0,29,132,0.219697
174,Croconaw,Water,Water,Sheer Force,2,65.0,80.0,80.0,59.0,63.0,58.0,405.0,25.0,1.1,0.875,Big Jaw Pokémon,45,20,Medium Slow,70,0,0,0,2,3,Totodile,1.0,1.0,1.0,1.0,1.0,1.0,1.0,1.0,0.5,0.5,0.5,2.0,2.0,1.0,0.5,1.0,1.0,1.0,Torrent,None,0,Monster,Water 1,0,60,136,0.441176
175,Feraligatr,Water,Water,Sheer Force,2,85.0,105.0,100.0,79.0,83.0,78.0,530.0,88.8,2.3,0.875,Big Jaw Pokémon,45,20,Medium Slow,70,0,0,0,3,3,Croconaw,1.0,1.0,1.0,1.0,1.0,1.0,1.0,1.0,0.5,0.5,0.5,2.0,2.0,1.0,0.5,1.0,1.0,1.0,Torrent,None,0,Monster,Water 1,0,81,138,0.586957
176,Sentret,Normal,Normal,Frisk,2,35.0,46.0,34.0,35.0,45.0,20.0,215.0,6.0,0.8,0.5,Scout Pokémon,255,15,Medium Fast,70,0,0,0,1,2,No Preevolution,1.0,2.0,1.0,1.0,1.0,1.0,1.0,0.0,1.0,1.0,1.0,1.0,1.0,1.0,1.0,1.0,1.0,1.0,Run Away,Keen Eye,0,Field,No Eggs Discovered,0,9,125,0.072
177,Furret,Normal,Normal,Frisk,2,85.0,76.0,64.0,45.0,55.0,90.0,415.0,32.5,1.8,0.5,Long Body Pokémon,90,15,Medium Fast,70,0,0,0,2,2,Sentret,1.0,2.0,1.0,1.0,1.0,1.0,1.0,0.0,1.0,1.0,1.0,1.0,1.0,1.0,1.0,1.0,1.0,1.0,Run Away,Keen Eye,0,Field,No Eggs Discovered,0,93,138,0.673913
178,Hoothoot,Normal,Flying,Tinted Lens,2,60.0,30.0,30.0,36.0,56.0,50.0,262.0,21.2,0.7,0.5,Owl Pokémon,255,15,Medium Fast,70,0,0,0,1,2,No Preevolution,1.0,1.0,1.0,1.0,0.0,2.0,0.5,0.0,1.0,1.0,1.0,0.5,2.0,1.0,2.0,1.0,1.0,1.0,Insomnia,Keen Eye,0,Flying,No Eggs Discovered,0,36,111,0.324324
179,Noctowl,Normal,Flying,Tinted Lens,2,100.0,50.0,50.0,86.0,96.0,70.0,452.0,40.8,1.6,0.5,Owl Pokémon,90,15,Medium Fast,70,0,0,0,2,2,Hoothoot,1.0,1.0,1.0,1.0,0.0,2.0,0.5,0.0,1.0,1.0,1.0,0.5,2.0,1.0,2.0,1.0,1.0,1.0,Insomnia,Keen Eye,0,Flying,No Eggs Discovered,0,68,136,0.5
180,Ledyba,Bug,Flying,Rattled,2,40.0,20.0,30.0,40.0,80.0,55.0,265.0,10.8,1.0,0.5,Five Star Pokémon,255,15,Fast,70,0,0,0,1,2,No Preevolution,1.0,0.25,2.0,1.0,0.0,4.0,0.5,1.0,1.0,2.0,1.0,0.25,2.0,1.0,2.0,1.0,1.0,1.0,Swarm,Early Bird,0,Bug,No Eggs Discovered,0,28,123,0.227642
181,Ledian,Bug,Flying,Iron Fist,2,55.0,35.0,50.0,55.0,110.0,85.0,390.0,35.6,1.4,0.5,Five Star Pokémon,90,15,Fast,70,0,0,0,2,2,Ledyba,1.0,0.25,2.0,1.0,0.0,4.0,0.5,1.0,1.0,2.0,1.0,0.25,2.0,1.0,2.0,1.0,1.0,1.0,Swarm,Early Bird,0,Bug,No Eggs Discovered,0,86,137,0.627737
182,Spinarak,Bug,Poison,Sniper,2,40.0,60.0,40.0,40.0,40.0,30.0,250.0,8.5,0.5,0.5,String Spit Pokémon,255,15,Fast,70,0,0,0,1,2,No Preevolution,1.0,0.25,2.0,0.5,1.0,2.0,0.5,1.0,1.0,2.0,1.0,0.25,1.0,2.0,1.0,1.0,1.0,0.5,Swarm,Insomnia,0,Bug,No Eggs Discovered,0,13,137,0.094891
183,Ariados,Bug,Poison,Sniper,2,70.0,90.0,70.0,60.0,70.0,40.0,400.0,33.5,1.1,0.5,Long Leg Pokémon,90,15,Fast,70,0,0,0,2,2,Spinarak,1.0,0.25,2.0,0.5,1.0,2.0,0.5,1.0,1.0,2.0,1.0,0.25,1.0,2.0,1.0,1.0,1.0,0.5,Swarm,Insomnia,0,Bug,No Eggs Discovered,0,0,0,0.0
184,Crobat,Poison,Flying,Infiltrator,2,85.0,90.0,80.0,70.0,80.0,130.0,535.0,75.0,1.8,0.5,Bat Pokémon,90,15,Medium Fast,70,0,0,0,3,3,Golbat,1.0,0.25,1.0,0.5,0.0,2.0,0.25,1.0,1.0,1.0,1.0,0.25,2.0,2.0,2.0,1.0,1.0,0.5,Inner Focus,None,0,Flying,No Eggs Discovered,0,113,122,0.92623
185,Chinchou,Water,Electric,Water Absorb,2,75.0,38.0,38.0,56.0,56.0,67.0,330.0,12.0,0.5,0.5,Angler Pokémon,190,20,Slow,70,0,0,0,1,2,No Preevolution,1.0,1.0,0.5,1.0,2.0,1.0,1.0,1.0,0.25,0.5,0.5,2.0,1.0,1.0,0.5,1.0,1.0,1.0,Volt Absorb,Illuminate,0,Water 2,No Eggs Discovered,0,60,114,0.526316
186,Lanturn,Water,Electric,Water Absorb,2,125.0,58.0,58.0,76.0,76.0,67.0,460.0,22.5,1.2,0.5,Light Pokémon,75,20,Slow,70,0,0,0,2,2,Chinchou,1.0,1.0,0.5,1.0,2.0,1.0,1.0,1.0,0.25,0.5,0.5,2.0,1.0,1.0,0.5,1.0,1.0,1.0,Volt Absorb,Illuminate,0,Water 2,No Eggs Discovered,0,66,128,0.515625
187,Pichu,Electric,Electric,Lightning Rod,2,20.0,40.0,15.0,35.0,35.0,60.0,205.0,2.0,0.3,0.5,Tiny Mouse Pokémon,190,10,Medium Fast,70,0,0,0,1,3,No Preevolution,1.0,1.0,0.5,1.0,2.0,1.0,1.0,1.0,0.5,1.0,1.0,1.0,0.5,1.0,1.0,1.0,1.0,1.0,Static,None,0,No Eggs Discovered,No Eggs Discovered,0,36,105,0.342857
188,Cleffa,Fairy,Fairy,Friend Guard,2,50.0,25.0,28.0,45.0,55.0,15.0,218.0,3.0,0.3,0.25,Star Shape Pokémon,150,10,Fast,140,0,0,0,1,3,No Preevolution,1.0,0.5,1.0,2.0,1.0,1.0,0.5,1.0,2.0,1.0,1.0,1.0,1.0,1.0,1.0,0.0,0.5,1.0,Cute Charm,Magic Guard,0,No Eggs Discovered,No Eggs Discovered,0,7,112,0.0625
189,Igglybuff,Normal,Fairy,Friend Guard,2,90.0,30.0,15.0,40.0,20.0,15.0,210.0,1.0,0.3,0.25,Balloon Pokémon,170,10,Fast,70,0,0,0,1,3,No Preevolution,1.0,1.0,1.0,2.0,1.0,1.0,0.5,0.0,2.0,1.0,1.0,1.0,1.0,1.0,1.0,0.0,0.5,1.0,Cute Charm,Competitive,0,No Eggs Discovered,No Eggs Discovered,0,5,115,0.043478
190,Togepi,Fairy,Fairy,Super Luck,2,35.0,20.0,65.0,40.0,65.0,20.0,245.0,1.5,0.3,0.875,Spike Ball Pokémon,190,10,Fast,70,0,0,0,1,3,No Preevolution,1.0,0.5,1.0,2.0,1.0,1.0,0.5,1.0,2.0,1.0,1.0,1.0,1.0,1.0,1.0,0.0,0.5,1.0,Hustle,Serene Grace,0,No Eggs Discovered,No Eggs Discovered,0,3,122,0.02459
191,Togetic,Fairy,Flying,Super Luck,2,55.0,40.0,85.0,80.0,105.0,40.0,405.0,3.2,0.6,0.875,Happiness Pokémon,75,10,Fast,70,0,0,0,2,3,Togepi,1.0,0.25,1.0,2.0,0.0,2.0,0.25,1.0,2.0,1.0,1.0,0.5,2.0,1.0,2.0,0.0,0.5,1.0,Hustle,Serene Grace,0,Flying,Fairy,0,30,127,0.23622
192,Natu,Psychic,Flying,Magic Bounce,2,40.0,50.0,45.0,70.0,45.0,70.0,320.0,2.0,0.2,0.5,Tiny Bird Pokémon,190,20,Medium Fast,70,0,0,0,1,2,No Preevolution,1.0,0.25,1.0,1.0,0.0,2.0,1.0,2.0,1.0,1.0,1.0,0.5,2.0,0.5,2.0,1.0,2.0,1.0,Synchronize,Early Bird,0,Flying,No Eggs Discovered,0,64,116,0.551724
193,Xatu,Psychic,Flying,Magic Bounce,2,65.0,75.0,70.0,95.0,70.0,95.0,470.0,15.0,1.5,0.5,Mystic Pokémon,75,20,Medium Fast,70,0,0,0,2,2,Natu,1.0,0.25,1.0,1.0,0.0,2.0,1.0,2.0,1.0,1.0,1.0,0.5,2.0,0.5,2.0,1.0,2.0,1.0,Synchronize,Early Bird,0,Flying,No Eggs Discovered,0,88,121,0.727273
194,Mareep,Electric,Electric,Plus,2,55.0,40.0,40.0,65.0,45.0,35.0,280.0,7.8,0.6,0.5,Wool Pokémon,235,20,Medium Slow,70,0,0,0,1,3,No Preevolution,1.0,1.0,0.5,1.0,2.0,1.0,1.0,1.0,0.5,1.0,1.0,1.0,0.5,1.0,1.0,1.0,1.0,1.0,Static,None,0,Monster,Field,0,23,140,0.164286
195,Flaaffy,Electric,Electric,Plus,2,70.0,55.0,55.0,80.0,60.0,45.0,365.0,13.3,0.8,0.5,Wool Pokémon,120,20,Medium Slow,70,0,0,0,2,3,Mareep,1.0,1.0,0.5,1.0,2.0,1.0,1.0,1.0,0.5,1.0,1.0,1.0,0.5,1.0,1.0,1.0,1.0,1.0,Static,None,0,Monster,Field,0,24,108,0.222222
196,Ampharos,Electric,Electric,Plus,2,90.0,75.0,85.0,115.0,90.0,55.0,510.0,61.5,1.4,0.5,Light Pokémon,45,20,Medium Slow,70,0,0,1,3,3,Flaaffy,1.0,1.0,0.5,1.0,2.0,1.0,1.0,1.0,0.5,1.0,1.0,1.0,0.5,1.0,1.0,1.0,1.0,1.0,Static,None,0,Monster,Field,0,41,119,0.344538
197,Mega Ampharos,Electric,Dragon,None,2,90.0,95.0,105.0,165.0,110.0,45.0,610.0,61.5,1.4,0.5,Light Pokémon,45,20,Medium Slow,70,0,0,1,3,3,Ampharos,1.0,1.0,0.5,1.0,2.0,1.0,1.0,1.0,0.5,0.5,0.5,0.5,0.25,1.0,2.0,2.0,1.0,2.0,Mold Breaker,None,0,Monster,Field,1,37,128,0.289062
198,Bellossom,Grass,Grass,Healer,2,75.0,80.0,95.0,90.0,100.0,50.0,490.0,5.8,0.4,0.5,Flower Pokémon,45,20,Medium Slow,70,0,0,0,3,3,Gloom,1.0,1.0,2.0,2.0,0.5,1.0,2.0,1.0,1.0,2.0,0.5,0.5,0.5,1.0,2.0,1.0,1.0,1.0,Chlorophyll,None,0,Grass,No Eggs Discovered,0,30,139,0.215827
199,Marill,Water,Fairy,Sap Sipper,2,70.0,20.0,50.0,20.0,50.0,40.0,250.0,8.5,0.4,0.5,Aqua Mouse Pokémon,190,10,Fast,70,0,0,0,2,3,Azurill,1.0,0.5,1.0,2.0,1.0,1.0,0.5,1.0,1.0,0.5,0.5,2.0,2.0,1.0,0.5,0.0,0.5,1.0,Thick Fat,Huge Power,0,Water 1,Fairy,0,19,122,0.155738
200,Azumarill,Water,Fairy,Sap Sipper,2,100.0,50.0,80.0,60.0,80.0,50.0,420.0,28.5,0.8,0.5,Aqua Rabbit Pokémon,75,10,Fast,70,0,0,0,3,3,Marill,1.0,0.5,1.0,2.0,1.0,1.0,0.5,1.0,1.0,0.5,0.5,2.0,2.0,1.0,0.5,0.0,0.5,1.0,Thick Fat,Huge Power,0,Water 1,Fairy,0,44,128,0.34375
201,Sudowoodo,Rock,Rock,Rattled,2,70.0,100.0,115.0,30.0,65.0,30.0,410.0,38.0,1.2,0.5,Imitation Pokémon,65,20,Medium Fast,70,0,0,0,2,2,Bonsly,0.5,2.0,0.5,0.5,2.0,1.0,1.0,1.0,2.0,0.5,2.0,2.0,1.0,1.0,1.0,1.0,1.0,1.0,Sturdy,Rock Head,0,Mineral,No Eggs Discovered,0,30,123,0.243902
202,Politoed,Water,Water,Drizzle,2,90.0,75.0,75.0,90.0,100.0,70.0,500.0,33.9,1.1,0.5,Frog Pokémon,45,20,Medium Slow,70,0,0,0,3,3,Poliwhirl,1.0,1.0,1.0,1.0,1.0,1.0,1.0,1.0,0.5,0.5,0.5,2.0,2.0,1.0,0.5,1.0,1.0,1.0,Water Absorb,Damp,0,Water 1,No Eggs Discovered,0,65,119,0.546218
203,Hoppip,Grass,Flying,Infiltrator,2,35.0,35.0,40.0,35.0,55.0,50.0,250.0,0.5,0.4,0.5,Cottonweed Pokémon,255,20,Medium Slow,70,0,0,0,1,3,No Preevolution,1.0,0.5,2.0,2.0,0.0,2.0,1.0,1.0,1.0,2.0,0.5,0.25,1.0,1.0,4.0,1.0,1.0,1.0,Chlorophyll,Leaf Guard,0,Fairy,Grass,0,48,119,0.403361
204,Skiploom,Grass,Flying,Infiltrator,2,55.0,45.0,50.0,45.0,65.0,80.0,340.0,1.0,0.6,0.5,Cottonweed Pokémon,120,20,Medium Slow,70,0,0,0,2,3,Hoppip,1.0,0.5,2.0,2.0,0.0,2.0,1.0,1.0,1.0,2.0,0.5,0.25,1.0,1.0,4.0,1.0,1.0,1.0,Chlorophyll,Leaf Guard,0,Fairy,Grass,0,66,119,0.554622
205,Jumpluff,Grass,Flying,Infiltrator,2,75.0,55.0,70.0,55.0,95.0,110.0,460.0,3.0,0.8,0.5,Cottonweed Pokémon,45,20,Medium Slow,70,0,0,0,3,3,Skiploom,1.0,0.5,2.0,2.0,0.0,2.0,1.0,1.0,1.0,2.0,0.5,0.25,1.0,1.0,4.0,1.0,1.0,1.0,Chlorophyll,Leaf Guard,0,Fairy,Grass,0,114,135,0.844444
206,Aipom,Normal,Normal,Skill Link,2,55.0,70.0,55.0,40.0,55.0,85.0,360.0,11.5,0.8,0.5,Long Tail Pokémon,45,20,Fast,70,0,0,0,1,2,No Preevolution,1.0,2.0,1.0,1.0,1.0,1.0,1.0,0.0,1.0,1.0,1.0,1.0,1.0,1.0,1.0,1.0,1.0,1.0,Run Away,Pickup,0,Field,No Eggs Discovered,0,87,123,0.707317
207,Sunkern,Grass,Grass,Early Bird,2,30.0,30.0,30.0,30.0,30.0,30.0,180.0,1.8,0.3,0.5,Seed Pokémon,235,20,Medium Slow,70,0,0,0,1,2,No Preevolution,1.0,1.0,2.0,2.0,0.5,1.0,2.0,1.0,1.0,2.0,0.5,0.5,0.5,1.0,2.0,1.0,1.0,1.0,Chlorophyll,Solar Power,0,Grass,No Eggs Discovered,0,14,111,0.126126
208,Sunflora,Grass,Grass,Early Bird,2,75.0,75.0,55.0,105.0,85.0,30.0,425.0,8.5,0.8,0.5,Sun Pokémon,120,20,Medium Slow,70,0,0,0,2,2,Sunkern,1.0,1.0,2.0,2.0,0.5,1.0,2.0,1.0,1.0,2.0,0.5,0.5,0.5,1.0,2.0,1.0,1.0,1.0,Chlorophyll,Solar Power,0,Grass,No Eggs Discovered,0,23,142,0.161972
209,Yanma,Bug,Flying,Frisk,2,65.0,65.0,45.0,75.0,45.0,95.0,390.0,38.0,1.2,0.5,Clear Wing Pokémon,75,20,Medium Fast,70,0,0,0,1,2,No Preevolution,1.0,0.25,2.0,1.0,0.0,4.0,0.5,1.0,1.0,2.0,1.0,0.25,2.0,1.0,2.0,1.0,1.0,1.0,Speed Boost,Compound Eyes,0,Bug,No Eggs Discovered,0,90,125,0.72
210,Wooper,Water,Ground,Unaware,2,55.0,45.0,45.0,25.0,25.0,15.0,210.0,8.5,0.4,0.5,Water Fish Pokémon,255,20,Medium Fast,70,0,0,0,1,2,No Preevolution,1.0,1.0,1.0,0.5,1.0,0.5,1.0,1.0,0.5,0.5,1.0,4.0,0.0,1.0,1.0,1.0,1.0,1.0,Damp,Water Absorb,0,Water 1,Field,0,6,125,0.048
211,Quagsire,Water,Ground,Unaware,2,95.0,85.0,85.0,65.0,65.0,35.0,430.0,75.0,1.4,0.5,Water Fish Pokémon,90,20,Medium Fast,70,0,0,0,2,2,Wooper,1.0,1.0,1.0,0.5,1.0,0.5,1.0,1.0,0.5,0.5,1.0,4.0,0.0,1.0,1.0,1.0,1.0,1.0,Damp,Water Absorb,0,Water 1,Field,0,36,140,0.257143
212,Espeon,Psychic,Psychic,Magic Bounce,2,65.0,65.0,60.0,130.0,95.0,110.0,525.0,26.5,0.9,0.875,Sun Pokémon,45,35,Medium Fast,70,0,0,0,2,2,Eevee,1.0,0.5,1.0,1.0,1.0,1.0,2.0,2.0,1.0,1.0,1.0,1.0,1.0,0.5,1.0,1.0,2.0,1.0,Synchronize,None,0,Field,No Eggs Discovered,0,117,142,0.823944
213,Umbreon,Dark,Dark,Inner Focus,2,95.0,65.0,110.0,60.0,130.0,65.0,525.0,27.0,1.0,0.875,Moonlight Pokémon,45,35,Medium Fast,35,0,0,0,2,2,Eevee,1.0,2.0,1.0,1.0,1.0,1.0,2.0,0.5,1.0,1.0,1.0,1.0,1.0,0.0,1.0,1.0,0.5,2.0,Synchronize,None,0,Field,No Eggs Discovered,0,67,127,0.527559
214,Murkrow,Dark,Flying,Prankster,2,60.0,85.0,42.0,85.0,42.0,91.0,405.0,2.1,0.5,0.5,Darkness Pokémon,30,20,Medium Slow,35,0,0,0,1,2,No Preevolution,1.0,1.0,1.0,1.0,0.0,2.0,1.0,0.5,1.0,1.0,1.0,0.5,2.0,0.0,2.0,1.0,0.5,2.0,Insomnia,Super Luck,0,Flying,No Eggs Discovered,0,130,158,0.822785
215,Slowking,Water,Psychic,Regenerator,2,95.0,75.0,80.0,100.0,110.0,30.0,490.0,79.5,2.0,0.5,Royal Pokémon,70,20,Medium Fast,70,0,0,0,2,2,Slowpoke,1.0,0.5,1.0,1.0,1.0,1.0,2.0,2.0,0.5,0.5,0.5,2.0,2.0,0.5,0.5,1.0,2.0,1.0,Oblivious,Own Tempo,0,Monster,Water 1,0,32,132,0.242424
216,Misdreavus,Ghost,Ghost,None,2,60.0,60.0,60.0,85.0,85.0,85.0,435.0,1.0,0.7,0.5,Screech Pokémon,45,25,Fast,35,0,0,0,1,2,No Preevolution,0.0,0.0,1.0,0.5,1.0,1.0,0.5,2.0,1.0,1.0,1.0,1.0,1.0,1.0,1.0,1.0,2.0,1.0,Levitate,None,0,Amorphous,No Eggs Discovered,0,84,133,0.631579
217,Unown,Psychic,Psychic,None,2,48.0,72.0,48.0,72.0,48.0,48.0,336.0,5.0,0.5,0.5,Symbol Pokémon,225,40,Medium Fast,70,0,0,0,1,1,No Preevolution,1.0,0.5,1.0,1.0,1.0,1.0,2.0,2.0,1.0,1.0,1.0,1.0,1.0,0.5,1.0,1.0,2.0,1.0,Levitate,None,1,No Eggs Discovered,No Eggs Discovered,0,33,127,0.259843
218,Wobbuffet,Psychic,Psychic,Telepathy,2,190.0,33.0,58.0,33.0,58.0,33.0,405.0,28.5,1.3,0.5,Patient Pokémon,45,20,Medium Fast,70,0,0,0,2,2,Wynaut,1.0,0.5,1.0,1.0,1.0,1.0,2.0,2.0,1.0,1.0,1.0,1.0,1.0,0.5,1.0,1.0,2.0,1.0,Shadow Tag,None,0,Amorphous,No Eggs Discovered,0,18,134,0.134328
219,Girafarig,Normal,Psychic,Sap Sipper,2,70.0,80.0,65.0,90.0,65.0,85.0,455.0,41.5,1.5,0.5,Long Neck Pokémon,60,20,Medium Fast,70,0,0,0,1,2,No Preevolution,1.0,1.0,1.0,1.0,1.0,1.0,2.0,0.0,1.0,1.0,1.0,1.0,1.0,0.5,1.0,1.0,2.0,1.0,Inner Focus,Early Bird,0,Field,No Eggs Discovered,0,74,128,0.578125
220,Pineco,Bug,Bug,Overcoat,2,50.0,65.0,90.0,35.0,35.0,15.0,290.0,7.2,0.6,0.5,Bagworm Pokémon,190,20,Medium Fast,70,0,0,0,1,2,No Preevolution,1.0,0.5,2.0,1.0,0.5,2.0,1.0,1.0,1.0,2.0,1.0,0.5,1.0,1.0,1.0,1.0,1.0,1.0,Sturdy,None,0,Bug,No Eggs Discovered,0,16,109,0.146789
221,Forretress,Bug,Steel,Overcoat,2,75.0,90.0,140.0,60.0,60.0,40.0,465.0,125.8,1.2,0.5,Bagworm Pokémon,75,20,Medium Fast,70,0,0,0,2,2,Pineco,0.5,1.0,1.0,0.0,1.0,1.0,0.5,1.0,0.5,4.0,1.0,0.25,1.0,0.5,0.5,0.5,1.0,0.5,Sturdy,None,0,Bug,No Eggs Discovered,0,37,123,0.300813
222,Dunsparce,Normal,Normal,Rattled,2,100.0,70.0,70.0,65.0,65.0,45.0,415.0,14.0,1.5,0.5,Land Snake Pokémon,190,20,Medium Fast,70,0,0,0,1,2,No Preevolution,1.0,2.0,1.0,1.0,1.0,1.0,1.0,0.0,1.0,1.0,1.0,1.0,1.0,1.0,1.0,1.0,1.0,1.0,Serene Grace,Run Away,0,Field,No Eggs Discovered,0,26,137,0.189781
223,Gligar,Ground,Flying,Immunity,2,65.0,75.0,105.0,35.0,65.0,85.0,430.0,64.8,1.1,0.5,Fly Scorpion Pokémon,60,20,Medium Slow,70,0,0,0,1,2,No Preevolution,1.0,0.5,1.0,0.5,0.0,1.0,0.5,1.0,1.0,1.0,2.0,1.0,0.0,1.0,4.0,1.0,1.0,1.0,Hyper Cutter,Sand Veil,0,Bug,No Eggs Discovered,0,93,134,0.69403
224,Steelix,Steel,Ground,Sheer Force,2,75.0,85.0,200.0,55.0,65.0,30.0,510.0,400.0,9.2,0.5,Iron Snake Pokémon,25,25,Medium Fast,70,0,0,1,2,2,Onix,0.5,2.0,0.5,0.0,2.0,0.25,0.5,1.0,0.5,2.0,2.0,1.0,0.0,0.5,1.0,0.5,1.0,0.5,Rock Head,Sturdy,0,Mineral,No Eggs Discovered,0,25,149,0.167785
225,Mega Steelix,Steel,Ground,None,2,75.0,125.0,230.0,55.0,95.0,30.0,610.0,740.0,10.5,0.5,Iron Snake Pokémon,25,25,Medium Fast,70,0,0,1,2,2,Steelix,0.5,2.0,0.5,0.0,2.0,0.5,0.5,1.0,0.5,2.0,2.0,1.0,0.0,0.5,1.0,0.5,1.0,0.5,Sand Force,None,0,Mineral,No Eggs Discovered,1,50,145,0.344828
226,Snubbull,Fairy,Fairy,Rattled,2,60.0,80.0,50.0,40.0,40.0,30.0,300.0,7.8,0.6,0.25,Fairy Pokémon,190,20,Fast,70,0,0,0,1,2,No Preevolution,1.0,0.5,1.0,2.0,1.0,1.0,0.5,1.0,2.0,1.0,1.0,1.0,1.0,1.0,1.0,0.0,0.5,1.0,Intimidate,Run Away,0,Field,Fairy,0,21,137,0.153285
227,Granbull,Fairy,Fairy,Rattled,2,90.0,120.0,75.0,60.0,60.0,45.0,450.0,48.7,1.4,0.25,Fairy Pokémon,75,20,Fast,70,0,0,0,2,2,Snubbull,1.0,0.5,1.0,2.0,1.0,1.0,0.5,1.0,2.0,1.0,1.0,1.0,1.0,1.0,1.0,0.0,0.5,1.0,Intimidate,Quick Feet,0,Field,Fairy,0,35,119,0.294118
228,Qwilfish,Water,Poison,Intimidate,2,65.0,95.0,85.0,55.0,55.0,85.0,440.0,3.9,0.5,0.5,Balloon Pokémon,45,20,Medium Fast,70,0,0,0,1,2,No Preevolution,1.0,0.5,1.0,0.5,2.0,1.0,0.5,1.0,0.5,0.5,0.5,1.0,2.0,2.0,0.5,1.0,1.0,0.5,Poison Point,Swift Swim,0,Water 2,No Eggs Discovered,0,104,150,0.693333
229,Scizor,Bug,Steel,Light Metal,2,70.0,130.0,100.0,55.0,80.0,65.0,500.0,118.0,1.8,0.5,Pincer Pokémon,25,25,Medium Fast,70,0,0,1,2,2,Scyther,0.5,1.0,1.0,0.0,1.0,1.0,0.5,1.0,0.5,4.0,1.0,0.25,1.0,0.5,0.5,0.5,1.0,0.5,Swarm,Technician,0,Bug,No Eggs Discovered,0,76,125,0.608
230,Mega Scizor,Bug,Steel,None,2,70.0,150.0,140.0,65.0,100.0,75.0,600.0,125.0,2.0,0.5,Pincer Pokémon,25,25,Medium Fast,70,0,0,1,2,2,Scizor,0.5,1.0,1.0,0.0,1.0,1.0,0.5,1.0,0.5,4.0,1.0,0.25,1.0,0.5,0.5,0.5,1.0,0.5,Technician,None,0,Bug,No Eggs Discovered,1,77,140,0.55
231,Shuckle,Bug,Rock,Contrary,2,20.0,10.0,230.0,10.0,230.0,5.0,505.0,20.5,0.6,0.5,Mold Pokémon,190,20,Medium Slow,70,0,0,0,1,1,No Preevolution,0.5,1.0,1.0,0.5,1.0,2.0,1.0,1.0,2.0,1.0,2.0,1.0,1.0,1.0,1.0,1.0,1.0,1.0,Sturdy,Gluttony,0,Bug,No Eggs Discovered,0,0,0,0.0
232,Heracross,Bug,Fighting,Moxie,2,80.0,125.0,75.0,40.0,95.0,85.0,500.0,54.0,1.5,0.5,Single Horn Pokémon,45,25,Slow,70,0,0,1,1,1,No Preevolution,1.0,0.5,4.0,1.0,0.5,1.0,0.5,1.0,1.0,2.0,1.0,0.5,1.0,2.0,1.0,1.0,0.5,2.0,Swarm,Guts,0,Bug,No Eggs Discovered,0,94,136,0.691176
233,Mega Heracross,Bug,Fighting,None,2,80.0,185.0,115.0,40.0,105.0,75.0,600.0,62.5,1.7,0.5,Single Horn Pokémon,45,25,Slow,70,0,0,1,1,1,Heracross,1.0,0.5,4.0,1.0,0.5,1.0,0.5,1.0,1.0,2.0,1.0,0.5,1.0,2.0,1.0,1.0,0.5,2.0,Skill Link,None,0,Bug,No Eggs Discovered,1,81,130,0.623077
234,Sneasel,Dark,Ice,Pickpocket,2,55.0,95.0,55.0,35.0,75.0,115.0,430.0,28.0,0.9,0.5,Sharp Claw Pokémon,60,20,Medium Slow,35,0,0,0,1,2,No Preevolution,1.0,4.0,1.0,1.0,1.0,2.0,2.0,0.5,2.0,2.0,1.0,1.0,1.0,0.0,0.5,1.0,0.5,2.0,Inner Focus,Keen Eye,0,Field,No Eggs Discovered,0,106,113,0.938053
235,Teddiursa,Normal,Normal,Honey Gather,2,60.0,80.0,50.0,50.0,50.0,40.0,330.0,8.8,0.6,0.5,Little Bear Pokémon,120,20,Medium Fast,70,0,0,0,1,3,No Preevolution,1.0,2.0,1.0,1.0,1.0,1.0,1.0,0.0,1.0,1.0,1.0,1.0,1.0,1.0,1.0,1.0,1.0,1.0,Pickup,Quick Feet,0,Field,No Eggs Discovered,0,26,109,0.238532
236,Ursaring,Normal,Normal,Unnerve,2,90.0,130.0,75.0,75.0,75.0,55.0,500.0,125.8,1.8,0.5,Hibernator Pokémon,60,20,Medium Fast,70,0,0,0,2,3,Teddiursa,1.0,2.0,1.0,1.0,1.0,1.0,1.0,0.0,1.0,1.0,1.0,1.0,1.0,1.0,1.0,1.0,1.0,1.0,Guts,Quick Feet,0,Field,No Eggs Discovered,0,0,0,0.0
237,Slugma,Fire,Fire,Weak Armor,2,40.0,40.0,40.0,70.0,40.0,20.0,250.0,35.0,0.7,0.5,Lava Pokémon,190,20,Medium Fast,70,0,0,0,1,2,No Preevolution,1.0,1.0,1.0,1.0,2.0,2.0,0.5,1.0,0.5,0.5,2.0,0.5,1.0,1.0,0.5,1.0,1.0,0.5,Magma Armor,Flame Body,0,Amorphous,No Eggs Discovered,0,4,123,0.03252
238,Magcargo,Fire,Rock,Weak Armor,2,60.0,50.0,120.0,90.0,80.0,30.0,430.0,55.0,0.8,0.5,Lava Pokémon,75,20,Medium Fast,70,0,0,0,2,2,Slugma,0.5,2.0,0.5,0.5,4.0,2.0,0.5,1.0,1.0,0.25,4.0,1.0,1.0,1.0,0.5,1.0,1.0,0.5,Magma Armor,Flame Body,0,Amorphous,No Eggs Discovered,0,9,124,0.072581
239,Swinub,Ice,Ground,Thick Fat,2,50.0,50.0,40.0,30.0,30.0,50.0,250.0,6.5,0.4,0.5,Pig Pokémon,225,20,Slow,70,0,0,0,1,3,No Preevolution,1.0,2.0,1.0,0.5,1.0,1.0,1.0,1.0,2.0,2.0,2.0,2.0,0.0,1.0,1.0,1.0,1.0,1.0,Oblivious,Snow Cloak,0,Field,No Eggs Discovered,0,37,133,0.278195
240,Piloswine,Ice,Ground,Thick Fat,2,100.0,100.0,80.0,60.0,60.0,50.0,450.0,55.8,1.1,0.5,Swine Pokémon,75,20,Slow,70,0,0,0,2,3,Swinub,1.0,2.0,1.0,0.5,1.0,1.0,1.0,1.0,2.0,2.0,2.0,2.0,0.0,1.0,1.0,1.0,1.0,1.0,Oblivious,Snow Cloak,0,Field,No Eggs Discovered,0,36,118,0.305085
241,Corsola,Water,Rock,Regenerator,2,65.0,55.0,95.0,65.0,95.0,35.0,410.0,5.0,0.6,0.25,Coral Pokémon,60,20,Fast,70,0,0,0,1,2,No Preevolution,0.5,2.0,0.5,0.5,2.0,1.0,1.0,1.0,1.0,0.25,1.0,4.0,2.0,1.0,0.5,1.0,1.0,1.0,Hustle,Natural Cure,0,Water 1,Water 3,0,28,139,0.201439
242,Remoraid,Water,Water,Moody,2,35.0,65.0,35.0,65.0,35.0,65.0,300.0,12.0,0.6,0.5,Jet Pokémon,190,20,Medium Fast,70,0,0,0,1,2,No Preevolution,1.0,1.0,1.0,1.0,1.0,1.0,1.0,1.0,0.5,0.5,0.5,2.0,2.0,1.0,0.5,1.0,1.0,1.0,Hustle,Sniper,0,Water 1,Water 2,0,69,148,0.466216
243,Octillery,Water,Water,Moody,2,75.0,105.0,75.0,105.0,75.0,45.0,480.0,28.5,0.9,0.5,Jet Pokémon,75,20,Medium Fast,70,0,0,0,2,2,Remoraid,1.0,1.0,1.0,1.0,1.0,1.0,1.0,1.0,0.5,0.5,0.5,2.0,2.0,1.0,0.5,1.0,1.0,1.0,Suction Cups,Sniper,0,Water 1,Water 2,0,37,113,0.327434
244,Delibird,Ice,Flying,Insomnia,2,45.0,55.0,45.0,65.0,45.0,75.0,330.0,16.0,0.9,0.5,Delivery Pokémon,45,20,Fast,70,0,0,0,1,1,No Preevolution,1.0,1.0,1.0,1.0,0.0,4.0,0.5,1.0,2.0,2.0,1.0,0.5,2.0,1.0,1.0,1.0,1.0,1.0,Vital Spirit,Hustle,0,Water 1,Field,0,74,130,0.569231
245,Mantine,Water,Flying,Water Veil,2,85.0,40.0,70.0,80.0,140.0,70.0,485.0,220.0,2.1,0.5,Kite Pokémon,25,25,Slow,70,0,0,0,2,2,Mantyke,1.0,0.5,1.0,1.0,0.0,2.0,0.5,1.0,0.5,0.5,0.5,1.0,4.0,1.0,1.0,1.0,1.0,1.0,Swift Swim,Water Absorb,0,Water 1,No Eggs Discovered,0,78,131,0.59542
246,Skarmory,Steel,Flying,Weak Armor,2,65.0,80.0,140.0,40.0,70.0,70.0,465.0,50.5,1.7,0.5,Armor Bird Pokémon,25,25,Slow,70,0,0,0,1,1,No Preevolution,0.5,1.0,0.5,0.0,0.0,1.0,0.25,1.0,0.5,2.0,1.0,0.25,2.0,0.5,1.0,0.5,1.0,0.5,Keen Eye,Sturdy,0,Flying,No Eggs Discovered,0,70,134,0.522388
247,Houndour,Dark,Fire,Unnerve,2,45.0,60.0,30.0,80.0,50.0,65.0,330.0,10.8,0.6,0.5,Dark Pokémon,120,20,Slow,35,0,0,0,1,2,No Preevolution,1.0,2.0,1.0,1.0,2.0,2.0,1.0,0.5,0.5,0.5,2.0,0.5,1.0,0.0,0.5,1.0,0.5,1.0,Early Bird,Flash Fire,0,Field,No Eggs Discovered,0,58,126,0.460317
248,Houndoom,Dark,Fire,Unnerve,2,75.0,90.0,50.0,110.0,80.0,95.0,500.0,35.0,1.4,0.5,Dark Pokémon,45,20,Slow,35,0,0,1,2,2,Houndour,1.0,2.0,1.0,1.0,2.0,2.0,1.0,0.5,0.5,0.5,2.0,0.5,1.0,0.0,0.5,1.0,0.5,1.0,Early Bird,Flash Fire,0,Field,No Eggs Discovered,0,111,139,0.798561
249,Mega Houndoom,Dark,Fire,None,2,75.0,90.0,90.0,140.0,90.0,115.0,600.0,49.5,1.9,0.5,Dark Pokémon,45,20,Slow,35,0,0,1,2,2,Houndoom,1.0,2.0,1.0,1.0,2.0,2.0,1.0,0.5,0.5,0.5,2.0,0.5,1.0,0.0,0.5,1.0,0.5,1.0,Solar Power,None,0,Field,No Eggs Discovered,1,128,135,0.948148
250,Kingdra,Water,Dragon,Damp,2,75.0,95.0,95.0,95.0,95.0,85.0,540.0,152.0,1.8,0.5,Dragon Pokémon,45,20,Medium Fast,70,0,0,0,3,3,Seadra,1.0,1.0,1.0,1.0,1.0,1.0,1.0,1.0,0.5,0.25,0.25,1.0,1.0,1.0,1.0,2.0,1.0,2.0,Swift Swim,Sniper,0,Water 1,Dragon,0,88,136,0.647059
251,Phanpy,Ground,Ground,Sand Veil,2,90.0,60.0,60.0,40.0,40.0,40.0,330.0,33.5,0.5,0.5,Long Nose Pokémon,120,20,Medium Fast,70,0,0,0,1,2,No Preevolution,1.0,1.0,1.0,0.5,1.0,0.5,1.0,1.0,1.0,1.0,2.0,2.0,0.0,1.0,2.0,1.0,1.0,1.0,Pickup,None,0,Field,No Eggs Discovered,0,39,132,0.295455
252,Donphan,Ground,Ground,Sand Veil,2,90.0,120.0,120.0,60.0,60.0,50.0,500.0,120.0,1.1,0.5,Armor Pokémon,60,20,Medium Fast,70,0,0,0,2,2,Phanpy,1.0,1.0,1.0,0.5,1.0,0.5,1.0,1.0,1.0,1.0,2.0,2.0,0.0,1.0,2.0,1.0,1.0,1.0,Sturdy,None,0,Field,No Eggs Discovered,0,48,136,0.352941
253,Porygon2,Normal,Normal,Analytic,2,85.0,80.0,90.0,105.0,95.0,60.0,515.0,32.5,0.6,0.5,Virtual Pokémon,45,20,Medium Fast,70,0,0,0,2,3,Porygon,1.0,2.0,1.0,1.0,1.0,1.0,1.0,0.0,1.0,1.0,1.0,1.0,1.0,1.0,1.0,1.0,1.0,1.0,Trace,Download,1,Mineral,No Eggs Discovered,0,53,108,0.490741
254,Stantler,Normal,Normal,Sap Sipper,2,73.0,95.0,62.0,85.0,65.0,85.0,465.0,71.2,1.4,0.5,Big Horn Pokémon,45,20,Slow,70,0,0,0,1,2,No Preevolution,1.0,2.0,1.0,1.0,1.0,1.0,1.0,0.0,1.0,1.0,1.0,1.0,1.0,1.0,1.0,1.0,1.0,1.0,Intimidate,Frisk,0,Field,No Eggs Discovered,0,90,135,0.666667
255,Smeargle,Normal,Normal,Moody,2,55.0,20.0,35.0,20.0,45.0,75.0,250.0,58.0,1.2,0.5,Painter Pokémon,45,20,Fast,70,0,0,0,1,1,No Preevolution,1.0,2.0,1.0,1.0,1.0,1.0,1.0,0.0,1.0,1.0,1.0,1.0,1.0,1.0,1.0,1.0,1.0,1.0,Own Tempo,Technician,0,Field,No Eggs Discovered,0,52,138,0.376812
256,Tyrogue,Fighting,Fighting,Vital Spirit,2,35.0,35.0,35.0,35.0,35.0,35.0,210.0,21.0,0.7,1.0,Scuffle Pokémon,75,25,Medium Fast,70,0,0,0,1,2,No Preevolution,1.0,1.0,2.0,1.0,1.0,0.5,0.5,1.0,1.0,1.0,1.0,1.0,1.0,2.0,1.0,1.0,0.5,2.0,Guts,Steadfast,0,No Eggs Discovered,No Eggs Discovered,0,17,127,0.133858
257,Hitmontop,Fighting,Fighting,Steadfast,2,50.0,95.0,95.0,35.0,110.0,70.0,455.0,48.0,1.4,1.0,Handstand Pokémon,45,25,Medium Fast,70,0,0,0,2,2,Tyrogue,1.0,1.0,2.0,1.0,1.0,0.5,0.5,1.0,1.0,1.0,1.0,1.0,1.0,2.0,1.0,1.0,0.5,2.0,Intimidate,Technician,0,Human-Like,No Eggs Discovered,0,72,139,0.517986
258,Smoochum,Ice,Psychic,Hydration,2,45.0,30.0,15.0,85.0,65.0,65.0,305.0,6.0,0.4,0.0,Kiss Pokémon,45,25,Medium Fast,70,0,0,0,1,2,No Preevolution,1.0,1.0,1.0,1.0,1.0,2.0,2.0,2.0,2.0,2.0,1.0,1.0,1.0,0.5,0.5,1.0,2.0,1.0,Oblivious,Forewarn,0,No Eggs Discovered,No Eggs Discovered,0,46,127,0.362205
259,Elekid,Electric,Electric,Vital Spirit,2,45.0,63.0,37.0,65.0,55.0,95.0,360.0,23.5,0.6,0.75,Electric Pokémon,45,25,Medium Fast,70,0,0,0,1,3,No Preevolution,1.0,1.0,0.5,1.0,2.0,1.0,1.0,1.0,0.5,1.0,1.0,1.0,0.5,1.0,1.0,1.0,1.0,1.0,Static,None,0,No Eggs Discovered,No Eggs Discovered,0,116,144,0.805556
260,Magby,Fire,Fire,Vital Spirit,2,45.0,75.0,37.0,70.0,55.0,83.0,365.0,21.4,0.7,0.75,Live Coal Pokémon,45,25,Medium Fast,70,0,0,0,1,3,No Preevolution,1.0,1.0,1.0,1.0,2.0,2.0,0.5,1.0,0.5,0.5,2.0,0.5,1.0,1.0,0.5,1.0,1.0,0.5,Flame Body,None,0,No Eggs Discovered,No Eggs Discovered,0,81,131,0.618321
261,Miltank,Normal,Normal,Sap Sipper,2,95.0,80.0,105.0,40.0,70.0,100.0,490.0,75.5,1.2,0.0,Milk Cow Pokémon,45,20,Slow,70,0,0,0,1,1,No Preevolution,1.0,2.0,1.0,1.0,1.0,1.0,1.0,0.0,1.0,1.0,1.0,1.0,1.0,1.0,1.0,1.0,1.0,1.0,Thick Fat,Scrappy,0,Field,No Eggs Discovered,0,103,128,0.804688
262,Blissey,Normal,Normal,Healer,2,255.0,10.0,10.0,75.0,135.0,55.0,540.0,46.8,1.5,0.0,Happiness Pokémon,30,40,Fast,140,0,0,0,3,3,Chansey,1.0,2.0,1.0,1.0,1.0,1.0,1.0,0.0,1.0,1.0,1.0,1.0,1.0,1.0,1.0,1.0,1.0,1.0,Natural Cure,Serene Grace,0,Fairy,No Eggs Discovered,0,40,128,0.3125
263,Raikou,Electric,Electric,Inner Focus,2,90.0,85.0,75.0,115.0,100.0,115.0,580.0,178.0,1.9,0.5,Thunder Pokémon,3,80,Slow,35,1,0,0,1,1,No Preevolution,1.0,1.0,0.5,1.0,2.0,1.0,1.0,1.0,0.5,1.0,1.0,1.0,0.5,1.0,1.0,1.0,1.0,1.0,Pressure,None,1,No Eggs Discovered,No Eggs Discovered,0,91,97,0.938144
264,Entei,Fire,Fire,Inner Focus,2,115.0,115.0,85.0,90.0,75.0,100.0,580.0,198.0,2.1,0.5,Volcano Pokémon,3,80,Slow,35,1,0,0,1,1,No Preevolution,1.0,1.0,1.0,1.0,2.0,2.0,0.5,1.0,0.5,0.5,2.0,0.5,1.0,1.0,0.5,1.0,1.0,0.5,Pressure,None,1,No Eggs Discovered,No Eggs Discovered,0,109,134,0.813433
265,Suicune,Water,Water,Inner Focus,2,100.0,75.0,115.0,90.0,115.0,85.0,580.0,187.0,2.0,0.5,Aurora Pokémon,3,80,Slow,35,1,0,0,1,1,No Preevolution,1.0,1.0,1.0,1.0,1.0,1.0,1.0,1.0,0.5,0.5,0.5,2.0,2.0,1.0,0.5,1.0,1.0,1.0,Pressure,None,1,No Eggs Discovered,No Eggs Discovered,0,78,121,0.644628
266,Larvitar,Rock,Ground,Sand Veil,2,50.0,64.0,50.0,45.0,50.0,41.0,300.0,72.0,0.6,0.5,Rock Skin Pokémon,45,40,Slow,35,0,0,0,1,3,No Preevolution,0.5,2.0,0.5,0.25,2.0,0.5,1.0,1.0,2.0,0.5,4.0,4.0,0.0,1.0,2.0,1.0,1.0,1.0,Guts,None,0,Monster,No Eggs Discovered,0,25,110,0.227273
267,Pupitar,Rock,Ground,None,2,70.0,84.0,70.0,65.0,70.0,51.0,410.0,152.0,1.2,0.5,Hard Shell Pokémon,45,40,Slow,35,0,0,0,2,3,Larvitar,0.5,2.0,0.5,0.25,2.0,0.5,1.0,1.0,2.0,0.5,4.0,4.0,0.0,1.0,2.0,1.0,1.0,1.0,Shed Skin,None,0,Monster,No Eggs Discovered,0,41,139,0.294964
268,Tyranitar,Rock,Dark,Unnerve,2,100.0,134.0,110.0,95.0,100.0,61.0,600.0,202.0,2.0,0.5,Armor Pokémon,45,40,Slow,35,0,0,1,3,3,Pupitar,0.5,4.0,0.5,0.5,2.0,1.0,2.0,0.5,2.0,0.5,2.0,2.0,1.0,0.0,1.0,1.0,0.5,2.0,Sand Stream,None,0,Monster,No Eggs Discovered,0,56,138,0.405797
269,Mega Tyranitar,Rock,Dark,None,2,100.0,164.0,150.0,95.0,120.0,71.0,700.0,255.0,2.5,0.5,Armor Pokémon,45,40,Slow,35,0,0,1,3,3,Tyranitar,0.5,4.0,0.5,0.5,2.0,1.0,2.0,0.5,2.0,0.5,2.0,2.0,1.0,0.0,1.0,1.0,0.5,2.0,Sand Stream,None,0,Monster,No Eggs Discovered,1,70,124,0.564516
270,Lugia,Psychic,Flying,Multiscale,2,106.0,90.0,130.0,90.0,154.0,110.0,680.0,216.0,5.2,0.5,Diving Pokémon,3,120,Slow,0,1,0,0,1,1,No Preevolution,1.0,0.25,1.0,1.0,0.0,2.0,1.0,2.0,1.0,1.0,1.0,0.5,2.0,0.5,2.0,1.0,2.0,1.0,Pressure,None,1,No Eggs Discovered,No Eggs Discovered,0,107,123,0.869919
271,Ho-oh,Fire,Flying,Regenerator,2,106.0,130.0,90.0,110.0,154.0,90.0,680.0,199.0,3.8,0.5,Rainbow Pokémon,3,120,Slow,0,1,0,0,1,1,No Preevolution,1.0,0.5,1.0,1.0,0.0,4.0,0.25,1.0,0.5,0.5,2.0,0.25,2.0,1.0,1.0,1.0,1.0,0.5,Pressure,None,1,No Eggs Discovered,No Eggs Discovered,0,77,107,0.719626
272,Celebi,Psychic,Grass,None,2,100.0,100.0,100.0,100.0,100.0,100.0,600.0,5.0,0.6,0.5,Time Travel Pokémon,45,120,Medium Slow,100,0,1,0,1,1,No Preevolution,1.0,0.5,2.0,2.0,0.5,1.0,4.0,2.0,1.0,2.0,0.5,0.5,0.5,0.5,2.0,1.0,2.0,1.0,Natural Cure,None,1,No Eggs Discovered,No Eggs Discovered,0,111,133,0.834586
273,Treecko,Grass,Grass,Unburden,3,40.0,45.0,35.0,65.0,55.0,70.0,310.0,5.0,0.5,0.875,Wood Gecko Pokémon,45,20,Medium Slow,70,0,0,0,1,3,No Preevolution,1.0,1.0,2.0,2.0,0.5,1.0,2.0,1.0,1.0,2.0,0.5,0.5,0.5,1.0,2.0,1.0,1.0,1.0,Overgrow,None,0,Monster,Dragon,0,52,116,0.448276
274,Grovyle,Grass,Grass,Unburden,3,50.0,65.0,45.0,85.0,65.0,95.0,405.0,21.6,0.9,0.875,Wood Gecko Pokémon,45,20,Medium Slow,70,0,0,0,2,3,Treecko,1.0,1.0,2.0,2.0,0.5,1.0,2.0,1.0,1.0,2.0,0.5,0.5,0.5,1.0,2.0,1.0,1.0,1.0,Overgrow,None,0,Monster,Dragon,0,76,105,0.72381
275,Sceptile,Grass,Grass,Unburden,3,70.0,85.0,65.0,105.0,85.0,120.0,530.0,52.2,1.7,0.875,Forest Pokémon,45,20,Medium Slow,70,0,0,1,3,3,Grovyle,1.0,1.0,2.0,2.0,0.5,1.0,2.0,1.0,1.0,2.0,0.5,0.5,0.5,1.0,2.0,1.0,1.0,1.0,Overgrow,None,0,Monster,Dragon,0,113,122,0.92623
276,Mega Sceptile,Grass,Dragon,None,3,70.0,110.0,75.0,145.0,85.0,145.0,630.0,55.2,1.9,0.875,Forest Pokémon,45,20,Medium Slow,70,0,0,1,3,3,Sceptile,1.0,1.0,2.0,2.0,0.5,1.0,2.0,1.0,1.0,1.0,0.25,0.25,0.0,1.0,4.0,2.0,1.0,2.0,Lightning Rod,None,0,Monster,Dragon,1,119,126,0.944444
277,Torchic,Fire,Fire,Speed Boost,3,45.0,60.0,40.0,70.0,50.0,45.0,310.0,2.5,0.4,0.875,Chick Pokémon,45,20,Medium Slow,70,0,0,0,1,3,No Preevolution,1.0,1.0,1.0,1.0,2.0,2.0,0.5,1.0,0.5,0.5,2.0,0.5,1.0,1.0,0.5,1.0,1.0,0.5,Blaze,None,0,Field,No Eggs Discovered,0,39,137,0.284672
278,Combusken,Fire,Fighting,Speed Boost,3,60.0,85.0,60.0,85.0,60.0,55.0,405.0,19.5,0.9,0.875,Young Fowl Pokémon,45,20,Medium Slow,70,0,0,0,2,3,Torchic,1.0,1.0,2.0,1.0,2.0,1.0,0.25,1.0,0.5,0.5,2.0,0.5,1.0,2.0,0.5,1.0,0.5,1.0,Blaze,None,0,Field,No Eggs Discovered,0,54,147,0.367347
279,Blaziken,Fire,Fighting,Speed Boost,3,80.0,120.0,70.0,110.0,70.0,80.0,530.0,52.0,1.9,0.875,Blaze Pokémon,45,20,Medium Slow,70,0,0,1,3,3,Combusken,1.0,1.0,2.0,1.0,2.0,1.0,0.25,1.0,0.5,0.5,2.0,0.5,1.0,2.0,0.5,1.0,0.5,1.0,Blaze,None,0,Field,No Eggs Discovered,0,79,123,0.642276
280,Mega Blaziken,Fire,Fighting,None,3,80.0,160.0,80.0,130.0,80.0,100.0,630.0,52.0,1.9,0.875,Blaze Pokémon,45,20,Medium Slow,70,0,0,1,3,3,Blaziken,1.0,1.0,2.0,1.0,2.0,1.0,0.25,1.0,0.5,0.5,2.0,0.5,1.0,2.0,0.5,1.0,0.5,1.0,Speed Boost,None,0,Field,No Eggs Discovered,1,104,123,0.845528
281,Mudkip,Water,Water,Damp,3,50.0,70.0,50.0,50.0,50.0,40.0,310.0,7.6,0.4,0.875,Mud Fish Pokémon,45,20,Medium Slow,70,0,0,0,1,3,No Preevolution,1.0,1.0,1.0,1.0,1.0,1.0,1.0,1.0,0.5,0.5,0.5,2.0,2.0,1.0,0.5,1.0,1.0,1.0,Torrent,None,0,Monster,Water 1,0,22,135,0.162963
282,Marshtomp,Water,Ground,Damp,3,70.0,85.0,70.0,60.0,70.0,50.0,405.0,28.0,0.7,0.875,Mud Fish Pokémon,45,20,Medium Slow,70,0,0,0,2,3,Mudkip,1.0,1.0,1.0,0.5,1.0,0.5,1.0,1.0,0.5,0.5,1.0,4.0,0.0,1.0,1.0,1.0,1.0,1.0,Torrent,None,0,Monster,Water 1,0,42,148,0.283784
283,Swampert,Water,Ground,Damp,3,100.0,110.0,90.0,85.0,90.0,60.0,535.0,81.9,1.5,0.875,Mud Fish Pokémon,45,20,Medium Slow,70,0,0,1,3,3,Marshtomp,1.0,1.0,1.0,0.5,1.0,0.5,1.0,1.0,0.5,0.5,1.0,4.0,0.0,1.0,1.0,1.0,1.0,1.0,Torrent,None,0,Monster,Water 1,0,65,136,0.477941
284,Mega Swampert,Water,Ground,None,3,100.0,150.0,110.0,95.0,110.0,70.0,635.0,102.0,1.9,0.875,Mud Fish Pokémon,45,20,Medium Slow,70,0,0,1,3,3,Swampert,1.0,1.0,1.0,0.5,1.0,0.5,1.0,1.0,0.5,0.5,1.0,4.0,0.0,1.0,1.0,1.0,1.0,1.0,Swift Swim,None,0,Monster,Water 1,1,77,130,0.592308
285,Poochyena,Dark,Dark,Rattled,3,35.0,55.0,35.0,30.0,30.0,35.0,220.0,13.6,0.5,0.5,Bite Pokémon,255,15,Medium Fast,70,0,0,0,1,2,No Preevolution,1.0,2.0,1.0,1.0,1.0,1.0,2.0,0.5,1.0,1.0,1.0,1.0,1.0,0.0,1.0,1.0,0.5,2.0,Run Away,Quick Feet,0,Field,No Eggs Discovered,0,27,114,0.236842
286,Mightyena,Dark,Dark,Moxie,3,70.0,90.0,70.0,60.0,60.0,70.0,420.0,37.0,1.0,0.5,Bite Pokémon,127,15,Medium Fast,70,0,0,0,2,2,Poochyena,1.0,2.0,1.0,1.0,1.0,1.0,2.0,0.5,1.0,1.0,1.0,1.0,1.0,0.0,1.0,1.0,0.5,2.0,Intimidate,Quick Feet,0,Field,No Eggs Discovered,0,85,133,0.639098
287,Zigzagoon,Normal,Normal,Quick Feet,3,38.0,30.0,41.0,30.0,41.0,60.0,240.0,17.5,0.4,0.5,Tiny Raccoon Pokémon,255,15,Medium Fast,70,0,0,0,1,2,No Preevolution,1.0,2.0,1.0,1.0,1.0,1.0,1.0,0.0,1.0,1.0,1.0,1.0,1.0,1.0,1.0,1.0,1.0,1.0,Pickup,Gluttony,0,Field,No Eggs Discovered,0,31,107,0.28972
288,Linoone,Normal,Normal,Quick Feet,3,78.0,70.0,61.0,50.0,61.0,100.0,420.0,32.5,0.5,0.5,Rushing Pokémon,90,15,Medium Fast,70,0,0,0,2,2,Zigzagoon,1.0,2.0,1.0,1.0,1.0,1.0,1.0,0.0,1.0,1.0,1.0,1.0,1.0,1.0,1.0,1.0,1.0,1.0,Pickup,Gluttony,0,Field,No Eggs Discovered,0,101,124,0.814516
289,Wurmple,Bug,Bug,Run Away,3,45.0,45.0,35.0,20.0,30.0,20.0,195.0,3.6,0.3,0.5,Worm Pokémon,255,15,Medium Fast,70,0,0,0,1,3,No Preevolution,1.0,0.5,2.0,1.0,0.5,2.0,1.0,1.0,1.0,2.0,1.0,0.5,1.0,1.0,1.0,1.0,1.0,1.0,Shield Dust,None,0,Bug,No Eggs Discovered,0,10,138,0.072464
290,Silcoon,Bug,Bug,None,3,50.0,35.0,55.0,25.0,25.0,15.0,205.0,10.0,0.6,0.5,Cocoon Pokémon,120,15,Medium Fast,70,0,0,0,2,3,Wurmple,1.0,0.5,2.0,1.0,0.5,2.0,1.0,1.0,1.0,2.0,1.0,0.5,1.0,1.0,1.0,1.0,1.0,1.0,Shed Skin,None,0,Bug,No Eggs Discovered,0,3,138,0.021739
291,Beautifly,Bug,Flying,Rivalry,3,60.0,70.0,50.0,100.0,50.0,65.0,395.0,28.4,1.0,0.5,Butterfly Pokémon,45,15,Medium Fast,70,0,0,0,3,3,Silcoon,1.0,0.25,2.0,1.0,0.0,4.0,0.5,1.0,1.0,2.0,1.0,0.25,2.0,1.0,2.0,1.0,1.0,1.0,Swarm,None,0,Bug,No Eggs Discovered,0,72,138,0.521739
292,Cascoon,Bug,Bug,None,3,50.0,35.0,55.0,25.0,25.0,15.0,205.0,11.5,0.7,0.5,Cocoon Pokémon,120,15,Medium Fast,70,0,0,0,2,3,Wurmple,1.0,0.5,2.0,1.0,0.5,2.0,1.0,1.0,1.0,2.0,1.0,0.5,1.0,1.0,1.0,1.0,1.0,1.0,Shed Skin,None,0,Bug,No Eggs Discovered,0,7,133,0.052632
293,Dustox,Bug,Poison,Compound Eyes,3,60.0,50.0,70.0,50.0,90.0,65.0,385.0,31.6,1.2,0.5,Poison Moth Pokémon,45,15,Medium Fast,70,0,0,0,3,3,Cascoon,1.0,0.25,2.0,0.5,1.0,2.0,0.5,1.0,1.0,2.0,1.0,0.25,1.0,2.0,1.0,1.0,1.0,0.5,Shield Dust,None,0,Bug,No Eggs Discovered,0,55,139,0.395683
294,Lotad,Water,Grass,Own Tempo,3,40.0,30.0,30.0,40.0,50.0,30.0,220.0,2.6,0.5,0.5,Water Weed Pokémon,255,15,Medium Slow,70,0,0,0,1,3,No Preevolution,1.0,1.0,2.0,2.0,0.5,1.0,2.0,1.0,0.5,1.0,0.25,1.0,1.0,1.0,1.0,1.0,1.0,1.0,Swift Swim,Rain Dish,0,Water 1,Grass,0,10,126,0.079365
295,Lombre,Water,Grass,Own Tempo,3,60.0,50.0,50.0,60.0,70.0,50.0,340.0,32.5,1.2,0.5,Jolly Pokémon,120,15,Medium Slow,70,0,0,0,2,3,Lotad,1.0,1.0,2.0,2.0,0.5,1.0,2.0,1.0,0.5,1.0,0.25,1.0,1.0,1.0,1.0,1.0,1.0,1.0,Swift Swim,Rain Dish,0,Water 1,Grass,0,36,127,0.283465
296,Ludicolo,Water,Grass,Own Tempo,3,80.0,70.0,70.0,90.0,100.0,70.0,480.0,55.0,1.5,0.5,Carefree Pokémon,45,15,Medium Slow,70,0,0,0,3,3,Lombre,1.0,1.0,2.0,2.0,0.5,1.0,2.0,1.0,0.5,1.0,0.25,1.0,1.0,1.0,1.0,1.0,1.0,1.0,Swift Swim,Rain Dish,0,Water 1,Grass,0,69,123,0.560976
297,Seedot,Grass,Grass,Pickpocket,3,40.0,40.0,50.0,30.0,30.0,30.0,220.0,4.0,0.5,0.5,Acorn Pokémon,255,15,Medium Slow,70,0,0,0,1,3,No Preevolution,1.0,1.0,2.0,2.0,0.5,1.0,2.0,1.0,1.0,2.0,0.5,0.5,0.5,1.0,2.0,1.0,1.0,1.0,Chlorophyll,Early Bird,0,Field,Grass,0,11,126,0.087302
298,Nuzleaf,Grass,Dark,Pickpocket,3,70.0,70.0,40.0,60.0,40.0,60.0,340.0,28.0,1.0,0.5,Wily Pokémon,120,15,Medium Slow,70,0,0,0,2,3,Seedot,1.0,2.0,2.0,2.0,0.5,1.0,4.0,0.5,1.0,2.0,0.5,0.5,0.5,0.0,2.0,1.0,0.5,2.0,Chlorophyll,Early Bird,0,Field,Grass,0,48,113,0.424779
299,Shiftry,Grass,Dark,Pickpocket,3,90.0,100.0,60.0,90.0,60.0,80.0,480.0,59.6,1.3,0.5,Wicked Pokémon,45,15,Medium Slow,70,0,0,0,3,3,Nuzleaf,1.0,2.0,2.0,2.0,0.5,1.0,4.0,0.5,1.0,2.0,0.5,0.5,0.5,0.0,2.0,1.0,0.5,2.0,Chlorophyll,Wind Rider,0,Field,Grass,0,79,123,0.642276
300,Taillow,Normal,Flying,Scrappy,3,40.0,55.0,30.0,30.0,30.0,85.0,270.0,2.3,0.3,0.5,Tiny Swallow Pokémon,200,15,Medium Slow,70,0,0,0,1,2,No Preevolution,1.0,1.0,1.0,1.0,0.0,2.0,0.5,0.0,1.0,1.0,1.0,0.5,2.0,1.0,2.0,1.0,1.0,1.0,Guts,None,0,Flying,No Eggs Discovered,0,86,125,0.688
301,Swellow,Normal,Flying,Scrappy,3,60.0,85.0,60.0,75.0,50.0,125.0,455.0,19.8,0.7,0.5,Swallow Pokémon,45,15,Medium Slow,70,0,0,0,2,2,Taillow,1.0,1.0,1.0,1.0,0.0,2.0,0.5,0.0,1.0,1.0,1.0,0.5,2.0,1.0,2.0,1.0,1.0,1.0,Guts,None,0,Flying,No Eggs Discovered,0,110,121,0.909091
302,Wingull,Water,Flying,Rain Dish,3,40.0,30.0,30.0,55.0,30.0,85.0,270.0,9.5,0.6,0.5,Seagull Pokémon,190,20,Medium Fast,70,0,0,0,1,2,No Preevolution,1.0,0.5,1.0,1.0,0.0,2.0,0.5,1.0,0.5,0.5,0.5,1.0,4.0,1.0,1.0,1.0,1.0,1.0,Keen Eye,Hydration,0,Water 1,Flying,0,56,120,0.466667
303,Pelipper,Water,Flying,Rain Dish,3,60.0,50.0,100.0,95.0,70.0,65.0,440.0,28.0,1.2,0.5,Water Bird Pokémon,45,20,Medium Fast,70,0,0,0,2,2,Wingull,1.0,0.5,1.0,1.0,0.0,2.0,0.5,1.0,0.5,0.5,0.5,1.0,4.0,1.0,1.0,1.0,1.0,1.0,Keen Eye,Drizzle,0,Water 1,Flying,0,59,124,0.475806
304,Ralts,Psychic,Fairy,Telepathy,3,28.0,25.0,25.0,45.0,35.0,40.0,198.0,6.6,0.4,0.5,Feeling Pokémon,235,20,Slow,35,0,0,0,1,3,No Preevolution,1.0,0.25,1.0,2.0,1.0,1.0,1.0,2.0,2.0,1.0,1.0,1.0,1.0,0.5,1.0,0.0,1.0,1.0,Synchronize,Trace,0,Human-Like,Amorphous,0,23,143,0.160839
305,Kirlia,Psychic,Fairy,Telepathy,3,38.0,35.0,35.0,65.0,55.0,50.0,278.0,20.2,0.8,0.5,Emotion Pokémon,120,20,Slow,35,0,0,0,2,3,Ralts,1.0,0.25,1.0,2.0,1.0,1.0,1.0,2.0,2.0,1.0,1.0,1.0,1.0,0.5,1.0,0.0,1.0,1.0,Synchronize,Trace,0,Human-Like,Amorphous,0,36,136,0.264706
306,Gardevoir,Psychic,Fairy,Telepathy,3,68.0,65.0,65.0,125.0,115.0,80.0,518.0,48.4,1.6,0.5,Embrace Pokémon,45,20,Slow,35,0,0,1,3,3,Kirlia,1.0,0.25,1.0,2.0,1.0,1.0,1.0,2.0,2.0,1.0,1.0,1.0,1.0,0.5,1.0,0.0,1.0,1.0,Synchronize,Trace,0,Human-Like,Amorphous,0,84,130,0.646154
307,Mega Gardevoir,Psychic,Fairy,None,3,68.0,85.0,65.0,165.0,135.0,100.0,618.0,48.4,1.6,0.5,Embrace Pokémon,45,20,Slow,70,0,0,1,3,3,Gardevoir,1.0,0.25,1.0,2.0,1.0,1.0,1.0,2.0,2.0,1.0,1.0,1.0,1.0,0.5,1.0,0.0,1.0,1.0,Pixilate,None,0,Human-Like,Amorphous,1,97,120,0.808333
308,Surskit,Bug,Water,Rain Dish,3,40.0,30.0,32.0,50.0,52.0,65.0,269.0,1.7,0.5,0.5,Pond Skater Pokémon,200,15,Medium Fast,70,0,0,0,1,2,No Preevolution,1.0,0.5,2.0,1.0,0.5,2.0,1.0,1.0,0.5,1.0,0.5,1.0,2.0,1.0,0.5,1.0,1.0,1.0,Swift Swim,None,0,Water 1,Bug,0,47,128,0.367188
309,Masquerain,Bug,Flying,Unnerve,3,70.0,60.0,62.0,100.0,82.0,80.0,454.0,3.6,0.8,0.5,Eyeball Pokémon,75,15,Medium Fast,70,0,0,0,2,2,Surskit,1.0,0.25,2.0,1.0,0.0,4.0,0.5,1.0,1.0,2.0,1.0,0.25,2.0,1.0,2.0,1.0,1.0,1.0,Intimidate,None,0,Water 1,Bug,0,63,144,0.4375
310,Shroomish,Grass,Grass,Quick Feet,3,60.0,40.0,60.0,40.0,60.0,35.0,295.0,4.5,0.4,0.5,Mushroom Pokémon,255,15,Fluctuating,70,0,0,0,1,2,No Preevolution,1.0,1.0,2.0,2.0,0.5,1.0,2.0,1.0,1.0,2.0,0.5,0.5,0.5,1.0,2.0,1.0,1.0,1.0,Effect Spore,Poison Heal,0,Fairy,Grass,0,26,144,0.180556
311,Breloom,Grass,Fighting,Technician,3,60.0,130.0,80.0,60.0,60.0,70.0,460.0,39.2,1.2,0.5,Mushroom Pokémon,90,15,Fluctuating,70,0,0,0,2,2,Shroomish,1.0,1.0,4.0,2.0,0.5,0.5,1.0,1.0,1.0,2.0,0.5,0.5,0.5,2.0,2.0,1.0,0.5,2.0,Effect Spore,Poison Heal,0,Fairy,Grass,0,67,130,0.515385
312,Slakoth,Normal,Normal,None,3,60.0,60.0,60.0,35.0,35.0,30.0,280.0,24.0,0.8,0.5,Slacker Pokémon,255,15,Slow,70,0,0,0,1,3,No Preevolution,1.0,2.0,1.0,1.0,1.0,1.0,1.0,0.0,1.0,1.0,1.0,1.0,1.0,1.0,1.0,1.0,1.0,1.0,Truant,None,0,Field,No Eggs Discovered,0,15,134,0.11194
313,Vigoroth,Normal,Normal,None,3,80.0,80.0,80.0,55.0,55.0,90.0,440.0,46.5,1.4,0.5,Wild Monkey Pokémon,120,15,Slow,70,0,0,0,2,3,Slakoth,1.0,2.0,1.0,1.0,1.0,1.0,1.0,0.0,1.0,1.0,1.0,1.0,1.0,1.0,1.0,1.0,1.0,1.0,Vital Spirit,None,0,Field,No Eggs Discovered,0,86,134,0.641791
314,Slaking,Normal,Normal,None,3,150.0,160.0,100.0,95.0,65.0,100.0,670.0,130.5,2.0,0.5,Lazy Pokémon,45,15,Slow,70,0,0,0,3,3,Vigoroth,1.0,2.0,1.0,1.0,1.0,1.0,1.0,0.0,1.0,1.0,1.0,1.0,1.0,1.0,1.0,1.0,1.0,1.0,Truant,None,0,Field,No Eggs Discovered,0,133,150,0.886667
315,Nincada,Bug,Ground,Run Away,3,31.0,45.0,90.0,30.0,30.0,40.0,266.0,5.5,0.5,0.5,Trainee Pokémon,255,15,Erratic,70,0,0,0,1,2,No Preevolution,1.0,0.5,2.0,0.5,0.5,1.0,1.0,1.0,1.0,2.0,2.0,1.0,0.0,1.0,2.0,1.0,1.0,1.0,Compound Eyes,None,0,Bug,Mineral,0,25,114,0.219298
316,Ninjask,Bug,Flying,Infiltrator,3,61.0,90.0,45.0,50.0,50.0,160.0,456.0,12.0,0.8,0.5,Ninja Pokémon,120,15,Erratic,70,0,0,0,2,2,Nincada,1.0,0.25,2.0,1.0,0.0,4.0,0.5,1.0,1.0,2.0,1.0,0.25,2.0,1.0,2.0,1.0,1.0,1.0,Speed Boost,None,0,Bug,No Eggs Discovered,0,108,117,0.923077
317,Shedinja,Bug,Ghost,None,3,1.0,90.0,45.0,30.0,30.0,40.0,236.0,1.2,0.8,0.5,Shed Pokémon,45,15,Erratic,70,0,0,0,2,2,Ninjask,0.0,0.0,2.0,0.5,0.5,2.0,0.5,2.0,1.0,2.0,1.0,0.5,1.0,1.0,1.0,1.0,2.0,1.0,Wonder Guard,None,1,Mineral,Bug,0,41,124,0.330645
318,Whismur,Normal,Normal,Rattled,3,64.0,51.0,23.0,51.0,23.0,28.0,240.0,16.3,0.6,0.5,Whisper Pokémon,190,20,Medium Slow,70,0,0,0,1,3,No Preevolution,1.0,2.0,1.0,1.0,1.0,1.0,1.0,0.0,1.0,1.0,1.0,1.0,1.0,1.0,1.0,1.0,1.0,1.0,Soundproof,None,0,Monster,Field,0,15,132,0.113636
319,Loudred,Normal,Normal,Scrappy,3,84.0,71.0,43.0,71.0,43.0,48.0,360.0,40.5,1.0,0.5,Big Voice Pokémon,120,20,Medium Slow,70,0,0,0,2,3,Whismur,1.0,2.0,1.0,1.0,1.0,1.0,1.0,0.0,1.0,1.0,1.0,1.0,1.0,1.0,1.0,1.0,1.0,1.0,Soundproof,None,0,Monster,Field,0,37,143,0.258741
320,Exploud,Normal,Normal,Scrappy,3,104.0,91.0,63.0,91.0,73.0,68.0,490.0,84.0,1.5,0.5,Loud Noise Pokémon,45,20,Medium Slow,70,0,0,0,3,3,Loudred,1.0,2.0,1.0,1.0,1.0,1.0,1.0,0.0,1.0,1.0,1.0,1.0,1.0,1.0,1.0,1.0,1.0,1.0,Soundproof,None,0,Monster,Field,0,65,127,0.511811
321,Makuhita,Fighting,Fighting,Sheer Force,3,72.0,60.0,30.0,20.0,30.0,25.0,237.0,86.4,1.0,0.75,Guts Pokémon,180,20,Fluctuating,70,0,0,0,1,2,No Preevolution,1.0,1.0,2.0,1.0,1.0,0.5,0.5,1.0,1.0,1.0,1.0,1.0,1.0,2.0,1.0,1.0,0.5,2.0,Thick Fat,Guts,0,Human-Like,No Eggs Discovered,0,14,121,0.115702
322,Hariyama,Fighting,Fighting,Sheer Force,3,144.0,120.0,60.0,40.0,60.0,50.0,474.0,253.8,2.3,0.75,Arm Thrust Pokémon,200,20,Fluctuating,70,0,0,0,2,2,Makuhita,1.0,1.0,2.0,1.0,1.0,0.5,0.5,1.0,1.0,1.0,1.0,1.0,1.0,2.0,1.0,1.0,0.5,2.0,Thick Fat,Guts,0,Human-Like,No Eggs Discovered,0,0,0,0.0
323,Azurill,Normal,Fairy,Sap Sipper,3,50.0,20.0,40.0,20.0,40.0,20.0,190.0,2.0,0.2,0.25,Polka Dot Pokémon,150,10,Fast,70,0,0,0,1,3,No Preevolution,1.0,1.0,1.0,2.0,1.0,1.0,0.5,0.0,2.0,1.0,1.0,1.0,1.0,1.0,1.0,0.0,0.5,1.0,Thick Fat,Huge Power,0,No Eggs Discovered,No Eggs Discovered,0,13,135,0.096296
324,Nosepass,Rock,Rock,Sand Force,3,30.0,45.0,135.0,45.0,90.0,30.0,375.0,97.0,1.0,0.5,Compass Pokémon,255,20,Medium Fast,70,0,0,0,1,2,No Preevolution,0.5,2.0,0.5,0.5,2.0,1.0,1.0,1.0,2.0,0.5,2.0,2.0,1.0,1.0,1.0,1.0,1.0,1.0,Sturdy,Magnet Pull,0,Mineral,No Eggs Discovered,0,13,140,0.092857
325,Skitty,Normal,Normal,Wonder Skin,3,50.0,45.0,45.0,35.0,35.0,50.0,260.0,11.0,0.6,0.25,Kitten Pokémon,255,15,Fast,70,0,0,0,1,2,No Preevolution,1.0,2.0,1.0,1.0,1.0,1.0,1.0,0.0,1.0,1.0,1.0,1.0,1.0,1.0,1.0,1.0,1.0,1.0,Cute Charm,Normalize,0,Field,Fairy,0,32,136,0.235294
326,Delcatty,Normal,Normal,Wonder Skin,3,70.0,65.0,65.0,55.0,55.0,90.0,400.0,32.6,1.1,0.25,Prim Pokémon,60,15,Fast,70,0,0,0,2,2,Skitty,1.0,2.0,1.0,1.0,1.0,1.0,1.0,0.0,1.0,1.0,1.0,1.0,1.0,1.0,1.0,1.0,1.0,1.0,Cute Charm,Normalize,0,Field,Fairy,0,58,116,0.5
327,Sableye,Dark,Ghost,Prankster,3,50.0,75.0,75.0,65.0,65.0,50.0,380.0,11.0,0.5,0.5,Darkness Pokémon,45,25,Medium Slow,35,0,0,1,1,1,No Preevolution,0.0,0.0,1.0,0.5,1.0,1.0,1.0,1.0,1.0,1.0,1.0,1.0,1.0,0.0,1.0,1.0,1.0,2.0,Keen Eye,Stall,0,Human-Like,No Eggs Discovered,0,49,121,0.404959
328,Mega Sableye,Dark,Ghost,None,3,50.0,85.0,125.0,85.0,115.0,20.0,480.0,161.0,0.5,0.5,Darkness Pokémon,45,25,Medium Slow,35,0,0,1,1,1,Sableye,0.0,0.0,1.0,0.5,1.0,1.0,1.0,1.0,1.0,1.0,1.0,1.0,1.0,0.0,1.0,1.0,1.0,2.0,Magic Bounce,None,0,Human-Like,No Eggs Discovered,1,59,137,0.430657
329,Mawile,Steel,Fairy,Sheer Force,3,50.0,85.0,85.0,55.0,55.0,50.0,380.0,11.5,0.6,0.5,Deceiver Pokémon,45,20,Fast,70,0,0,1,1,1,No Preevolution,0.5,1.0,0.5,0.0,2.0,0.5,0.25,1.0,1.0,2.0,1.0,0.5,1.0,0.5,0.5,0.0,0.5,0.5,Hyper Cutter,Intimidate,0,Field,Fairy,0,48,123,0.390244
330,Mega Mawile,Steel,Fairy,None,3,50.0,105.0,125.0,55.0,95.0,50.0,480.0,23.5,1.0,0.5,Deceiver Pokémon,45,20,Fast,70,0,0,1,1,1,Mawile,0.5,1.0,0.5,0.0,2.0,0.5,0.25,1.0,1.0,2.0,1.0,0.5,1.0,0.5,0.5,0.0,0.5,0.5,Huge Power,None,0,Field,Fairy,1,53,141,0.375887
331,Aron,Steel,Rock,Heavy Metal,3,50.0,70.0,100.0,40.0,40.0,30.0,330.0,60.0,0.4,0.5,Iron Armor Pokémon,180,35,Slow,35,0,0,0,1,3,No Preevolution,0.25,4.0,0.25,0.0,4.0,0.5,0.5,1.0,1.0,1.0,2.0,1.0,1.0,0.5,0.5,0.5,1.0,0.5,Sturdy,Rock Head,0,Monster,No Eggs Discovered,0,28,126,0.222222
332,Lairon,Steel,Rock,Heavy Metal,3,60.0,90.0,140.0,50.0,50.0,40.0,430.0,120.0,0.9,0.5,Iron Armor Pokémon,90,35,Slow,35,0,0,0,2,3,Aron,0.25,4.0,0.25,0.0,4.0,0.5,0.5,1.0,1.0,1.0,2.0,1.0,1.0,0.5,0.5,0.5,1.0,0.5,Sturdy,Rock Head,0,Monster,No Eggs Discovered,0,36,142,0.253521
333,Aggron,Steel,Rock,Heavy Metal,3,70.0,110.0,180.0,60.0,60.0,50.0,530.0,360.0,2.1,0.5,Iron Armor Pokémon,45,35,Slow,35,0,0,1,3,3,Lairon,0.25,4.0,0.25,0.0,4.0,0.5,0.5,1.0,1.0,1.0,2.0,1.0,1.0,0.5,0.5,0.5,1.0,0.5,Sturdy,Rock Head,0,Monster,No Eggs Discovered,0,63,153,0.411765
334,Mega Aggron,Steel,Steel,None,3,70.0,140.0,230.0,60.0,80.0,50.0,630.0,395.0,2.2,0.5,Iron Armor Pokémon,45,35,Slow,35,0,0,1,3,3,Aggron,0.5,1.5,0.5,0.0,1.5,0.5,0.5,1.0,0.5,1.5,1.0,0.5,1.0,0.5,0.5,0.5,1.0,0.5,Filter,None,0,Monster,No Eggs Discovered,1,48,148,0.324324
335,Meditite,Fighting,Psychic,Telepathy,3,30.0,40.0,55.0,40.0,55.0,60.0,280.0,11.2,0.6,0.5,Meditate Pokémon,180,20,Medium Fast,70,0,0,0,1,2,No Preevolution,1.0,0.5,2.0,1.0,1.0,0.5,1.0,2.0,1.0,1.0,1.0,1.0,1.0,1.0,1.0,1.0,1.0,2.0,Pure Power,None,0,Human-Like,No Eggs Discovered,0,45,139,0.323741
336,Medicham,Fighting,Psychic,Telepathy,3,60.0,60.0,75.0,60.0,75.0,80.0,410.0,31.5,1.3,0.5,Meditate Pokémon,90,20,Medium Fast,70,0,0,1,2,2,Meditite,1.0,0.5,2.0,1.0,1.0,0.5,1.0,2.0,1.0,1.0,1.0,1.0,1.0,1.0,1.0,1.0,1.0,2.0,Pure Power,None,0,Human-Like,No Eggs Discovered,0,82,112,0.732143
337,Mega Medicham,Fighting,Psychic,None,3,60.0,100.0,85.0,80.0,85.0,100.0,510.0,31.5,1.3,0.5,Meditate Pokémon,90,20,Medium Fast,70,0,0,1,2,2,Medicham,1.0,0.5,2.0,1.0,1.0,0.5,1.0,2.0,1.0,1.0,1.0,1.0,1.0,1.0,1.0,1.0,1.0,2.0,Pure Power,None,0,Human-Like,No Eggs Discovered,1,89,127,0.700787
338,Electrike,Electric,Electric,Minus,3,40.0,45.0,40.0,65.0,40.0,65.0,295.0,15.2,0.6,0.5,Lightning Pokémon,120,20,Slow,70,0,0,0,1,2,No Preevolution,1.0,1.0,0.5,1.0,2.0,1.0,1.0,1.0,0.5,1.0,1.0,1.0,0.5,1.0,1.0,1.0,1.0,1.0,Static,Lightning Rod,0,Field,No Eggs Discovered,0,77,136,0.566176
339,Manectric,Electric,Electric,Minus,3,70.0,75.0,60.0,105.0,60.0,105.0,475.0,40.2,1.5,0.5,Discharge Pokémon,45,20,Slow,70,0,0,1,2,2,Electrike,1.0,1.0,0.5,1.0,2.0,1.0,1.0,1.0,0.5,1.0,1.0,1.0,0.5,1.0,1.0,1.0,1.0,1.0,Static,Lightning Rod,0,Field,No Eggs Discovered,0,110,125,0.88
340,Mega Manectric,Electric,Electric,None,3,70.0,75.0,80.0,135.0,80.0,135.0,575.0,44.0,1.8,0.5,Discharge Pokémon,45,20,Slow,70,0,0,1,2,2,Manectric,1.0,1.0,0.5,1.0,2.0,1.0,1.0,1.0,0.5,1.0,1.0,1.0,0.5,1.0,1.0,1.0,1.0,1.0,Intimidate,None,0,Field,No Eggs Discovered,1,123,134,0.91791
341,Plusle,Electric,Electric,Lightning Rod,3,60.0,50.0,40.0,85.0,75.0,95.0,405.0,4.2,0.4,0.5,Cheering Pokémon,200,20,Medium Fast,70,0,0,0,1,1,No Preevolution,1.0,1.0,0.5,1.0,2.0,1.0,1.0,1.0,0.5,1.0,1.0,1.0,0.5,1.0,1.0,1.0,1.0,1.0,Plus,None,0,Fairy,No Eggs Discovered,0,92,122,0.754098
342,Minun,Electric,Electric,Volt Absorb,3,60.0,40.0,50.0,75.0,85.0,95.0,405.0,4.2,0.4,0.5,Cheering Pokémon,200,20,Medium Fast,70,0,0,0,1,1,No Preevolution,1.0,1.0,0.5,1.0,2.0,1.0,1.0,1.0,0.5,1.0,1.0,1.0,0.5,1.0,1.0,1.0,1.0,1.0,Minus,None,0,Fairy,No Eggs Discovered,0,81,134,0.604478
343,Volbeat,Bug,Bug,Prankster,3,65.0,73.0,75.0,47.0,85.0,85.0,430.0,17.7,0.7,1.0,Firefly Pokémon,150,15,Erratic,70,0,0,0,1,1,No Preevolution,1.0,0.5,2.0,1.0,0.5,2.0,1.0,1.0,1.0,2.0,1.0,0.5,1.0,1.0,1.0,1.0,1.0,1.0,Illuminate,Swarm,0,Bug,Human-Like,0,76,111,0.684685
344,Illumise,Bug,Bug,Prankster,3,65.0,47.0,75.0,73.0,85.0,85.0,430.0,17.7,0.6,0.0,Firefly Pokémon,150,15,Fluctuating,70,0,0,0,1,1,No Preevolution,1.0,0.5,2.0,1.0,0.5,2.0,1.0,1.0,1.0,2.0,1.0,0.5,1.0,1.0,1.0,1.0,1.0,1.0,Oblivious,Tinted Lens,0,Bug,Human-Like,0,104,160,0.65
345,Roselia,Grass,Poison,Leaf Guard,3,50.0,60.0,45.0,100.0,80.0,65.0,400.0,2.0,0.3,0.5,Thorn Pokémon,150,20,Medium Slow,70,0,0,0,2,3,Budew,1.0,0.5,2.0,1.0,1.0,1.0,1.0,1.0,1.0,2.0,0.5,0.25,0.5,2.0,2.0,1.0,1.0,0.5,Natural Cure,Poison Point,0,Fairy,Grass,0,53,116,0.456897
346,Gulpin,Poison,Poison,Gluttony,3,70.0,43.0,53.0,43.0,53.0,40.0,302.0,10.3,0.4,0.5,Stomach Pokémon,225,20,Fluctuating,70,0,0,0,1,2,No Preevolution,1.0,0.5,1.0,0.5,2.0,1.0,0.5,1.0,1.0,1.0,1.0,0.5,1.0,2.0,1.0,1.0,1.0,0.5,Liquid Ooze,Sticky Hold,0,Amorphous,No Eggs Discovered,0,21,110,0.190909
347,Swalot,Poison,Poison,Gluttony,3,100.0,73.0,83.0,73.0,83.0,55.0,467.0,80.0,1.7,0.5,Poison Bag Pokémon,75,20,Fluctuating,70,0,0,0,2,2,Gulpin,1.0,0.5,1.0,0.5,2.0,1.0,0.5,1.0,1.0,1.0,1.0,0.5,1.0,2.0,1.0,1.0,1.0,0.5,Liquid Ooze,Sticky Hold,0,Amorphous,No Eggs Discovered,0,45,121,0.371901
348,Carvanha,Water,Dark,Speed Boost,3,45.0,90.0,20.0,65.0,20.0,65.0,305.0,20.8,0.8,0.5,Savage Pokémon,225,20,Slow,35,0,0,0,1,2,No Preevolution,1.0,2.0,1.0,1.0,1.0,1.0,2.0,0.5,0.5,0.5,0.5,2.0,2.0,0.0,0.5,1.0,0.5,2.0,Rough Skin,None,0,Water 2,No Eggs Discovered,0,66,129,0.511628
349,Sharpedo,Water,Dark,Speed Boost,3,70.0,120.0,40.0,95.0,40.0,95.0,460.0,88.8,1.8,0.5,Brutal Pokémon,60,20,Slow,35,0,0,1,2,2,Carvanha,1.0,2.0,1.0,1.0,1.0,1.0,2.0,0.5,0.5,0.5,0.5,2.0,2.0,0.0,0.5,1.0,0.5,2.0,Rough Skin,None,0,Water 2,No Eggs Discovered,0,107,132,0.810606
350,Mega Sharpedo,Water,Dark,None,3,70.0,140.0,70.0,110.0,65.0,105.0,560.0,130.3,2.5,0.5,Brutal Pokémon,60,20,Slow,35,0,0,1,2,2,Sharpedo,1.0,2.0,1.0,1.0,1.0,1.0,2.0,0.5,0.5,0.5,0.5,2.0,2.0,0.0,0.5,1.0,0.5,2.0,Strong Jaw,None,0,Water 2,No Eggs Discovered,1,114,120,0.95
351,Wailmer,Water,Water,Pressure,3,130.0,70.0,35.0,70.0,35.0,60.0,400.0,130.0,2.0,0.5,Ball Whale Pokémon,125,40,Fluctuating,70,0,0,0,1,2,No Preevolution,1.0,1.0,1.0,1.0,1.0,1.0,1.0,1.0,0.5,0.5,0.5,2.0,2.0,1.0,0.5,1.0,1.0,1.0,Water Veil,Oblivious,0,Field,Water 2,0,45,112,0.401786
352,Wailord,Water,Water,Pressure,3,170.0,90.0,45.0,90.0,45.0,60.0,500.0,398.0,14.5,0.5,Float Whale Pokémon,60,40,Fluctuating,70,0,0,0,2,2,Wailmer,1.0,1.0,1.0,1.0,1.0,1.0,1.0,1.0,0.5,0.5,0.5,2.0,2.0,1.0,0.5,1.0,1.0,1.0,Water Veil,Oblivious,0,Field,Water 2,0,59,138,0.427536
353,Numel,Fire,Ground,Own Tempo,3,60.0,60.0,40.0,65.0,45.0,35.0,305.0,24.0,0.7,0.5,Numb Pokémon,255,20,Medium Fast,70,0,0,0,1,2,No Preevolution,1.0,1.0,1.0,0.5,2.0,1.0,0.5,1.0,0.5,0.5,4.0,1.0,0.0,1.0,1.0,1.0,1.0,0.5,Oblivious,Simple,0,Field,No Eggs Discovered,0,19,120,0.158333
354,Camerupt,Fire,Ground,Anger Point,3,70.0,100.0,70.0,105.0,75.0,40.0,460.0,220.0,1.9,0.5,Eruption Pokémon,150,20,Medium Fast,70,0,0,1,2,2,Numel,1.0,1.0,1.0,0.5,2.0,1.0,0.5,1.0,0.5,0.5,4.0,1.0,0.0,1.0,1.0,1.0,1.0,0.5,Magma Armor,Solid Rock,0,Field,No Eggs Discovered,0,26,112,0.232143
355,Mega Camerupt,Fire,Ground,None,3,70.0,120.0,100.0,145.0,105.0,20.0,560.0,320.5,2.5,0.5,Eruption Pokémon,150,20,Medium Fast,70,0,0,1,2,2,Camerupt,1.0,1.0,1.0,0.5,2.0,1.0,0.5,1.0,0.5,0.5,4.0,1.0,0.0,1.0,1.0,1.0,1.0,0.5,Sheer Force,None,0,Field,No Eggs Discovered,1,37,131,0.282443
356,Torkoal,Fire,Fire,Shell Armor,3,70.0,85.0,140.0,85.0,70.0,20.0,470.0,80.4,0.5,0.5,Coal Pokémon,90,20,Medium Fast,70,0,0,0,1,1,No Preevolution,1.0,1.0,1.0,1.0,2.0,2.0,0.5,1.0,0.5,0.5,2.0,0.5,1.0,1.0,0.5,1.0,1.0,0.5,White Smoke,Drought,0,Field,No Eggs Discovered,0,34,125,0.272
357,Spoink,Psychic,Psychic,Gluttony,3,60.0,25.0,35.0,70.0,80.0,60.0,330.0,30.6,0.7,0.5,Bounce Pokémon,255,20,Fast,70,0,0,0,1,2,No Preevolution,1.0,0.5,1.0,1.0,1.0,1.0,2.0,2.0,1.0,1.0,1.0,1.0,1.0,0.5,1.0,1.0,2.0,1.0,Thick Fat,Own Tempo,0,Field,No Eggs Discovered,0,36,117,0.307692
358,Grumpig,Psychic,Psychic,Gluttony,3,80.0,45.0,65.0,90.0,110.0,80.0,470.0,71.5,0.9,0.5,Manipulate Pokémon,60,20,Fast,70,0,0,0,2,2,Spoink,1.0,0.5,1.0,1.0,1.0,1.0,2.0,2.0,1.0,1.0,1.0,1.0,1.0,0.5,1.0,1.0,2.0,1.0,Thick Fat,Own Tempo,0,Field,No Eggs Discovered,0,59,108,0.546296
359,Spinda,Normal,Normal,Contrary,3,60.0,60.0,60.0,60.0,60.0,60.0,360.0,5.0,1.1,0.5,Spot Panda Pokémon,255,15,Fast,70,0,0,0,1,1,No Preevolution,1.0,2.0,1.0,1.0,1.0,1.0,1.0,0.0,1.0,1.0,1.0,1.0,1.0,1.0,1.0,1.0,1.0,1.0,Own Tempo,Tangled Feet,0,Field,Human-Like,0,48,126,0.380952
360,Trapinch,Ground,Ground,Sheer Force,3,45.0,100.0,45.0,45.0,45.0,10.0,290.0,15.0,0.7,0.5,Ant Pit Pokémon,255,20,Medium Slow,70,0,0,0,1,3,No Preevolution,1.0,1.0,1.0,0.5,1.0,0.5,1.0,1.0,1.0,1.0,2.0,2.0,0.0,1.0,2.0,1.0,1.0,1.0,Hyper Cutter,Arena Trap,0,Bug,Dragon,0,41,139,0.294964
361,Vibrava,Ground,Dragon,None,3,50.0,70.0,50.0,50.0,50.0,70.0,340.0,15.3,1.1,0.5,Vibration Pokémon,120,20,Medium Slow,70,0,0,0,2,3,Trapinch,1.0,1.0,1.0,0.5,1.0,0.5,1.0,1.0,1.0,0.5,1.0,1.0,0.0,1.0,4.0,2.0,1.0,2.0,Levitate,None,0,Bug,Dragon,0,70,124,0.564516
362,Flygon,Ground,Dragon,None,3,80.0,100.0,80.0,80.0,80.0,100.0,520.0,82.0,2.0,0.5,Mystic Pokémon,45,20,Medium Slow,70,0,0,0,3,3,Vibrava,1.0,1.0,1.0,0.5,1.0,0.5,1.0,1.0,1.0,0.5,1.0,1.0,0.0,1.0,4.0,2.0,1.0,2.0,Levitate,None,0,Bug,Dragon,0,105,116,0.905172
363,Cacnea,Grass,Grass,Water Absorb,3,50.0,85.0,40.0,85.0,40.0,35.0,335.0,51.3,0.4,0.5,Cactus Pokémon,190,20,Medium Slow,35,0,0,0,1,2,No Preevolution,1.0,1.0,2.0,2.0,0.5,1.0,2.0,1.0,1.0,2.0,0.5,0.5,0.5,1.0,2.0,1.0,1.0,1.0,Sand Veil,None,0,Grass,Human-Like,0,22,126,0.174603
364,Cacturne,Grass,Dark,Water Absorb,3,70.0,115.0,60.0,115.0,60.0,55.0,475.0,77.4,1.3,0.5,Scarecrow Pokémon,60,20,Medium Slow,35,0,0,0,2,2,Cacnea,1.0,2.0,2.0,2.0,0.5,1.0,4.0,0.5,1.0,2.0,0.5,0.5,0.5,0.0,2.0,1.0,0.5,2.0,Sand Veil,None,0,Grass,Human-Like,0,66,142,0.464789
365,Swablu,Normal,Flying,Cloud Nine,3,45.0,40.0,60.0,40.0,75.0,50.0,310.0,1.2,0.4,0.5,Cotton Bird Pokémon,255,20,Erratic,70,0,0,0,1,2,No Preevolution,1.0,1.0,1.0,1.0,0.0,2.0,0.5,0.0,1.0,1.0,1.0,0.5,2.0,1.0,2.0,1.0,1.0,1.0,Natural Cure,None,0,Flying,Dragon,0,36,123,0.292683
366,Altaria,Dragon,Flying,Cloud Nine,3,75.0,70.0,90.0,70.0,105.0,80.0,490.0,20.6,1.1,0.5,Humming Pokémon,45,20,Erratic,70,0,0,1,2,2,Swablu,1.0,0.5,1.0,1.0,0.0,2.0,0.5,1.0,1.0,0.5,0.5,0.25,1.0,1.0,4.0,2.0,1.0,2.0,Natural Cure,None,0,Flying,Dragon,0,82,125,0.656
367,Mega Altaria,Dragon,Fairy,None,3,75.0,110.0,110.0,110.0,105.0,80.0,590.0,20.6,1.5,0.5,Humming Pokémon,45,20,Erratic,70,0,0,1,2,2,Altaria,1.0,0.5,1.0,2.0,1.0,1.0,0.5,1.0,2.0,0.5,0.5,0.5,0.5,1.0,2.0,0.0,0.5,2.0,Pixilate,None,0,Dragon,Flying,1,90,137,0.656934
368,Zangoose,Normal,Normal,Toxic Boost,3,73.0,115.0,60.0,60.0,60.0,90.0,458.0,40.3,1.3,0.5,Cat Ferret Pokémon,90,20,Erratic,70,0,0,0,1,1,No Preevolution,1.0,2.0,1.0,1.0,1.0,1.0,1.0,0.0,1.0,1.0,1.0,1.0,1.0,1.0,1.0,1.0,1.0,1.0,Immunity,None,0,Field,No Eggs Discovered,0,79,118,0.669492
369,Seviper,Poison,Poison,Infiltrator,3,73.0,100.0,60.0,100.0,60.0,65.0,458.0,52.5,2.7,0.5,Fang Snake Pokémon,90,20,Fluctuating,70,0,0,0,1,1,No Preevolution,1.0,0.5,1.0,0.5,2.0,1.0,0.5,1.0,1.0,1.0,1.0,0.5,1.0,2.0,1.0,1.0,1.0,0.5,Shed Skin,None,0,Field,Dragon,0,61,143,0.426573
370,Lunatone,Rock,Psychic,None,3,90.0,55.0,65.0,95.0,85.0,70.0,460.0,168.0,1.0,0.5,Meteorite Pokémon,45,25,Fast,70,0,0,0,1,1,No Preevolution,0.5,1.0,0.5,0.5,2.0,1.0,2.0,2.0,2.0,0.5,2.0,2.0,1.0,0.5,1.0,1.0,2.0,1.0,Levitate,None,1,Mineral,No Eggs Discovered,0,69,130,0.530769
371,Solrock,Rock,Psychic,None,3,90.0,95.0,85.0,55.0,65.0,70.0,460.0,154.0,1.2,0.5,Meteorite Pokémon,45,25,Fast,70,0,0,0,1,1,No Preevolution,0.5,1.0,0.5,0.5,2.0,1.0,2.0,2.0,2.0,0.5,2.0,2.0,1.0,0.5,1.0,1.0,2.0,1.0,Levitate,None,1,Mineral,No Eggs Discovered,0,54,108,0.5
372,Barboach,Water,Ground,Hydration,3,50.0,48.0,43.0,46.0,41.0,60.0,288.0,1.9,0.4,0.5,Whiskers Pokémon,190,20,Medium Fast,70,0,0,0,1,2,No Preevolution,1.0,1.0,1.0,0.5,1.0,0.5,1.0,1.0,0.5,0.5,1.0,4.0,0.0,1.0,1.0,1.0,1.0,1.0,Oblivious,Anticipation,0,Water 2,Water 1,0,70,148,0.472973
373,Whiscash,Water,Ground,Hydration,3,110.0,78.0,73.0,76.0,71.0,60.0,468.0,23.6,0.9,0.5,Whiskers Pokémon,75,20,Medium Fast,70,0,0,0,2,2,Barboach,1.0,1.0,1.0,0.5,1.0,0.5,1.0,1.0,0.5,0.5,1.0,4.0,0.0,1.0,1.0,1.0,1.0,1.0,Oblivious,Anticipation,0,Water 2,Water 1,0,41,123,0.333333
374,Corphish,Water,Water,Adaptability,3,43.0,80.0,65.0,50.0,35.0,35.0,308.0,11.5,0.6,0.5,Ruffian Pokémon,205,15,Fluctuating,70,0,0,0,1,2,No Preevolution,1.0,1.0,1.0,1.0,1.0,1.0,1.0,1.0,0.5,0.5,0.5,2.0,2.0,1.0,0.5,1.0,1.0,1.0,Hyper Cutter,Shell Armor,0,Water 1,Water 3,0,22,155,0.141935
375,Crawdaunt,Water,Dark,Adaptability,3,63.0,120.0,85.0,90.0,55.0,55.0,468.0,32.8,1.1,0.5,Rogue Pokémon,155,15,Fluctuating,70,0,0,0,2,2,Corphish,1.0,2.0,1.0,1.0,1.0,1.0,2.0,0.5,0.5,0.5,0.5,2.0,2.0,0.0,0.5,1.0,0.5,2.0,Hyper Cutter,Shell Armor,0,Water 1,Water 3,0,34,121,0.280992
376,Baltoy,Ground,Psychic,None,3,40.0,40.0,55.0,40.0,70.0,55.0,300.0,21.5,0.5,0.5,Clay Doll Pokémon,255,20,Medium Fast,70,0,0,0,1,2,No Preevolution,1.0,0.5,1.0,0.5,1.0,0.5,2.0,2.0,1.0,1.0,2.0,2.0,0.0,0.5,2.0,1.0,2.0,1.0,Levitate,None,1,Mineral,No Eggs Discovered,0,61,149,0.409396
377,Claydol,Ground,Psychic,None,3,60.0,70.0,105.0,70.0,120.0,75.0,500.0,108.0,1.5,0.5,Clay Doll Pokémon,90,20,Medium Fast,70,0,0,0,2,2,Baltoy,1.0,0.5,1.0,0.5,1.0,0.5,2.0,2.0,1.0,1.0,2.0,2.0,0.0,0.5,2.0,1.0,2.0,1.0,Levitate,None,1,Mineral,No Eggs Discovered,0,73,122,0.598361
378,Lileep,Rock,Grass,Storm Drain,3,66.0,41.0,77.0,61.0,87.0,23.0,355.0,23.8,1.0,0.875,Sea Lily Pokémon,45,30,Erratic,70,0,0,0,1,2,No Preevolution,0.5,2.0,1.0,1.0,1.0,1.0,2.0,1.0,2.0,1.0,1.0,1.0,0.5,1.0,2.0,1.0,1.0,1.0,Suction Cups,None,0,Water 3,No Eggs Discovered,0,15,124,0.120968
379,Cradily,Rock,Grass,Storm Drain,3,86.0,81.0,97.0,81.0,107.0,43.0,495.0,60.4,1.5,0.875,Barnacle Pokémon,45,30,Erratic,70,0,0,0,2,2,Lileep,0.5,2.0,1.0,1.0,1.0,1.0,2.0,1.0,2.0,1.0,1.0,1.0,0.5,1.0,2.0,1.0,1.0,1.0,Suction Cups,None,0,Water 3,No Eggs Discovered,0,26,128,0.203125
380,Anorith,Rock,Bug,Swift Swim,3,45.0,95.0,50.0,40.0,50.0,75.0,355.0,12.5,0.7,0.875,Old Shrimp Pokémon,45,30,Erratic,70,0,0,0,1,2,No Preevolution,0.5,1.0,1.0,0.5,1.0,2.0,1.0,1.0,2.0,1.0,2.0,1.0,1.0,1.0,1.0,1.0,1.0,1.0,Battle Armor,None,0,Water 3,No Eggs Discovered,0,81,150,0.54
381,Armaldo,Rock,Bug,Swift Swim,3,75.0,125.0,100.0,70.0,80.0,45.0,495.0,68.2,1.5,0.875,Plate Pokémon,45,30,Erratic,70,0,0,0,2,2,Anorith,0.5,1.0,1.0,0.5,1.0,2.0,1.0,1.0,2.0,1.0,2.0,1.0,1.0,1.0,1.0,1.0,1.0,1.0,Battle Armor,None,0,Water 3,No Eggs Discovered,0,37,112,0.330357
382,Feebas,Water,Water,Adaptability,3,20.0,15.0,20.0,10.0,55.0,80.0,200.0,7.4,0.6,0.5,Fish Pokémon,255,20,Erratic,70,0,0,0,1,2,No Preevolution,1.0,1.0,1.0,1.0,1.0,1.0,1.0,1.0,0.5,0.5,0.5,2.0,2.0,1.0,0.5,1.0,1.0,1.0,Swift Swim,Oblivious,0,Water 1,Dragon,0,33,123,0.268293
383,Milotic,Water,Water,Cute Charm,3,95.0,60.0,79.0,100.0,125.0,81.0,540.0,162.0,6.2,0.5,Tender Pokémon,60,20,Erratic,70,0,0,0,2,2,Feebas,1.0,1.0,1.0,1.0,1.0,1.0,1.0,1.0,0.5,0.5,0.5,2.0,2.0,1.0,0.5,1.0,1.0,1.0,Marvel Scale,Competitive,0,Water 1,Dragon,0,80,129,0.620155
384,Castform,Normal,Normal,None,3,70.0,70.0,70.0,70.0,70.0,70.0,420.0,0.8,0.3,0.5,Weather Pokémon,45,25,Medium Fast,70,0,0,0,1,1,No Preevolution,1.0,2.0,1.0,1.0,1.0,1.0,1.0,0.0,1.0,1.0,1.0,1.0,1.0,1.0,1.0,1.0,1.0,1.0,Forecast,None,0,Fairy,Amorphous,0,64,121,0.528926
385,Kecleon,Normal,Normal,Protean,3,60.0,90.0,70.0,60.0,120.0,40.0,440.0,22.0,1.0,0.5,Color Swap Pokémon,200,20,Medium Slow,70,0,0,0,1,1,No Preevolution,1.0,2.0,1.0,1.0,1.0,1.0,1.0,0.0,1.0,1.0,1.0,1.0,1.0,1.0,1.0,1.0,1.0,1.0,Color Change,None,0,Field,No Eggs Discovered,0,34,124,0.274194
386,Shuppet,Ghost,Ghost,Cursed Body,3,44.0,75.0,35.0,63.0,33.0,45.0,295.0,2.3,0.6,0.5,Puppet Pokémon,225,25,Fast,35,0,0,0,1,2,No Preevolution,0.0,0.0,1.0,0.5,1.0,1.0,0.5,2.0,1.0,1.0,1.0,1.0,1.0,1.0,1.0,1.0,2.0,1.0,Insomnia,Frisk,0,Amorphous,No Eggs Discovered,0,36,136,0.264706
387,Banette,Ghost,Ghost,Cursed Body,3,64.0,115.0,65.0,83.0,63.0,65.0,455.0,12.5,1.1,0.5,Marionette Pokémon,45,25,Fast,35,0,0,1,2,2,Shuppet,0.0,0.0,1.0,0.5,1.0,1.0,0.5,2.0,1.0,1.0,1.0,1.0,1.0,1.0,1.0,1.0,2.0,1.0,Insomnia,Frisk,0,Amorphous,No Eggs Discovered,0,74,139,0.532374
388,Mega Banette,Ghost,Ghost,None,3,64.0,165.0,75.0,93.0,83.0,75.0,555.0,13.0,1.2,0.5,Marionette Pokémon,45,25,Fast,35,0,0,1,2,2,Banette,0.0,0.0,1.0,0.5,1.0,1.0,0.5,2.0,1.0,1.0,1.0,1.0,1.0,1.0,1.0,1.0,2.0,1.0,Prankster,None,0,Amorphous,No Eggs Discovered,1,83,126,0.65873
389,Duskull,Ghost,Ghost,Frisk,3,20.0,40.0,90.0,30.0,90.0,25.0,295.0,15.0,0.8,0.5,Requiem Pokémon,190,25,Fast,35,0,0,0,1,3,No Preevolution,0.0,0.0,1.0,0.5,1.0,1.0,0.5,2.0,1.0,1.0,1.0,1.0,1.0,1.0,1.0,1.0,2.0,1.0,Levitate,None,0,Amorphous,No Eggs Discovered,0,15,132,0.113636
390,Dusclops,Ghost,Ghost,Frisk,3,40.0,70.0,130.0,60.0,130.0,25.0,455.0,30.6,1.6,0.5,Beckon Pokémon,90,25,Fast,35,0,0,0,2,3,Duskull,0.0,0.0,1.0,0.5,1.0,1.0,0.5,2.0,1.0,1.0,1.0,1.0,1.0,1.0,1.0,1.0,2.0,1.0,Pressure,None,0,Amorphous,No Eggs Discovered,0,21,121,0.173554
391,Tropius,Grass,Flying,Harvest,3,99.0,68.0,83.0,72.0,87.0,51.0,460.0,100.0,2.0,0.5,Fruit Pokémon,200,25,Slow,70,0,0,0,1,1,No Preevolution,1.0,0.5,2.0,2.0,0.0,2.0,1.0,1.0,1.0,2.0,0.5,0.25,1.0,1.0,4.0,1.0,1.0,1.0,Chlorophyll,Solar Power,0,Monster,Grass,0,56,134,0.41791
392,Chimecho,Psychic,Psychic,None,3,75.0,50.0,80.0,95.0,90.0,65.0,455.0,1.0,0.6,0.5,Wind Chime Pokémon,45,25,Fast,70,0,0,0,2,2,Chingling,1.0,0.5,1.0,1.0,1.0,1.0,2.0,2.0,1.0,1.0,1.0,1.0,1.0,0.5,1.0,1.0,2.0,1.0,Levitate,None,0,Amorphous,No Eggs Discovered,0,52,122,0.42623
393,Absol,Dark,Dark,Justified,3,65.0,130.0,60.0,75.0,60.0,75.0,465.0,47.0,1.2,0.5,Disaster Pokémon,30,25,Medium Slow,35,0,0,1,1,1,No Preevolution,1.0,2.0,1.0,1.0,1.0,1.0,2.0,0.5,1.0,1.0,1.0,1.0,1.0,0.0,1.0,1.0,0.5,2.0,Pressure,Super Luck,0,Field,No Eggs Discovered,0,89,129,0.689922
394,Mega Absol,Dark,Dark,None,3,65.0,150.0,60.0,115.0,60.0,115.0,565.0,49.0,1.2,0.5,Disaster Pokémon,30,25,Medium Slow,35,0,0,1,1,1,Absol,1.0,2.0,1.0,1.0,1.0,1.0,2.0,0.5,1.0,1.0,1.0,1.0,1.0,0.0,1.0,1.0,0.5,2.0,Magic Bounce,None,0,Field,No Eggs Discovered,1,130,139,0.935252
395,Wynaut,Psychic,Psychic,Telepathy,3,95.0,23.0,48.0,23.0,48.0,23.0,260.0,14.0,0.6,0.5,Bright Pokémon,125,20,Medium Fast,70,0,0,0,1,2,No Preevolution,1.0,0.5,1.0,1.0,1.0,1.0,2.0,2.0,1.0,1.0,1.0,1.0,1.0,0.5,1.0,1.0,2.0,1.0,Shadow Tag,None,0,No Eggs Discovered,No Eggs Discovered,0,6,130,0.046154
396,Snorunt,Ice,Ice,Moody,3,50.0,50.0,50.0,50.0,50.0,50.0,300.0,16.8,0.7,0.5,Snow Hat Pokémon,190,20,Medium Fast,70,0,0,0,1,2,No Preevolution,1.0,2.0,1.0,1.0,1.0,2.0,1.0,1.0,2.0,2.0,1.0,1.0,1.0,1.0,0.5,1.0,1.0,1.0,Inner Focus,Ice Body,0,Fairy,Mineral,0,39,127,0.307087
397,Glalie,Ice,Ice,Moody,3,80.0,80.0,80.0,80.0,80.0,80.0,480.0,256.5,1.5,0.5,Face Pokémon,75,20,Medium Fast,70,0,0,1,2,2,Snorunt,1.0,2.0,1.0,1.0,1.0,2.0,1.0,1.0,2.0,2.0,1.0,1.0,1.0,1.0,0.5,1.0,1.0,1.0,Inner Focus,Ice Body,0,Fairy,Mineral,0,80,133,0.601504
398,Mega Glalie,Ice,Ice,None,3,80.0,120.0,80.0,120.0,80.0,100.0,580.0,350.2,2.1,0.5,Face Pokémon,75,20,Medium Fast,70,0,0,1,2,2,Glalie,1.0,2.0,1.0,1.0,1.0,2.0,1.0,1.0,2.0,2.0,1.0,1.0,1.0,1.0,0.5,1.0,1.0,1.0,Refrigerate,None,0,Fairy,Mineral,1,78,92,0.847826
399,Spheal,Ice,Water,Oblivious,3,70.0,40.0,50.0,55.0,50.0,25.0,290.0,39.5,0.8,0.5,Clap Pokémon,255,20,Medium Slow,70,0,0,0,1,3,No Preevolution,1.0,2.0,1.0,1.0,1.0,2.0,1.0,1.0,1.0,1.0,0.5,2.0,2.0,1.0,0.25,1.0,1.0,1.0,Thick Fat,Ice Body,0,Water 1,Field,0,8,131,0.061069
400,Sealeo,Ice,Water,Oblivious,3,90.0,60.0,70.0,75.0,70.0,45.0,410.0,87.6,1.1,0.5,Ball Roll Pokémon,120,20,Medium Slow,70,0,0,0,2,3,Spheal,1.0,2.0,1.0,1.0,1.0,2.0,1.0,1.0,1.0,1.0,0.5,2.0,2.0,1.0,0.25,1.0,1.0,1.0,Thick Fat,Ice Body,0,Water 1,Field,0,32,134,0.238806
401,Walrein,Ice,Water,Oblivious,3,110.0,80.0,90.0,95.0,90.0,65.0,530.0,150.6,1.4,0.5,Ice Break Pokémon,45,20,Medium Slow,70,0,0,0,3,3,Sealeo,1.0,2.0,1.0,1.0,1.0,2.0,1.0,1.0,1.0,1.0,0.5,2.0,2.0,1.0,0.25,1.0,1.0,1.0,Thick Fat,Ice Body,0,Water 1,Field,0,75,149,0.503356
402,Clamperl,Water,Water,Rattled,3,35.0,64.0,85.0,74.0,55.0,32.0,345.0,52.5,0.4,0.5,Bivalve Pokémon,255,20,Erratic,70,0,0,0,1,2,No Preevolution,1.0,1.0,1.0,1.0,1.0,1.0,1.0,1.0,0.5,0.5,0.5,2.0,2.0,1.0,0.5,1.0,1.0,1.0,Shell Armor,None,0,Water 1,No Eggs Discovered,0,23,116,0.198276
403,Huntail,Water,Water,Water Veil,3,55.0,104.0,105.0,94.0,75.0,52.0,485.0,27.0,1.7,0.5,Deep Sea Pokémon,60,20,Erratic,70,0,0,0,2,2,Clamperl,1.0,1.0,1.0,1.0,1.0,1.0,1.0,1.0,0.5,0.5,0.5,2.0,2.0,1.0,0.5,1.0,1.0,1.0,Swift Swim,None,0,Water 1,No Eggs Discovered,0,48,132,0.363636
404,Gorebyss,Water,Water,Hydration,3,55.0,84.0,105.0,114.0,75.0,52.0,485.0,22.6,1.8,0.5,South Sea Pokémon,60,20,Erratic,70,0,0,0,2,2,Clamperl,1.0,1.0,1.0,1.0,1.0,1.0,1.0,1.0,0.5,0.5,0.5,2.0,2.0,1.0,0.5,1.0,1.0,1.0,Swift Swim,None,0,Water 1,No Eggs Discovered,0,37,128,0.289062
405,Relicanth,Water,Rock,Sturdy,3,100.0,90.0,130.0,45.0,65.0,55.0,485.0,23.4,1.0,0.875,Longevity Pokémon,25,40,Slow,70,0,0,0,1,1,No Preevolution,0.5,2.0,0.5,0.5,2.0,1.0,1.0,1.0,1.0,0.25,1.0,4.0,2.0,1.0,0.5,1.0,1.0,1.0,Swift Swim,Rock Head,0,Water 1,Water 2,0,57,134,0.425373
406,Luvdisc,Water,Water,Hydration,3,43.0,30.0,55.0,40.0,65.0,97.0,330.0,8.7,0.6,0.25,Rendezvous Pokémon,225,20,Fast,70,0,0,0,1,1,No Preevolution,1.0,1.0,1.0,1.0,1.0,1.0,1.0,1.0,0.5,0.5,0.5,2.0,2.0,1.0,0.5,1.0,1.0,1.0,Swift Swim,None,0,Water 2,No Eggs Discovered,0,79,131,0.603053
407,Bagon,Dragon,Dragon,Sheer Force,3,45.0,75.0,60.0,40.0,30.0,50.0,300.0,42.1,0.6,0.5,Rock Head Pokémon,45,40,Slow,35,0,0,0,1,3,No Preevolution,1.0,1.0,1.0,1.0,1.0,1.0,1.0,1.0,1.0,0.5,0.5,0.5,0.5,1.0,2.0,2.0,1.0,2.0,Rock Head,None,0,Dragon,No Eggs Discovered,0,38,125,0.304
408,Shelgon,Dragon,Dragon,Overcoat,3,65.0,95.0,100.0,60.0,50.0,50.0,420.0,110.5,1.1,0.5,Endurance Pokémon,45,40,Slow,35,0,0,0,2,3,Bagon,1.0,1.0,1.0,1.0,1.0,1.0,1.0,1.0,1.0,0.5,0.5,0.5,0.5,1.0,2.0,2.0,1.0,2.0,Rock Head,None,0,Dragon,No Eggs Discovered,0,43,123,0.349593
409,Salamence,Dragon,Flying,Moxie,3,95.0,135.0,80.0,110.0,80.0,100.0,600.0,102.6,1.5,0.5,Dragon Pokémon,45,40,Slow,35,0,0,1,3,3,Shelgon,1.0,0.5,1.0,1.0,0.0,2.0,0.5,1.0,1.0,0.5,0.5,0.25,1.0,1.0,4.0,2.0,1.0,2.0,Intimidate,None,0,Dragon,No Eggs Discovered,0,113,137,0.824818
410,Mega Salamence,Dragon,Flying,None,3,95.0,145.0,130.0,120.0,90.0,120.0,700.0,112.6,1.8,0.5,Dragon Pokémon,45,40,Slow,35,0,0,1,3,3,Salamence,1.0,0.5,1.0,1.0,0.0,2.0,0.5,1.0,1.0,0.5,0.5,0.25,1.0,1.0,4.0,2.0,1.0,2.0,Aerilate,None,0,Dragon,No Eggs Discovered,1,125,133,0.93985
411,Beldum,Steel,Psychic,Light Metal,3,40.0,55.0,80.0,35.0,60.0,30.0,300.0,95.2,0.6,0.5,Iron Ball Pokémon,3,40,Slow,35,0,0,0,1,3,No Preevolution,0.5,1.0,0.5,0.0,2.0,0.5,1.0,2.0,0.5,2.0,1.0,0.5,1.0,0.25,0.5,0.5,2.0,0.5,Clear Body,None,1,Mineral,No Eggs Discovered,0,20,133,0.150376
412,Metang,Steel,Psychic,Light Metal,3,60.0,75.0,100.0,55.0,80.0,50.0,420.0,202.5,1.2,0.5,Iron Claw Pokémon,3,40,Slow,35,0,0,0,2,3,Beldum,0.5,1.0,0.5,0.0,2.0,0.5,1.0,2.0,0.5,2.0,1.0,0.5,1.0,0.25,0.5,0.5,2.0,0.5,Clear Body,None,1,Mineral,No Eggs Discovered,0,42,136,0.308824
413,Metagross,Steel,Psychic,Light Metal,3,80.0,135.0,130.0,95.0,90.0,70.0,600.0,550.0,1.6,0.5,Iron Leg Pokémon,3,40,Slow,35,0,0,1,3,3,Metang,0.5,1.0,0.5,0.0,2.0,0.5,1.0,2.0,0.5,2.0,1.0,0.5,1.0,0.25,0.5,0.5,2.0,0.5,Clear Body,None,1,Mineral,No Eggs Discovered,0,57,110,0.518182
414,Mega Metagross,Steel,Psychic,None,3,80.0,145.0,150.0,105.0,110.0,110.0,700.0,942.9,2.5,0.5,Iron Leg Pokémon,3,40,Slow,35,0,0,1,3,3,Metagross,0.5,1.0,0.5,0.0,2.0,0.5,1.0,2.0,0.5,2.0,1.0,0.5,1.0,0.25,0.5,0.5,2.0,0.5,Tough Claws,None,1,Mineral,No Eggs Discovered,1,113,130,0.869231
415,Regirock,Rock,Rock,Sturdy,3,80.0,100.0,200.0,50.0,100.0,50.0,580.0,230.0,1.7,0.5,Rock Peak Pokémon,3,80,Slow,35,1,0,0,1,1,No Preevolution,0.5,2.0,0.5,0.5,2.0,1.0,1.0,1.0,2.0,0.5,2.0,2.0,1.0,1.0,1.0,1.0,1.0,1.0,Clear Body,None,1,No Eggs Discovered,No Eggs Discovered,0,50,144,0.347222
416,Regice,Ice,Ice,Ice Body,3,80.0,50.0,100.0,100.0,200.0,50.0,580.0,175.0,1.8,0.5,Iceberg Pokémon,3,80,Slow,35,1,0,0,1,1,No Preevolution,1.0,2.0,1.0,1.0,1.0,2.0,1.0,1.0,2.0,2.0,1.0,1.0,1.0,1.0,0.5,1.0,1.0,1.0,Clear Body,None,1,No Eggs Discovered,No Eggs Discovered,0,33,140,0.235714
417,Registeel,Steel,Steel,Light Metal,3,80.0,75.0,150.0,75.0,150.0,50.0,580.0,205.0,1.9,0.5,Iron Pokémon,3,80,Slow,35,1,0,0,1,1,No Preevolution,0.5,2.0,0.5,0.0,2.0,0.5,0.5,1.0,0.5,2.0,1.0,0.5,1.0,0.5,0.5,0.5,1.0,0.5,Clear Body,None,1,No Eggs Discovered,No Eggs Discovered,0,35,113,0.309735
418,Latias,Dragon,Psychic,None,3,80.0,80.0,90.0,110.0,130.0,110.0,600.0,40.0,1.4,0.0,Eon Pokémon,3,120,Slow,90,1,0,1,1,1,No Preevolution,1.0,0.5,1.0,1.0,1.0,1.0,2.0,2.0,1.0,0.5,0.5,0.5,0.5,0.5,2.0,2.0,2.0,2.0,Levitate,None,0,No Eggs Discovered,No Eggs Discovered,0,116,133,0.87218
419,Mega Latias,Dragon,Psychic,None,3,80.0,100.0,120.0,140.0,150.0,110.0,700.0,52.0,1.8,0.0,Eon Pokémon,3,120,Slow,90,1,0,1,1,1,Latias,1.0,0.5,1.0,1.0,0.0,1.0,2.0,2.0,1.0,0.5,0.5,0.5,0.5,0.5,2.0,2.0,2.0,2.0,Levitate,None,0,No Eggs Discovered,No Eggs Discovered,1,0,0,0.0
420,Latios,Dragon,Psychic,None,3,80.0,90.0,80.0,130.0,110.0,110.0,600.0,60.0,2.0,1.0,Eon Pokémon,3,120,Slow,90,1,0,1,1,1,No Preevolution,1.0,0.5,1.0,1.0,1.0,1.0,2.0,2.0,1.0,0.5,0.5,0.5,0.5,0.5,2.0,2.0,2.0,2.0,Levitate,None,0,No Eggs Discovered,No Eggs Discovered,0,107,125,0.856
421,Mega Latios,Dragon,Psychic,None,3,80.0,130.0,100.0,160.0,120.0,110.0,700.0,70.0,2.3,1.0,Eon Pokémon,3,120,Slow,90,1,0,1,1,1,Latios,1.0,0.5,1.0,1.0,0.0,1.0,2.0,2.0,1.0,0.5,0.5,0.5,0.5,0.5,2.0,2.0,2.0,2.0,Levitate,None,0,No Eggs Discovered,No Eggs Discovered,1,97,108,0.898148
422,Kyogre,Water,Water,None,3,100.0,100.0,90.0,150.0,140.0,90.0,670.0,352.0,4.5,0.5,Sea Basin Pokémon,3,120,Slow,0,1,0,0,1,1,No Preevolution,1.0,1.0,1.0,1.0,1.0,1.0,1.0,1.0,0.5,0.5,0.5,2.0,2.0,1.0,0.5,1.0,1.0,1.0,Drizzle,None,1,No Eggs Discovered,No Eggs Discovered,0,92,128,0.71875
423,Primal Kyogre,Water,Water,None,3,100.0,150.0,90.0,180.0,160.0,90.0,770.0,430.0,9.8,0.5,Sea Basin Pokémon,3,120,Slow,0,1,0,1,1,1,Kyogre,1.0,1.0,1.0,1.0,1.0,1.0,1.0,1.0,0.5,0.5,0.5,2.0,2.0,1.0,0.5,1.0,1.0,1.0,Primordial Sea,None,1,No Eggs Discovered,No Eggs Discovered,0,97,132,0.734848
424,Groudon,Ground,Ground,None,3,100.0,150.0,140.0,100.0,90.0,90.0,670.0,950.0,3.5,0.5,Continent Pokémon,3,120,Slow,0,1,0,0,1,1,No Preevolution,1.0,1.0,1.0,0.5,1.0,0.5,1.0,1.0,1.0,1.0,2.0,2.0,0.0,1.0,2.0,1.0,1.0,1.0,Drought,None,1,No Eggs Discovered,No Eggs Discovered,0,106,133,0.796992
425,Primal Groudon,Ground,Fire,None,3,100.0,180.0,160.0,150.0,90.0,90.0,770.0,999.7,5.0,0.5,Continent Pokémon,3,120,Slow,0,1,0,1,1,1,Groudon,1.0,1.0,1.0,0.5,2.0,1.0,0.5,1.0,0.5,0.5,4.0,1.0,0.0,1.0,1.0,1.0,1.0,0.5,Desolate Land,None,1,No Eggs Discovered,No Eggs Discovered,0,91,121,0.752066
426,Rayquaza,Dragon,Flying,None,3,105.0,150.0,90.0,150.0,90.0,95.0,680.0,206.5,7.0,0.5,Sky High Pokémon,3,120,Slow,0,1,0,1,1,1,No Preevolution,1.0,0.5,1.0,1.0,0.0,2.0,0.5,1.0,1.0,0.5,0.5,0.25,1.0,1.0,4.0,2.0,1.0,2.0,Air Lock,None,1,No Eggs Discovered,No Eggs Discovered,0,116,140,0.828571
427,Mega Rayquaza,Dragon,Flying,None,3,105.0,180.0,100.0,180.0,100.0,115.0,780.0,392.0,10.8,0.5,Sky High Pokémon,3,120,Slow,0,1,0,1,1,1,Rayquaza,1.0,0.5,1.0,1.0,0.0,2.0,0.5,1.0,1.0,0.5,0.5,0.25,1.0,1.0,4.0,2.0,1.0,2.0,Delta Stream,None,1,No Eggs Discovered,No Eggs Discovered,1,127,134,0.947761
428,Jirachi,Steel,Psychic,None,3,100.0,100.0,100.0,100.0,100.0,100.0,600.0,1.1,0.3,0.5,Wish Pokémon,3,120,Slow,100,0,1,0,1,1,No Preevolution,0.5,1.0,0.5,0.0,2.0,0.5,1.0,2.0,0.5,2.0,1.0,0.5,1.0,0.25,0.5,0.5,2.0,0.5,Serene Grace,None,1,No Eggs Discovered,No Eggs Discovered,0,134,153,0.875817
429,Deoxys Normal Forme,Psychic,Psychic,None,3,50.0,150.0,50.0,150.0,50.0,150.0,600.0,60.8,1.7,0.5,DNA Pokémon,3,120,Slow,0,0,1,0,1,1,No Preevolution,1.0,0.5,1.0,1.0,1.0,1.0,2.0,2.0,1.0,1.0,1.0,1.0,1.0,0.5,1.0,1.0,2.0,1.0,Pressure,None,1,No Eggs Discovered,No Eggs Discovered,0,99,106,0.933962
430,DeoxysAttack Forme,Psychic,Psychic,None,3,50.0,180.0,20.0,180.0,20.0,150.0,600.0,60.8,1.7,0.5,DNA Pokémon,3,120,Slow,0,0,1,0,1,1,No Preevolution,1.0,0.5,1.0,1.0,1.0,1.0,2.0,2.0,1.0,1.0,1.0,1.0,1.0,0.5,1.0,1.0,2.0,1.0,Pressure,None,1,No Eggs Discovered,No Eggs Discovered,0,121,134,0.902985
431,Deoxys Defense Forme,Psychic,Psychic,None,3,50.0,70.0,160.0,70.0,160.0,90.0,600.0,60.8,1.7,0.5,DNA Pokémon,3,120,Slow,0,0,1,0,1,1,No Preevolution,1.0,0.5,1.0,1.0,1.0,1.0,2.0,2.0,1.0,1.0,1.0,1.0,1.0,0.5,1.0,1.0,2.0,1.0,Pressure,None,1,No Eggs Discovered,No Eggs Discovered,0,112,151,0.741722
432,Deoxys Speed Forme,Psychic,Psychic,None,3,50.0,95.0,90.0,95.0,90.0,180.0,600.0,60.8,1.7,0.5,DNA Pokémon,3,120,Slow,0,0,1,0,1,1,No Preevolution,1.0,0.5,1.0,1.0,1.0,1.0,2.0,2.0,1.0,1.0,1.0,1.0,1.0,0.5,1.0,1.0,2.0,1.0,Pressure,None,1,No Eggs Discovered,No Eggs Discovered,0,133,145,0.917241
433,Turtwig,Grass,Grass,Shell Armor,4,55.0,68.0,64.0,45.0,55.0,31.0,318.0,10.2,0.4,0.875,Tiny Leaf Pokémon,45,20,Medium Slow,70,0,0,0,1,3,No Preevolution,1.0,1.0,2.0,2.0,0.5,1.0,2.0,1.0,1.0,2.0,0.5,0.5,0.5,1.0,2.0,1.0,1.0,1.0,Overgrow,None,0,Monster,Grass,0,14,120,0.116667
434,Grotle,Grass,Grass,Shell Armor,4,75.0,89.0,85.0,55.0,65.0,36.0,405.0,97.0,1.1,0.875,Grove Pokémon,45,20,Medium Slow,70,0,0,0,2,3,Turtwig,1.0,1.0,2.0,2.0,0.5,1.0,2.0,1.0,1.0,2.0,0.5,0.5,0.5,1.0,2.0,1.0,1.0,1.0,Overgrow,None,0,Monster,Grass,0,39,132,0.295455
435,Torterra,Grass,Ground,Shell Armor,4,95.0,109.0,105.0,75.0,85.0,56.0,525.0,310.0,2.2,0.875,Continent Pokémon,45,20,Medium Slow,70,0,0,0,3,3,Grotle,1.0,1.0,2.0,1.0,0.5,0.5,2.0,1.0,1.0,2.0,1.0,1.0,0.0,1.0,4.0,1.0,1.0,1.0,Overgrow,None,0,Monster,Grass,0,39,113,0.345133
436,Chimchar,Fire,Fire,Iron Fist,4,44.0,58.0,44.0,58.0,44.0,61.0,309.0,6.2,0.5,0.875,Chimp Pokémon,45,20,Medium Slow,70,0,0,0,1,3,No Preevolution,1.0,1.0,1.0,1.0,2.0,2.0,0.5,1.0,0.5,0.5,2.0,0.5,1.0,1.0,0.5,1.0,1.0,0.5,Blaze,None,0,Field,Human-Like,0,47,112,0.419643
437,Monferno,Fire,Fighting,Iron Fist,4,64.0,78.0,52.0,78.0,52.0,81.0,405.0,22.0,0.9,0.875,Playful Pokémon,45,20,Medium Slow,70,0,0,0,2,3,Chimchar,1.0,1.0,2.0,1.0,2.0,1.0,0.25,1.0,0.5,0.5,2.0,0.5,1.0,2.0,0.5,1.0,0.5,1.0,Blaze,None,0,Field,Human-Like,0,79,123,0.642276
438,Infernape,Fire,Fighting,Iron Fist,4,76.0,104.0,71.0,104.0,71.0,108.0,534.0,55.0,1.2,0.875,Flame Pokémon,45,20,Medium Slow,70,0,0,0,3,3,Monferno,1.0,1.0,2.0,1.0,2.0,1.0,0.25,1.0,0.5,0.5,2.0,0.5,1.0,2.0,0.5,1.0,0.5,1.0,Blaze,None,0,Field,Human-Like,0,136,149,0.912752
439,Piplup,Water,Water,Competitive,4,53.0,51.0,53.0,61.0,56.0,40.0,314.0,5.2,0.4,0.875,Penguin Pokémon,45,20,Medium Slow,70,0,0,0,1,3,No Preevolution,1.0,1.0,1.0,1.0,1.0,1.0,1.0,1.0,0.5,0.5,0.5,2.0,2.0,1.0,0.5,1.0,1.0,1.0,Torrent,None,0,Water 1,Field,0,20,140,0.142857
440,Prinplup,Water,Water,Competitive,4,64.0,66.0,68.0,81.0,76.0,50.0,405.0,23.0,0.8,0.875,Penguin Pokémon,45,20,Medium Slow,70,0,0,0,2,3,Piplup,1.0,1.0,1.0,1.0,1.0,1.0,1.0,1.0,0.5,0.5,0.5,2.0,2.0,1.0,0.5,1.0,1.0,1.0,Torrent,None,0,Water 1,Field,0,33,131,0.251908
441,Empoleon,Water,Steel,Competitive,4,84.0,86.0,88.0,111.0,101.0,60.0,530.0,84.5,1.7,0.875,Emperor Pokémon,45,20,Medium Slow,70,0,0,0,3,3,Prinplup,0.5,2.0,0.5,0.0,2.0,0.5,0.5,1.0,0.25,1.0,0.5,1.0,2.0,0.5,0.25,0.5,1.0,0.5,Torrent,None,0,Water 1,Field,0,57,123,0.463415
442,Starly,Normal,Flying,None,4,40.0,55.0,30.0,30.0,30.0,60.0,245.0,2.0,0.3,0.5,Starling Pokémon,255,15,Medium Slow,70,0,0,0,1,3,No Preevolution,1.0,1.0,1.0,1.0,0.0,2.0,0.5,0.0,1.0,1.0,1.0,0.5,2.0,1.0,2.0,1.0,1.0,1.0,Keen Eye,None,0,Flying,No Eggs Discovered,0,54,124,0.435484
443,Staravia,Normal,Flying,Reckless,4,55.0,75.0,50.0,40.0,40.0,80.0,340.0,15.5,0.6,0.5,Starling Pokémon,120,15,Medium Slow,70,0,0,0,2,3,Starly,1.0,1.0,1.0,1.0,0.0,2.0,0.5,0.0,1.0,1.0,1.0,0.5,2.0,1.0,2.0,1.0,1.0,1.0,Intimidate,None,0,Flying,No Eggs Discovered,0,75,119,0.630252
444,Staraptor,Normal,Flying,Reckless,4,85.0,120.0,70.0,50.0,60.0,100.0,485.0,24.9,1.2,0.5,Predator Pokémon,45,15,Medium Slow,70,0,0,0,3,3,Staravia,1.0,1.0,1.0,1.0,0.0,2.0,0.5,0.0,1.0,1.0,1.0,0.5,2.0,1.0,2.0,1.0,1.0,1.0,Intimidate,None,0,Flying,No Eggs Discovered,0,113,136,0.830882
445,Bidoof,Normal,Normal,Moody,4,59.0,45.0,40.0,35.0,40.0,31.0,250.0,20.0,0.5,0.5,Plump Mouse Pokémon,255,15,Medium Fast,70,0,0,0,1,2,No Preevolution,1.0,2.0,1.0,1.0,1.0,1.0,1.0,0.0,1.0,1.0,1.0,1.0,1.0,1.0,1.0,1.0,1.0,1.0,Simple,Unaware,0,Water 1,Field,0,19,133,0.142857
446,Bibarel,Normal,Water,Moody,4,79.0,85.0,60.0,55.0,60.0,71.0,410.0,31.5,1.0,0.5,Beaver Pokémon,127,15,Medium Fast,70,0,0,0,2,2,Bidoof,1.0,2.0,1.0,1.0,1.0,1.0,1.0,0.0,0.5,0.5,0.5,2.0,2.0,1.0,0.5,1.0,1.0,1.0,Simple,Unaware,0,Water 1,Field,0,84,139,0.604317
447,Kricketot,Bug,Bug,Run Away,4,37.0,25.0,41.0,25.0,41.0,25.0,194.0,2.2,0.3,0.5,Cricket Pokémon,255,15,Medium Slow,70,0,0,0,1,2,No Preevolution,1.0,0.5,2.0,1.0,0.5,2.0,1.0,1.0,1.0,2.0,1.0,0.5,1.0,1.0,1.0,1.0,1.0,1.0,Shed Skin,None,0,Bug,No Eggs Discovered,0,11,124,0.08871
448,Kricketune,Bug,Bug,Technician,4,77.0,85.0,51.0,55.0,51.0,65.0,384.0,25.5,1.0,0.5,Cricket Pokémon,45,15,Medium Slow,70,0,0,0,2,2,Kricketot,1.0,0.5,2.0,1.0,0.5,2.0,1.0,1.0,1.0,2.0,1.0,0.5,1.0,1.0,1.0,1.0,1.0,1.0,Swarm,None,0,Bug,No Eggs Discovered,0,63,122,0.516393
449,Shinx,Electric,Electric,Guts,4,45.0,65.0,34.0,40.0,34.0,45.0,263.0,9.5,0.5,0.5,Flash Pokémon,235,20,Medium Slow,70,0,0,0,1,3,No Preevolution,1.0,1.0,0.5,1.0,2.0,1.0,1.0,1.0,0.5,1.0,1.0,1.0,0.5,1.0,1.0,1.0,1.0,1.0,Rivalry,Intimidate,0,Field,No Eggs Discovered,0,36,139,0.258993
450,Luxio,Electric,Electric,Guts,4,60.0,85.0,49.0,60.0,49.0,60.0,363.0,30.5,0.9,0.5,Spark Pokémon,120,20,Medium Slow,100,0,0,0,2,3,Shinx,1.0,1.0,0.5,1.0,2.0,1.0,1.0,1.0,0.5,1.0,1.0,1.0,0.5,1.0,1.0,1.0,1.0,1.0,Rivalry,Intimidate,0,Field,No Eggs Discovered,0,56,126,0.444444
451,Luxray,Electric,Electric,Guts,4,80.0,120.0,79.0,95.0,79.0,70.0,523.0,42.0,1.4,0.5,Gleam Eyes Pokémon,45,20,Medium Slow,70,0,0,0,3,3,Luxio,1.0,1.0,0.5,1.0,2.0,1.0,1.0,1.0,0.5,1.0,1.0,1.0,0.5,1.0,1.0,1.0,1.0,1.0,Rivalry,Intimidate,0,Field,No Eggs Discovered,0,77,132,0.583333
452,Budew,Grass,Poison,Leaf Guard,4,40.0,30.0,35.0,50.0,70.0,55.0,280.0,1.2,0.2,0.5,Bud Pokémon,255,20,Medium Slow,70,0,0,0,1,3,No Preevolution,1.0,0.5,2.0,1.0,1.0,1.0,1.0,1.0,1.0,2.0,0.5,0.25,0.5,2.0,2.0,1.0,1.0,0.5,Natural Cure,Poison Point,0,No Eggs Discovered,No Eggs Discovered,0,33,117,0.282051
453,Roserade,Grass,Poison,Technician,4,60.0,70.0,65.0,125.0,105.0,90.0,515.0,14.5,0.9,0.5,Bouquet Pokémon,75,20,Medium Slow,70,0,0,0,3,3,Roselia,1.0,0.5,2.0,1.0,1.0,1.0,1.0,1.0,1.0,2.0,0.5,0.25,0.5,2.0,2.0,1.0,1.0,0.5,Natural Cure,Poison Point,0,Fairy,Grass,0,94,136,0.691176
454,Cranidos,Rock,Rock,Sheer Force,4,67.0,125.0,40.0,30.0,30.0,58.0,350.0,31.5,0.9,0.875,Head Butt Pokémon,45,30,Erratic,70,0,0,0,1,2,No Preevolution,0.5,2.0,0.5,0.5,2.0,1.0,1.0,1.0,2.0,0.5,2.0,2.0,1.0,1.0,1.0,1.0,1.0,1.0,Mold Breaker,None,0,Monster,No Eggs Discovered,0,35,102,0.343137
455,Rampardos,Rock,Rock,Sheer Force,4,97.0,165.0,60.0,65.0,50.0,58.0,495.0,102.5,1.6,0.875,Head Butt Pokémon,45,30,Erratic,70,0,0,0,2,2,Cranidos,0.5,2.0,0.5,0.5,2.0,1.0,1.0,1.0,2.0,0.5,2.0,2.0,1.0,1.0,1.0,1.0,1.0,1.0,Mold Breaker,None,0,Monster,No Eggs Discovered,0,48,123,0.390244
456,Shieldon,Rock,Steel,Soundproof,4,30.0,42.0,118.0,42.0,88.0,30.0,350.0,57.0,0.5,0.875,Shield Pokémon,45,30,Erratic,70,0,0,0,1,2,No Preevolution,0.25,4.0,0.25,0.0,4.0,0.5,0.5,1.0,1.0,1.0,2.0,1.0,1.0,0.5,0.5,0.5,1.0,0.5,Sturdy,None,0,Monster,No Eggs Discovered,0,14,125,0.112
457,Bastiodon,Rock,Steel,Soundproof,4,60.0,52.0,168.0,47.0,138.0,30.0,495.0,149.5,1.3,0.875,Shield Pokémon,45,30,Erratic,70,0,0,0,2,2,Shieldon,0.25,4.0,0.25,0.0,4.0,0.5,0.5,1.0,1.0,1.0,2.0,1.0,1.0,0.5,0.5,0.5,1.0,0.5,Sturdy,None,0,Monster,No Eggs Discovered,0,24,121,0.198347
458,Burmy,Bug,Bug,Overcoat,4,40.0,29.0,45.0,29.0,45.0,36.0,224.0,3.4,0.2,0.5,Bagworm Pokémon,120,15,Medium Fast,70,0,0,0,1,2,No Preevolution,1.0,0.5,2.0,1.0,0.5,2.0,1.0,1.0,1.0,2.0,1.0,0.5,1.0,1.0,1.0,1.0,1.0,1.0,Shed Skin,None,0,Bug,No Eggs Discovered,0,18,123,0.146341
459,Wormadam Plant Cloak,Bug,Grass,Overcoat,4,60.0,59.0,85.0,79.0,105.0,36.0,424.0,6.5,0.5,0.0,Bagworm Pokémon,45,15,Medium Fast,70,0,0,0,2,2,Burmy Plant Cloak,1.0,0.5,4.0,2.0,0.25,2.0,2.0,1.0,1.0,4.0,0.5,0.25,0.5,1.0,2.0,1.0,1.0,1.0,Anticipation,None,0,Bug,No Eggs Discovered,0,21,126,0.166667
460,Wormadam Sandy Cloak,Bug,Ground,Overcoat,4,60.0,79.0,105.0,59.0,85.0,36.0,424.0,6.5,0.5,0.0,Bagworm Pokémon,45,15,Medium Fast,70,0,0,0,2,2,Burmy Sandy Cloak,1.0,0.5,2.0,0.5,0.5,1.0,1.0,1.0,1.0,2.0,2.0,1.0,0.0,1.0,2.0,1.0,1.0,1.0,Anticipation,None,0,Bug,No Eggs Discovered,0,22,129,0.170543
461,Wormadam Trash Cloak,Bug,Steel,Overcoat,4,60.0,69.0,95.0,69.0,95.0,36.0,424.0,6.5,0.5,0.0,Bagworm Pokémon,45,15,Medium Fast,70,0,0,0,2,2,Burmy Trash Cloak,0.5,1.0,1.0,0.0,1.0,1.0,0.5,1.0,0.5,4.0,1.0,0.25,1.0,0.5,0.5,0.5,1.0,0.5,Anticipation,None,0,Bug,No Eggs Discovered,0,36,138,0.26087
462,Mothim,Bug,Flying,Tinted Lens,4,70.0,94.0,50.0,94.0,50.0,66.0,424.0,23.3,0.9,1.0,Moth Pokémon,45,15,Medium Fast,70,0,0,0,2,2,Burmy,1.0,0.25,2.0,1.0,0.0,4.0,0.5,1.0,1.0,2.0,1.0,0.25,2.0,1.0,2.0,1.0,1.0,1.0,Swarm,None,0,Bug,No Eggs Discovered,0,65,135,0.481481
463,Combee,Bug,Flying,Hustle,4,30.0,30.0,42.0,30.0,42.0,70.0,244.0,5.5,0.3,0.875,Tiny Bee Pokémon,120,15,Medium Slow,70,0,0,0,1,2,No Preevolution,1.0,0.25,2.0,1.0,0.0,4.0,0.5,1.0,1.0,2.0,1.0,0.25,2.0,1.0,2.0,1.0,1.0,1.0,Honey Gather,None,0,Bug,No Eggs Discovered,0,55,130,0.423077
464,Vespiquen,Bug,Flying,Unnerve,4,70.0,80.0,102.0,80.0,102.0,40.0,474.0,38.5,1.2,0.0,Beehive Pokémon,45,15,Medium Slow,70,0,0,0,2,2,Combee,1.0,0.25,2.0,1.0,0.0,4.0,0.5,1.0,1.0,2.0,1.0,0.25,2.0,1.0,2.0,1.0,1.0,1.0,Pressure,None,0,Bug,No Eggs Discovered,0,34,127,0.267717
465,Pachirisu,Electric,Electric,Volt Absorb,4,60.0,45.0,70.0,45.0,90.0,95.0,405.0,3.9,0.4,0.5,EleSquirrel Pokémon,200,10,Medium Fast,100,0,0,0,1,1,No Preevolution,1.0,1.0,0.5,1.0,2.0,1.0,1.0,1.0,0.5,1.0,1.0,1.0,0.5,1.0,1.0,1.0,1.0,1.0,Run Away,Pickup,0,Field,Fairy,0,103,141,0.730496
466,Buizel,Water,Water,Water Veil,4,55.0,65.0,35.0,60.0,30.0,85.0,330.0,29.5,0.7,0.5,Sea Weasel Pokémon,190,20,Medium Fast,70,0,0,0,1,2,No Preevolution,1.0,1.0,1.0,1.0,1.0,1.0,1.0,1.0,0.5,0.5,0.5,2.0,2.0,1.0,0.5,1.0,1.0,1.0,Swift Swim,None,0,Water 1,Field,0,68,111,0.612613
467,Floatzel,Water,Water,Water Veil,4,85.0,105.0,55.0,85.0,50.0,115.0,495.0,33.5,1.1,0.5,Sea Weasel Pokémon,75,20,Medium Fast,70,0,0,0,2,2,Buizel,1.0,1.0,1.0,1.0,1.0,1.0,1.0,1.0,0.5,0.5,0.5,2.0,2.0,1.0,0.5,1.0,1.0,1.0,Swift Swim,None,0,Water 1,Field,0,112,124,0.903226
468,Cherubi,Grass,Grass,None,4,45.0,35.0,45.0,62.0,53.0,35.0,275.0,3.3,0.4,0.5,Cherry Pokémon,190,20,Medium Fast,70,0,0,0,1,2,No Preevolution,1.0,1.0,2.0,2.0,0.5,1.0,2.0,1.0,1.0,2.0,0.5,0.5,0.5,1.0,2.0,1.0,1.0,1.0,Chlorophyll,None,0,Fairy,Grass,0,16,135,0.118519
469,Cherrim,Grass,Grass,None,4,70.0,90.0,70.0,87.0,117.0,85.0,519.0,9.3,0.5,0.5,Blossom Pokémon,75,20,Medium Fast,70,0,0,0,2,2,Cherubi,1.0,1.0,2.0,2.0,0.5,1.0,2.0,1.0,1.0,2.0,0.5,0.5,0.5,1.0,2.0,1.0,1.0,1.0,Flower Gift,None,0,Fairy,Grass,0,71,114,0.622807
470,Shellos,Water,Water,Sand Force,4,76.0,48.0,48.0,57.0,62.0,34.0,325.0,6.3,0.3,0.5,Sea Slug Pokémon,190,20,Medium Fast,70,0,0,0,1,2,No Preevolution,1.0,1.0,1.0,1.0,1.0,1.0,1.0,1.0,0.5,0.5,0.5,2.0,2.0,1.0,0.5,1.0,1.0,1.0,Sticky Hold,Storm Drain,0,Water 1,Amorphous,0,18,154,0.116883
471,Gastrodon,Water,Ground,Sand Force,4,111.0,83.0,68.0,92.0,82.0,39.0,475.0,29.9,0.9,0.5,Sea Slug Pokémon,75,20,Medium Fast,70,0,0,0,2,2,Shellos West Sea,1.0,1.0,1.0,0.5,1.0,0.5,1.0,1.0,0.5,0.5,1.0,4.0,0.0,1.0,1.0,1.0,1.0,1.0,Sticky Hold,Storm Drain,0,Water 1,Amorphous,0,22,124,0.177419
472,Ambipom,Normal,Normal,Skill Link,4,75.0,100.0,66.0,60.0,66.0,115.0,482.0,20.3,1.2,0.5,Long Tail Pokémon,45,20,Fast,100,0,0,0,2,2,Aipom,1.0,2.0,1.0,1.0,1.0,1.0,1.0,0.0,1.0,1.0,1.0,1.0,1.0,1.0,1.0,1.0,1.0,1.0,Technician,Pickup,0,Field,No Eggs Discovered,0,102,111,0.918919
473,Drifloon,Ghost,Flying,Flare Boost,4,90.0,50.0,34.0,60.0,44.0,70.0,348.0,1.2,0.4,0.5,Balloon Pokémon,125,30,Fluctuating,70,0,0,0,1,2,No Preevolution,0.0,0.0,1.0,0.5,0.0,2.0,0.25,2.0,1.0,1.0,1.0,0.5,2.0,1.0,2.0,1.0,2.0,1.0,Aftermath,Unburden,0,Amorphous,No Eggs Discovered,0,71,113,0.628319
474,Drifblim,Ghost,Flying,Flare Boost,4,150.0,80.0,44.0,90.0,54.0,80.0,498.0,15.0,1.2,0.5,Blimp Pokémon,60,30,Fluctuating,70,0,0,0,2,2,Drifloon,0.0,0.0,1.0,0.5,0.0,2.0,0.25,2.0,1.0,1.0,1.0,0.5,2.0,1.0,2.0,1.0,2.0,1.0,Aftermath,Unburden,0,Amorphous,No Eggs Discovered,0,80,128,0.625
475,Buneary,Normal,Normal,Limber,4,55.0,66.0,44.0,44.0,56.0,85.0,350.0,5.5,0.4,0.5,Rabbit Pokémon,190,20,Medium Fast,0,0,0,0,1,2,No Preevolution,1.0,2.0,1.0,1.0,1.0,1.0,1.0,0.0,1.0,1.0,1.0,1.0,1.0,1.0,1.0,1.0,1.0,1.0,Run Away,Klutz,0,Field,Human-Like,0,93,135,0.688889
476,Lopunny,Normal,Normal,Limber,4,65.0,76.0,84.0,54.0,96.0,105.0,480.0,33.3,1.2,0.5,Rabbit Pokémon,60,20,Medium Fast,140,0,0,1,2,2,Buneary,1.0,2.0,1.0,1.0,1.0,1.0,1.0,0.0,1.0,1.0,1.0,1.0,1.0,1.0,1.0,1.0,1.0,1.0,Cute Charm,Klutz,0,Field,Human-Like,0,109,121,0.900826
477,Mega Lopunny,Normal,Fighting,None,4,65.0,136.0,94.0,54.0,96.0,135.0,580.0,28.3,1.3,0.0,Rabbit Pokémon,60,20,Medium Fast,140,0,0,1,2,2,Lopunny,1.0,2.0,2.0,1.0,1.0,0.5,0.5,0.0,1.0,1.0,1.0,1.0,1.0,2.0,1.0,1.0,0.5,2.0,Scrappy,None,0,Field,Human-Like,1,124,129,0.96124
478,Mismagius,Ghost,Ghost,None,4,60.0,60.0,60.0,105.0,105.0,105.0,495.0,4.4,0.9,0.5,Magical Pokémon,45,25,Fast,35,0,0,0,2,2,Misdreavus,0.0,0.0,1.0,0.5,1.0,1.0,0.5,2.0,1.0,1.0,1.0,1.0,1.0,1.0,1.0,1.0,2.0,1.0,Levitate,None,0,Amorphous,No Eggs Discovered,0,106,125,0.848
479,Honchkrow,Dark,Flying,Moxie,4,100.0,125.0,52.0,105.0,52.0,71.0,505.0,27.3,0.9,0.5,Big Boss Pokémon,30,20,Medium Slow,35,0,0,0,2,2,Murkrow,1.0,1.0,1.0,1.0,0.0,2.0,1.0,0.5,1.0,1.0,1.0,0.5,2.0,0.0,2.0,1.0,0.5,2.0,Insomnia,Super Luck,0,Flying,No Eggs Discovered,0,0,0,0.0
480,Glameow,Normal,Normal,Keen Eye,4,49.0,55.0,42.0,42.0,37.0,85.0,310.0,3.9,0.5,0.25,Catty Pokémon,190,20,Fast,70,0,0,0,1,2,No Preevolution,1.0,2.0,1.0,1.0,1.0,1.0,1.0,0.0,1.0,1.0,1.0,1.0,1.0,1.0,1.0,1.0,1.0,1.0,Limber,Own Tempo,0,Field,No Eggs Discovered,0,71,117,0.606838
481,Purugly,Normal,Normal,Defiant,4,71.0,82.0,64.0,64.0,59.0,112.0,452.0,43.8,1.0,0.25,Tiger Cat Pokémon,75,20,Fast,70,0,0,0,2,2,Glameow,1.0,2.0,1.0,1.0,1.0,1.0,1.0,0.0,1.0,1.0,1.0,1.0,1.0,1.0,1.0,1.0,1.0,1.0,Thick Fat,Own Tempo,0,Field,No Eggs Discovered,0,111,119,0.932773
482,Chingling,Psychic,Psychic,None,4,45.0,30.0,50.0,65.0,50.0,45.0,285.0,0.6,0.2,0.5,Bell Pokémon,120,25,Fast,70,0,0,0,1,2,No Preevolution,1.0,0.5,1.0,1.0,1.0,1.0,2.0,2.0,1.0,1.0,1.0,1.0,1.0,0.5,1.0,1.0,2.0,1.0,Levitate,None,0,No Eggs Discovered,No Eggs Discovered,0,17,123,0.138211
483,Stunky,Poison,Dark,Keen Eye,4,63.0,63.0,47.0,41.0,41.0,74.0,329.0,19.2,0.4,0.5,Skunk Pokémon,225,20,Medium Fast,70,0,0,0,1,2,No Preevolution,1.0,1.0,1.0,0.5,2.0,1.0,1.0,0.5,1.0,1.0,1.0,0.5,1.0,0.0,1.0,1.0,0.5,1.0,Stench,Aftermath,0,Field,No Eggs Discovered,0,70,125,0.56
484,Skuntank,Poison,Dark,Keen Eye,4,103.0,93.0,67.0,71.0,61.0,84.0,479.0,38.0,1.0,0.5,Skunk Pokémon,60,20,Medium Fast,70,0,0,0,2,2,Stunky,1.0,1.0,1.0,0.5,2.0,1.0,1.0,0.5,1.0,1.0,1.0,0.5,1.0,0.0,1.0,1.0,0.5,1.0,Stench,Aftermath,0,Field,No Eggs Discovered,0,85,119,0.714286
485,Bronzor,Steel,Psychic,Heavy Metal,4,57.0,24.0,86.0,24.0,86.0,23.0,300.0,60.5,0.5,0.5,Bronze Pokémon,255,20,Medium Fast,70,0,0,0,1,2,No Preevolution,0.5,1.0,0.5,0.0,2.0,0.5,1.0,2.0,0.5,2.0,1.0,0.5,1.0,0.25,0.5,0.5,2.0,0.5,Levitate,Heatproof,1,Mineral,No Eggs Discovered,0,14,110,0.127273
486,Bronzong,Steel,Psychic,Heavy Metal,4,67.0,89.0,116.0,79.0,116.0,33.0,500.0,187.0,1.3,0.5,Bronze Bell Pokémon,90,20,Medium Fast,70,0,0,0,2,2,Bronzor,0.5,1.0,0.5,0.0,2.0,0.5,1.0,2.0,0.5,2.0,1.0,0.5,1.0,0.25,0.5,0.5,2.0,0.5,Levitate,Heatproof,1,Mineral,No Eggs Discovered,0,37,141,0.262411
487,Bonsly,Rock,Rock,Rattled,4,50.0,80.0,95.0,10.0,45.0,10.0,290.0,15.0,0.5,0.5,Bonsai Pokémon,255,20,Medium Fast,70,0,0,0,1,2,No Preevolution,0.5,2.0,0.5,0.5,2.0,1.0,1.0,1.0,2.0,0.5,2.0,2.0,1.0,1.0,1.0,1.0,1.0,1.0,Sturdy,Rock Head,0,No Eggs Discovered,No Eggs Discovered,0,29,125,0.232
488,Mime Jr.,Psychic,Fairy,Technician,4,20.0,25.0,45.0,70.0,90.0,60.0,310.0,13.0,0.6,0.5,Mime Pokémon,145,25,Medium Fast,70,0,0,0,1,2,No Preevolution,1.0,0.25,1.0,2.0,1.0,1.0,1.0,2.0,2.0,1.0,1.0,1.0,1.0,0.5,1.0,0.0,1.0,1.0,Soundproof,Filter,0,No Eggs Discovered,No Eggs Discovered,0,37,120,0.308333
489,Happiny,Normal,Normal,Friend Guard,4,100.0,5.0,5.0,15.0,65.0,30.0,220.0,24.4,0.6,0.0,Playhouse Pokémon,130,40,Fast,140,0,0,0,1,3,No Preevolution,1.0,2.0,1.0,1.0,1.0,1.0,1.0,0.0,1.0,1.0,1.0,1.0,1.0,1.0,1.0,1.0,1.0,1.0,Natural Cure,Serene Grace,0,No Eggs Discovered,No Eggs Discovered,0,8,104,0.076923
490,Chatot,Normal,Flying,Big Pecks,4,76.0,65.0,45.0,92.0,42.0,91.0,411.0,1.9,0.5,0.5,Music Note Pokémon,30,20,Medium Slow,35,0,0,0,1,1,No Preevolution,1.0,1.0,1.0,1.0,0.0,2.0,0.5,0.0,1.0,1.0,1.0,0.5,2.0,1.0,2.0,1.0,1.0,1.0,Keen Eye,Tangled Feet,0,Flying,No Eggs Discovered,0,111,149,0.744966
491,Spiritomb,Ghost,Dark,Infiltrator,4,50.0,92.0,108.0,92.0,108.0,35.0,485.0,108.0,1.0,0.5,Forbidden Pokémon,100,30,Medium Fast,70,0,0,0,1,1,No Preevolution,0.0,0.0,1.0,0.5,1.0,1.0,1.0,1.0,1.0,1.0,1.0,1.0,1.0,0.0,1.0,1.0,1.0,2.0,Pressure,None,0,Amorphous,No Eggs Discovered,0,29,118,0.245763
492,Gible,Dragon,Ground,Rough Skin,4,58.0,70.0,45.0,40.0,45.0,42.0,300.0,20.5,0.7,0.5,Land Shark Pokémon,45,40,Slow,70,0,0,0,1,3,No Preevolution,1.0,1.0,1.0,0.5,1.0,0.5,1.0,1.0,1.0,0.5,1.0,1.0,0.0,1.0,4.0,2.0,1.0,2.0,Sand Veil,None,0,Monster,Dragon,0,35,135,0.259259
493,Gabite,Dragon,Ground,Rough Skin,4,68.0,90.0,65.0,50.0,55.0,82.0,410.0,56.0,1.4,0.5,Cave Pokémon,45,40,Slow,70,0,0,0,2,3,Gible,1.0,1.0,1.0,0.5,1.0,0.5,1.0,1.0,1.0,0.5,1.0,1.0,0.0,1.0,4.0,2.0,1.0,2.0,Sand Veil,None,0,Monster,Dragon,0,82,133,0.616541
494,Garchomp,Dragon,Ground,Rough Skin,4,108.0,130.0,95.0,80.0,85.0,102.0,600.0,95.0,1.9,0.5,Mach Pokémon,45,40,Slow,70,0,0,1,3,3,Gabite,1.0,1.0,1.0,0.5,1.0,0.5,1.0,1.0,1.0,0.5,1.0,1.0,0.0,1.0,4.0,2.0,1.0,2.0,Sand Veil,None,0,Monster,Dragon,0,97,127,0.76378
495,Mega Garchomp,Dragon,Ground,None,4,108.0,170.0,115.0,120.0,95.0,92.0,700.0,95.0,1.9,0.5,Mach Pokémon,45,40,Slow,70,0,0,1,3,3,Garchomp,1.0,1.0,1.0,0.5,1.0,0.5,1.0,1.0,1.0,0.5,1.0,1.0,0.0,1.0,4.0,2.0,1.0,2.0,Sand Force,None,0,Monster,Dragon,1,85,120,0.708333
496,Munchlax,Normal,Normal,Gluttony,4,135.0,85.0,40.0,40.0,85.0,5.0,390.0,105.0,0.6,0.875,Big Eater Pokémon,50,40,Slow,70,0,0,0,1,2,No Preevolution,1.0,2.0,1.0,1.0,1.0,1.0,1.0,0.0,1.0,1.0,1.0,1.0,1.0,1.0,1.0,1.0,1.0,1.0,Pickup,Thick Fat,0,No Eggs Discovered,No Eggs Discovered,0,81,118,0.686441
497,Riolu,Fighting,Fighting,Prankster,4,40.0,70.0,40.0,35.0,40.0,60.0,285.0,20.2,0.7,0.875,Emanation Pokémon,75,25,Medium Slow,70,0,0,0,1,2,No Preevolution,1.0,1.0,2.0,1.0,1.0,0.5,0.5,1.0,1.0,1.0,1.0,1.0,1.0,2.0,1.0,1.0,0.5,2.0,Steadfast,Inner Focus,0,No Eggs Discovered,No Eggs Discovered,0,49,125,0.392
498,Lucario,Fighting,Steel,Justified,4,70.0,110.0,70.0,115.0,70.0,90.0,525.0,54.0,1.2,0.875,Aura Pokémon,45,25,Medium Slow,70,0,0,1,2,2,Riolu,0.5,2.0,1.0,0.0,2.0,0.25,0.25,1.0,0.5,2.0,1.0,0.5,1.0,1.0,0.5,0.5,0.5,1.0,Steadfast,Inner Focus,0,Field,Human-Like,0,90,120,0.75
499,Mega Lucario,Fighting,Steel,None,4,70.0,145.0,88.0,140.0,70.0,112.0,625.0,57.5,1.3,0.875,Aura Pokémon,45,25,Medium Slow,70,0,0,1,2,2,Lucario,0.5,2.0,1.0,0.0,2.0,0.25,0.5,1.0,0.5,2.0,1.0,0.5,1.0,1.0,0.5,0.5,0.5,1.0,Adaptability,None,0,Field,Human-Like,1,96,108,0.888889
500,Hippopotas,Ground,Ground,Sand Force,4,68.0,72.0,78.0,38.0,42.0,32.0,330.0,49.5,0.8,0.5,Hippo Pokémon,140,30,Slow,70,0,0,0,1,2,No Preevolution,1.0,1.0,1.0,0.5,1.0,0.5,1.0,1.0,1.0,1.0,2.0,2.0,0.0,1.0,2.0,1.0,1.0,1.0,Sand Stream,None,0,Field,No Eggs Discovered,0,30,126,0.238095
501,Hippowdon,Ground,Ground,Sand Force,4,108.0,112.0,118.0,68.0,72.0,47.0,525.0,300.0,2.0,0.5,Heavyweight Pokémon,60,30,Slow,70,0,0,0,2,2,Hippopotas,1.0,1.0,1.0,0.5,1.0,0.5,1.0,1.0,1.0,1.0,2.0,2.0,0.0,1.0,2.0,1.0,1.0,1.0,Sand Stream,None,0,Field,No Eggs Discovered,0,35,120,0.291667
502,Skorupi,Poison,Bug,Keen Eye,4,40.0,50.0,90.0,30.0,55.0,65.0,330.0,12.0,0.8,0.5,Scorpion Pokémon,120,20,Slow,70,0,0,0,1,2,No Preevolution,1.0,0.25,2.0,0.5,1.0,2.0,0.5,1.0,1.0,2.0,1.0,0.25,1.0,2.0,1.0,1.0,1.0,0.5,Battle Armor,Sniper,0,Bug,Water 3,0,63,141,0.446809
503,Drapion,Poison,Dark,Keen Eye,4,70.0,90.0,110.0,60.0,75.0,95.0,500.0,61.5,1.3,0.5,Ogre Scorpion Pokémon,45,20,Slow,70,0,0,0,2,2,Skorupi,1.0,1.0,1.0,0.5,2.0,1.0,1.0,0.5,1.0,1.0,1.0,0.5,1.0,0.0,1.0,1.0,0.5,1.0,Battle Armor,Sniper,0,Bug,Water 3,0,88,120,0.733333
504,Croagunk,Poison,Fighting,Poison Touch,4,48.0,61.0,40.0,61.0,40.0,50.0,300.0,23.0,0.7,0.5,Toxic Mouth Pokémon,140,10,Medium Fast,100,0,0,0,1,2,No Preevolution,1.0,0.5,2.0,0.5,2.0,0.5,0.25,1.0,1.0,1.0,1.0,0.5,1.0,4.0,1.0,1.0,0.5,1.0,Anticipation,Dry Skin,0,Human-Like,No Eggs Discovered,0,29,114,0.254386
505,Toxicroak,Poison,Fighting,Poison Touch,4,83.0,106.0,65.0,86.0,65.0,85.0,490.0,44.4,1.3,0.5,Toxic Mouth Pokémon,75,20,Medium Fast,70,0,0,0,2,2,Croagunk,1.0,0.5,2.0,0.5,2.0,0.5,0.25,1.0,1.0,1.0,1.0,0.5,1.0,4.0,1.0,1.0,0.5,1.0,Anticipation,Dry Skin,0,Human-Like,No Eggs Discovered,0,85,128,0.664062
506,Carnivine,Grass,Grass,None,4,74.0,100.0,72.0,90.0,72.0,46.0,454.0,27.0,1.4,0.5,Bug Catcher Pokémon,200,25,Slow,70,0,0,0,1,1,No Preevolution,1.0,1.0,2.0,2.0,0.5,1.0,2.0,1.0,1.0,2.0,0.5,0.5,0.5,1.0,2.0,1.0,1.0,1.0,Levitate,None,0,Grass,No Eggs Discovered,0,28,114,0.245614
507,Finneon,Water,Water,Water Veil,4,49.0,49.0,56.0,49.0,61.0,66.0,330.0,7.0,0.4,0.5,Wing Fish Pokémon,190,20,Erratic,70,0,0,0,1,2,No Preevolution,1.0,1.0,1.0,1.0,1.0,1.0,1.0,1.0,0.5,0.5,0.5,2.0,2.0,1.0,0.5,1.0,1.0,1.0,Swift Swim,Storm Drain,0,Water 2,No Eggs Discovered,0,68,131,0.519084
508,Lumineon,Water,Water,Water Veil,4,69.0,69.0,76.0,69.0,86.0,91.0,460.0,24.0,1.2,0.5,Neon Pokémon,75,20,Erratic,70,0,0,0,2,2,Finneon,1.0,1.0,1.0,1.0,1.0,1.0,1.0,1.0,0.5,0.5,0.5,2.0,2.0,1.0,0.5,1.0,1.0,1.0,Swift Swim,Storm Drain,0,Water 2,No Eggs Discovered,0,78,119,0.655462
509,Mantyke,Water,Flying,Water Veil,4,45.0,20.0,50.0,60.0,120.0,50.0,345.0,65.0,1.0,0.5,Kite Pokémon,25,25,Slow,70,0,0,0,1,2,No Preevolution,1.0,0.5,1.0,1.0,0.0,2.0,0.5,1.0,0.5,0.5,0.5,1.0,4.0,1.0,1.0,1.0,1.0,1.0,Swift Swim,Water Absorb,0,No Eggs Discovered,No Eggs Discovered,0,26,108,0.240741
510,Snover,Grass,Ice,Soundproof,4,60.0,62.0,50.0,62.0,60.0,40.0,334.0,50.5,1.0,0.5,Frost Tree Pokémon,120,20,Slow,70,0,0,0,1,2,No Preevolution,1.0,2.0,2.0,2.0,0.5,2.0,2.0,1.0,2.0,4.0,0.5,0.5,0.5,1.0,1.0,1.0,1.0,1.0,Snow Warning,None,0,Monster,Grass,0,22,121,0.181818
511,Abomasnow,Grass,Ice,Soundproof,4,90.0,92.0,75.0,92.0,85.0,60.0,494.0,135.5,2.2,0.5,Frost Tree Pokémon,60,20,Slow,70,0,0,1,2,2,Snover,1.0,2.0,2.0,2.0,0.5,2.0,2.0,1.0,2.0,4.0,0.5,0.5,0.5,1.0,1.0,1.0,1.0,1.0,Snow Warning,None,0,Monster,Grass,0,60,121,0.495868
512,Mega Abomasnow,Grass,Ice,None,4,90.0,132.0,105.0,132.0,105.0,30.0,594.0,185.0,2.7,0.5,Frost Tree Pokémon,60,20,Slow,70,0,0,1,2,2,Abomasnow,1.0,2.0,2.0,2.0,0.5,2.0,2.0,1.0,2.0,4.0,0.5,0.5,0.5,1.0,1.0,1.0,1.0,1.0,Snow Warning,None,0,Monster,Grass,1,62,146,0.424658
513,Weavile,Dark,Ice,Pickpocket,4,70.0,120.0,65.0,45.0,85.0,125.0,510.0,34.0,1.1,0.5,Sharp Claw Pokémon,45,20,Medium Slow,35,0,0,0,2,2,Sneasel,1.0,4.0,1.0,1.0,1.0,2.0,2.0,0.5,2.0,2.0,1.0,1.0,1.0,0.0,0.5,1.0,0.5,2.0,Pressure,None,0,Field,No Eggs Discovered,0,116,119,0.97479
514,Magnezone,Electric,Steel,Analytic,4,70.0,70.0,115.0,130.0,90.0,60.0,535.0,180.0,1.2,0.5,Magnet Area Pokémon,30,20,Medium Fast,70,0,0,0,3,3,Magneton,0.5,2.0,0.25,0.0,4.0,0.5,0.5,1.0,0.25,2.0,1.0,0.5,0.5,0.5,0.5,0.5,1.0,0.5,Magnet Pull,Sturdy,1,Mineral,No Eggs Discovered,0,63,118,0.533898
515,Lickilicky,Normal,Normal,Cloud Nine,4,110.0,85.0,95.0,80.0,95.0,50.0,515.0,140.0,1.7,0.5,Licking Pokémon,30,20,Medium Fast,70,0,0,0,2,2,Lickitung,1.0,2.0,1.0,1.0,1.0,1.0,1.0,0.0,1.0,1.0,1.0,1.0,1.0,1.0,1.0,1.0,1.0,1.0,Own Tempo,Oblivious,0,Monster,No Eggs Discovered,0,35,129,0.271318
516,Rhyperior,Ground,Rock,Reckless,4,115.0,140.0,130.0,55.0,55.0,40.0,535.0,282.8,2.4,0.5,Drill Pokémon,30,20,Slow,70,0,0,0,3,3,Rhydon,0.5,2.0,0.5,0.25,2.0,0.5,1.0,1.0,2.0,0.5,4.0,4.0,0.0,1.0,2.0,1.0,1.0,1.0,Lightning Rod,Solid Rock,0,Monster,Field,0,47,104,0.451923
517,Tangrowth,Grass,Grass,Regenerator,4,100.0,100.0,125.0,110.0,50.0,50.0,535.0,128.6,2.0,0.5,Vine Pokémon,30,20,Medium Fast,70,0,0,0,2,2,Tangela,1.0,1.0,2.0,2.0,0.5,1.0,2.0,1.0,1.0,2.0,0.5,0.5,0.5,1.0,2.0,1.0,1.0,1.0,Chlorophyll,Leaf Guard,0,Grass,No Eggs Discovered,0,48,125,0.384
518,Electivire,Electric,Electric,Vital Spirit,4,75.0,123.0,67.0,95.0,85.0,95.0,540.0,138.6,1.8,0.75,Thunderbolt Pokémon,30,25,Medium Fast,70,0,0,0,3,3,Electabuzz,1.0,1.0,0.5,1.0,2.0,1.0,1.0,1.0,0.5,1.0,1.0,1.0,0.5,1.0,1.0,1.0,1.0,1.0,Motor Drive,None,0,Human-Like,No Eggs Discovered,0,94,123,0.764228
519,Magmortar,Fire,Fire,Vital Spirit,4,75.0,95.0,67.0,125.0,95.0,83.0,540.0,68.0,1.6,0.75,Blast Pokémon,30,25,Medium Fast,70,0,0,0,3,3,Magmar,1.0,1.0,1.0,1.0,2.0,2.0,0.5,1.0,0.5,0.5,2.0,0.5,1.0,1.0,0.5,1.0,1.0,0.5,Flame Body,None,0,Human-Like,No Eggs Discovered,0,79,111,0.711712
520,Togekiss,Fairy,Flying,Super Luck,4,85.0,50.0,95.0,120.0,115.0,80.0,545.0,38.0,1.5,0.875,Jubilee Pokémon,30,10,Fast,70,0,0,0,3,3,Togetic,1.0,0.25,1.0,2.0,0.0,2.0,0.25,1.0,2.0,1.0,1.0,0.5,2.0,1.0,2.0,0.0,0.5,1.0,Hustle,Serene Grace,0,Flying,Fairy,0,73,126,0.579365
521,Yanmega,Bug,Flying,Frisk,4,86.0,76.0,86.0,116.0,56.0,95.0,515.0,51.5,1.9,0.5,Ogre Darner Pokémon,30,20,Medium Fast,70,0,0,0,2,2,Yanma,1.0,0.25,2.0,1.0,0.0,4.0,0.5,1.0,1.0,2.0,1.0,0.25,2.0,1.0,2.0,1.0,1.0,1.0,Speed Boost,Tinted Lens,0,Bug,No Eggs Discovered,0,91,114,0.798246
522,Leafeon,Grass,Grass,Chlorophyll,4,65.0,110.0,130.0,60.0,65.0,95.0,525.0,25.5,1.0,0.875,Verdant Pokémon,45,35,Medium Fast,35,0,0,0,2,2,Eevee,1.0,1.0,2.0,2.0,0.5,1.0,2.0,1.0,1.0,2.0,0.5,0.5,0.5,1.0,2.0,1.0,1.0,1.0,Leaf Guard,None,0,Field,No Eggs Discovered,0,125,151,0.827815
523,Glaceon,Ice,Ice,Ice Body,4,65.0,60.0,110.0,130.0,95.0,65.0,525.0,25.9,0.8,0.875,Fresh Snow Pokémon,45,35,Medium Fast,35,0,0,0,2,2,Eevee,1.0,2.0,1.0,1.0,1.0,2.0,1.0,1.0,2.0,2.0,1.0,1.0,1.0,1.0,0.5,1.0,1.0,1.0,Snow Cloak,None,0,Field,No Eggs Discovered,0,64,134,0.477612
524,Gliscor,Ground,Flying,Poison Heal,4,75.0,95.0,125.0,45.0,75.0,95.0,510.0,42.5,2.0,0.5,Fang Scorpion Pokémon,30,20,Medium Slow,70,0,0,0,2,2,Gligar,1.0,0.5,1.0,0.5,0.0,1.0,0.5,1.0,1.0,1.0,2.0,1.0,0.0,1.0,4.0,1.0,1.0,1.0,Hyper Cutter,Sand Veil,0,Bug,No Eggs Discovered,0,109,132,0.825758
525,Mamoswine,Ice,Ground,Thick Fat,4,110.0,130.0,80.0,70.0,60.0,80.0,530.0,291.0,2.5,0.5,Twin Tusk Pokémon,50,20,Slow,70,0,0,0,3,3,Piloswine,1.0,2.0,1.0,0.5,1.0,1.0,1.0,1.0,2.0,2.0,2.0,2.0,0.0,1.0,1.0,1.0,1.0,1.0,Oblivious,Snow Cloak,0,Field,No Eggs Discovered,0,68,116,0.586207
526,Porygon-Z,Normal,Normal,Analytic,4,85.0,80.0,70.0,135.0,75.0,90.0,535.0,34.0,0.9,0.5,Virtual Pokémon,30,20,Medium Fast,70,0,0,0,3,3,Porygon2,1.0,2.0,1.0,1.0,1.0,1.0,1.0,0.0,1.0,1.0,1.0,1.0,1.0,1.0,1.0,1.0,1.0,1.0,Adaptability,Download,1,Mineral,No Eggs Discovered,0,103,147,0.70068
527,Gallade,Psychic,Fighting,Justified,4,68.0,125.0,65.0,65.0,115.0,80.0,518.0,52.0,1.6,1.0,Blade Pokémon,45,20,Slow,35,0,0,1,3,3,Kirlia,1.0,0.5,2.0,1.0,1.0,0.5,1.0,2.0,1.0,1.0,1.0,1.0,1.0,1.0,1.0,1.0,1.0,2.0,Steadfast,Sharpness,0,Human-Like,Amorphous,0,86,137,0.627737
528,Mega Gallade,Psychic,Fighting,None,4,68.0,165.0,95.0,65.0,115.0,110.0,618.0,56.4,1.6,1.0,Blade Pokémon,45,20,Slow,35,0,0,1,3,3,Gallade,1.0,0.5,2.0,1.0,1.0,0.5,1.0,2.0,1.0,1.0,1.0,1.0,1.0,1.0,1.0,1.0,1.0,2.0,Inner Focus,None,0,Human-Like,Amorphous,1,112,130,0.861538
529,Probopass,Rock,Steel,Sand Force,4,60.0,55.0,145.0,75.0,150.0,40.0,525.0,340.0,1.4,0.5,Compass Pokémon,60,20,Medium Fast,70,0,0,0,2,2,Nosepass,0.25,4.0,0.25,0.0,4.0,0.5,0.5,1.0,1.0,1.0,2.0,1.0,1.0,0.5,0.5,0.5,1.0,0.5,Sturdy,Magnet Pull,0,Mineral,No Eggs Discovered,0,26,130,0.2
530,Dusknoir,Ghost,Ghost,Frisk,4,45.0,100.0,135.0,65.0,135.0,45.0,525.0,106.6,2.2,0.5,Gripper Pokémon,45,25,Fast,35,0,0,0,3,3,Dusclops,0.0,0.0,1.0,0.5,1.0,1.0,0.5,2.0,1.0,1.0,1.0,1.0,1.0,1.0,1.0,1.0,2.0,1.0,Pressure,None,0,Amorphous,No Eggs Discovered,0,40,136,0.294118
531,Froslass,Ice,Ghost,Cursed Body,4,70.0,80.0,70.0,80.0,70.0,110.0,480.0,26.6,1.3,0.0,Snow Land Pokémon,75,20,Medium Fast,70,0,0,0,2,2,Snorunt,0.0,0.0,1.0,0.5,1.0,2.0,0.5,2.0,2.0,2.0,1.0,1.0,1.0,1.0,0.5,1.0,2.0,1.0,Snow Cloak,None,0,Fairy,Mineral,0,91,138,0.65942
532,Rotom,Electric,Ghost,None,4,50.0,50.0,77.0,95.0,77.0,91.0,440.0,0.3,0.3,0.5,Plasma Pokémon,45,20,Medium Fast,70,0,0,0,1,1,No Preevolution,0.0,0.0,0.5,0.5,2.0,1.0,0.5,2.0,0.5,1.0,1.0,1.0,0.5,1.0,1.0,1.0,2.0,1.0,Levitate,None,1,Amorphous,No Eggs Discovered,0,71,120,0.591667
533,Heat Rotom,Electric,Fire,None,4,50.0,65.0,107.0,105.0,107.0,86.0,520.0,0.3,0.3,0.5,Plasma Pokémon,45,20,Medium Fast,70,0,0,0,1,1,No Preevolution,1.0,1.0,0.5,1.0,4.0,2.0,0.5,1.0,0.25,0.5,2.0,0.5,0.5,1.0,0.5,1.0,1.0,0.5,Levitate,None,1,Amorphous,No Eggs Discovered,0,79,113,0.699115
534,Wash Rotom,Electric,Water,None,4,50.0,65.0,107.0,105.0,107.0,86.0,520.0,0.3,0.3,0.5,Plasma Pokémon,45,20,Medium Fast,70,0,0,0,1,1,No Preevolution,1.0,1.0,0.5,1.0,2.0,1.0,1.0,1.0,0.25,0.5,0.5,2.0,1.0,1.0,0.5,1.0,1.0,1.0,Levitate,None,1,Amorphous,No Eggs Discovered,0,90,116,0.775862
535,Frost Rotom,Electric,Ice,None,4,50.0,65.0,107.0,105.0,107.0,86.0,520.0,0.3,0.3,0.5,Plasma Pokémon,45,20,Medium Fast,70,0,0,0,1,1,No Preevolution,1.0,2.0,0.5,1.0,2.0,2.0,1.0,1.0,1.0,2.0,1.0,1.0,0.5,1.0,0.5,1.0,1.0,1.0,Levitate,None,1,Amorphous,No Eggs Discovered,0,90,128,0.703125
536,Fan Rotom,Electric,Flying,None,4,50.0,65.0,107.0,105.0,107.0,86.0,520.0,0.3,0.3,0.5,Plasma Pokémon,45,20,Medium Fast,70,0,0,0,1,1,No Preevolution,1.0,0.5,0.5,1.0,0.0,2.0,0.5,1.0,0.5,1.0,1.0,0.5,1.0,1.0,2.0,1.0,1.0,1.0,Levitate,None,1,Amorphous,No Eggs Discovered,0,88,121,0.727273
537,Mow Rotom,Electric,Grass,None,4,50.0,65.0,107.0,105.0,107.0,86.0,520.0,0.3,0.3,0.5,Plasma Pokémon,45,20,Medium Fast,70,0,0,0,1,1,No Preevolution,1.0,1.0,1.0,2.0,1.0,1.0,2.0,1.0,0.5,2.0,0.5,0.5,0.25,1.0,2.0,1.0,1.0,1.0,Levitate,None,1,Amorphous,No Eggs Discovered,0,98,134,0.731343
538,Uxie,Psychic,Psychic,None,4,75.0,75.0,130.0,75.0,130.0,95.0,580.0,0.3,0.3,0.5,Knowledge Pokémon,3,80,Slow,140,1,0,0,1,1,No Preevolution,1.0,0.5,1.0,1.0,1.0,1.0,2.0,2.0,1.0,1.0,1.0,1.0,1.0,0.5,1.0,1.0,2.0,1.0,Levitate,None,1,No Eggs Discovered,No Eggs Discovered,0,92,123,0.747967
539,Mesprit,Psychic,Psychic,None,4,80.0,105.0,105.0,105.0,105.0,80.0,580.0,0.3,0.3,0.5,Emotion Pokémon,3,80,Slow,140,1,0,0,1,1,No Preevolution,1.0,0.5,1.0,1.0,1.0,1.0,2.0,2.0,1.0,1.0,1.0,1.0,1.0,0.5,1.0,1.0,2.0,1.0,Levitate,None,1,No Eggs Discovered,No Eggs Discovered,0,79,133,0.593985
540,Azelf,Psychic,Psychic,None,4,75.0,125.0,70.0,125.0,70.0,115.0,580.0,0.3,0.3,0.5,Willpower Pokémon,3,80,Slow,140,1,0,0,1,1,No Preevolution,1.0,0.5,1.0,1.0,1.0,1.0,2.0,2.0,1.0,1.0,1.0,1.0,1.0,0.5,1.0,1.0,2.0,1.0,Levitate,None,1,No Eggs Discovered,No Eggs Discovered,0,122,135,0.903704
541,Dialga,Steel,Dragon,Telepathy,4,100.0,120.0,120.0,150.0,100.0,90.0,680.0,683.0,5.4,0.5,Temporal Pokémon,3,120,Slow,0,1,0,0,1,1,No Preevolution,0.5,2.0,0.5,0.0,2.0,0.5,0.5,1.0,0.5,1.0,0.5,0.25,0.5,0.5,1.0,1.0,1.0,1.0,Pressure,None,1,No Eggs Discovered,No Eggs Discovered,0,119,151,0.788079
542,Palkia,Water,Dragon,Telepathy,4,90.0,120.0,100.0,150.0,120.0,100.0,680.0,336.0,4.2,0.5,Spatial Pokémon,3,120,Slow,0,1,0,0,1,1,No Preevolution,1.0,1.0,1.0,1.0,1.0,1.0,1.0,1.0,0.5,0.25,0.25,1.0,1.0,1.0,1.0,2.0,1.0,2.0,Pressure,None,1,No Eggs Discovered,No Eggs Discovered,0,115,149,0.771812
543,Heatran,Fire,Steel,Flame Body,4,91.0,90.0,106.0,130.0,106.0,77.0,600.0,430.0,1.7,0.5,Lava Dome Pokémon,3,10,Slow,100,1,0,0,1,1,No Preevolution,0.5,2.0,0.5,0.0,4.0,1.0,0.25,1.0,0.25,1.0,2.0,0.25,1.0,0.5,0.25,0.5,1.0,0.25,Flash Fire,None,0,No Eggs Discovered,No Eggs Discovered,0,85,131,0.648855
544,Regigigas,Normal,Normal,None,4,110.0,160.0,110.0,80.0,110.0,100.0,670.0,420.0,3.7,0.5,Colossal Pokémon,3,120,Slow,0,1,0,0,1,1,No Preevolution,1.0,2.0,1.0,1.0,1.0,1.0,1.0,0.0,1.0,1.0,1.0,1.0,1.0,1.0,1.0,1.0,1.0,1.0,Slow Start,None,1,No Eggs Discovered,No Eggs Discovered,0,122,142,0.859155
545,Giratina Altered Forme,Ghost,Dragon,Telepathy,4,150.0,100.0,120.0,100.0,120.0,90.0,680.0,750.0,4.5,0.5,Renegade Pokémon,3,120,Slow,0,1,0,0,1,1,No Preevolution,0.0,0.0,1.0,0.5,1.0,1.0,0.5,2.0,1.0,0.5,0.5,0.5,0.5,1.0,2.0,2.0,2.0,2.0,Pressure,None,1,No Eggs Discovered,No Eggs Discovered,0,74,111,0.666667
546,Giratina Origin Forme,Ghost,Dragon,None,4,150.0,120.0,100.0,120.0,100.0,90.0,680.0,750.0,4.5,0.5,Renegade Pokémon,3,120,Slow,0,1,0,0,1,1,No Preevolution,0.0,0.0,1.0,0.5,1.0,1.0,0.5,2.0,1.0,0.5,0.5,0.5,0.5,1.0,2.0,2.0,2.0,2.0,Levitate,None,1,No Eggs Discovered,No Eggs Discovered,0,89,134,0.664179
547,Cresselia,Psychic,Psychic,None,4,120.0,70.0,110.0,75.0,120.0,85.0,580.0,85.6,1.5,0.0,Lunar Pokémon,3,120,Slow,100,1,0,0,1,1,No Preevolution,1.0,0.5,1.0,1.0,1.0,1.0,2.0,2.0,1.0,1.0,1.0,1.0,1.0,0.5,1.0,1.0,2.0,1.0,Levitate,None,0,No Eggs Discovered,No Eggs Discovered,0,79,118,0.669492
548,Phione,Water,Water,None,4,80.0,80.0,80.0,80.0,80.0,80.0,480.0,3.1,0.4,0.5,Sea Drifter Pokémon,30,40,Slow,70,0,1,0,1,1,No Preevolution,1.0,1.0,1.0,1.0,1.0,1.0,1.0,1.0,0.5,0.5,0.5,2.0,2.0,1.0,0.5,1.0,1.0,1.0,Hydration,None,1,Water 1,Fairy,0,74,132,0.560606
549,Manaphy,Water,Water,None,4,100.0,100.0,100.0,100.0,100.0,100.0,600.0,1.4,0.3,0.5,Seafaring Pokémon,3,10,Slow,70,0,1,0,1,1,No Preevolution,1.0,1.0,1.0,1.0,1.0,1.0,1.0,1.0,0.5,0.5,0.5,2.0,2.0,1.0,0.5,1.0,1.0,1.0,Hydration,None,1,Water 1,Fairy,0,118,134,0.880597
550,Darkrai,Dark,Dark,None,4,70.0,90.0,90.0,135.0,90.0,125.0,600.0,50.5,1.5,0.5,Pitch-Black Pokémon,3,120,Slow,0,0,1,0,1,1,No Preevolution,1.0,2.0,1.0,1.0,1.0,1.0,2.0,0.5,1.0,1.0,1.0,1.0,1.0,0.0,1.0,1.0,0.5,2.0,Bad Dreams,None,1,No Eggs Discovered,No Eggs Discovered,0,110,117,0.940171
551,Shaymin Land Forme,Grass,Grass,None,4,100.0,100.0,100.0,100.0,100.0,100.0,600.0,2.1,0.2,0.5,Gratitude Pokémon,45,120,Medium Slow,100,0,1,0,1,1,No Preevolution,1.0,1.0,2.0,2.0,0.5,1.0,2.0,1.0,1.0,2.0,0.5,0.5,0.5,1.0,2.0,1.0,1.0,1.0,Natural Cure,None,1,No Eggs Discovered,No Eggs Discovered,0,117,136,0.860294
552,Shaymin Sky Forme,Grass,Flying,None,4,100.0,103.0,75.0,120.0,75.0,127.0,600.0,2.1,0.2,0.5,Gratitude Pokémon,45,120,Medium Slow,100,0,1,0,1,1,No Preevolution,1.0,0.5,2.0,2.0,0.0,2.0,1.0,1.0,1.0,2.0,0.5,0.25,1.0,1.0,4.0,1.0,1.0,1.0,Serene Grace,None,1,No Eggs Discovered,No Eggs Discovered,0,111,118,0.940678
553,Arceus,Normal,Normal,None,4,120.0,120.0,120.0,120.0,120.0,120.0,720.0,320.0,3.2,0.5,Alpha Pokémon,3,120,Slow,0,0,1,0,1,1,No Preevolution,1.0,2.0,1.0,1.0,1.0,1.0,1.0,0.0,1.0,1.0,1.0,1.0,1.0,1.0,1.0,1.0,1.0,1.0,Multitype,None,1,No Eggs Discovered,No Eggs Discovered,0,114,122,0.934426
554,Victini,Psychic,Fire,None,5,100.0,100.0,100.0,100.0,100.0,100.0,600.0,4.0,0.4,0.5,Victory Pokémon,3,120,Slow,100,0,1,0,1,1,No Preevolution,1.0,0.5,1.0,1.0,2.0,2.0,1.0,2.0,0.5,0.5,2.0,0.5,1.0,0.5,0.5,1.0,2.0,0.5,Victory Star,None,1,No Eggs Discovered,No Eggs Discovered,0,115,131,0.877863
555,Snivy,Grass,Grass,Contrary,5,45.0,45.0,55.0,45.0,55.0,63.0,308.0,8.1,0.6,0.875,Grass Snake Pokémon,45,20,Medium Slow,70,0,0,0,1,3,No Preevolution,1.0,1.0,2.0,2.0,0.5,1.0,2.0,1.0,1.0,2.0,0.5,0.5,0.5,1.0,2.0,1.0,1.0,1.0,Overgrow,None,0,Field,Grass,0,51,111,0.459459
556,Servine,Grass,Grass,Contrary,5,60.0,60.0,75.0,60.0,75.0,83.0,413.0,16.0,0.8,0.875,Grass Snake Pokémon,45,20,Medium Slow,70,0,0,0,2,3,Snivy,1.0,1.0,2.0,2.0,0.5,1.0,2.0,1.0,1.0,2.0,0.5,0.5,0.5,1.0,2.0,1.0,1.0,1.0,Overgrow,None,0,Field,Grass,0,0,0,0.0
557,Serperior,Grass,Grass,Contrary,5,75.0,75.0,95.0,75.0,95.0,113.0,528.0,63.0,3.3,0.875,Regal Pokémon,45,20,Medium Slow,70,0,0,0,3,3,Servine,1.0,1.0,2.0,2.0,0.5,1.0,2.0,1.0,1.0,2.0,0.5,0.5,0.5,1.0,2.0,1.0,1.0,1.0,Overgrow,None,0,Field,Grass,0,119,132,0.901515
558,Tepig,Fire,Fire,Thick Fat,5,65.0,63.0,45.0,45.0,45.0,45.0,308.0,9.9,0.5,0.875,Fire Pig Pokémon,45,20,Medium Slow,70,0,0,0,1,3,No Preevolution,1.0,1.0,1.0,1.0,2.0,2.0,0.5,1.0,0.5,0.5,2.0,0.5,1.0,1.0,0.5,1.0,1.0,0.5,Blaze,None,0,Field,No Eggs Discovered,0,34,131,0.259542
559,Pignite,Fire,Fighting,Thick Fat,5,90.0,93.0,55.0,70.0,55.0,55.0,418.0,55.5,1.0,0.875,Fire Pig Pokémon,45,20,Medium Slow,70,0,0,0,2,3,Tepig,1.0,1.0,2.0,1.0,2.0,1.0,0.25,1.0,0.5,0.5,2.0,0.5,1.0,2.0,0.5,1.0,0.5,1.0,Blaze,None,0,Field,No Eggs Discovered,0,55,144,0.381944
560,Emboar,Fire,Fighting,Reckless,5,110.0,123.0,65.0,100.0,65.0,65.0,528.0,150.0,1.6,0.875,Mega Fire Pig Pokémon,45,20,Medium Slow,70,0,0,0,3,3,Pignite,1.0,1.0,2.0,1.0,2.0,1.0,0.25,1.0,0.5,0.5,2.0,0.5,1.0,2.0,0.5,1.0,0.5,1.0,Blaze,None,0,Field,No Eggs Discovered,0,72,138,0.521739
561,Oshawott,Water,Water,Shell Armor,5,55.0,55.0,45.0,63.0,45.0,45.0,308.0,5.9,0.5,0.875,Sea Otter Pokémon,45,20,Medium Slow,70,0,0,0,1,3,No Preevolution,1.0,1.0,1.0,1.0,1.0,1.0,1.0,1.0,0.5,0.5,0.5,2.0,2.0,1.0,0.5,1.0,1.0,1.0,Torrent,None,0,Field,No Eggs Discovered,0,31,124,0.25
562,Dewott,Water,Water,Shell Armor,5,75.0,75.0,60.0,83.0,60.0,60.0,413.0,24.5,0.8,0.875,Discipline Pokémon,45,20,Medium Slow,70,0,0,0,2,3,Oshawott,1.0,1.0,1.0,1.0,1.0,1.0,1.0,1.0,0.5,0.5,0.5,2.0,2.0,1.0,0.5,1.0,1.0,1.0,Torrent,None,0,Field,No Eggs Discovered,0,48,122,0.393443
563,Samurott,Water,Water,Shell Armor,5,95.0,100.0,85.0,108.0,70.0,70.0,528.0,94.6,1.5,0.875,Formidable Pokémon,45,20,Medium Slow,70,0,0,0,3,3,Dewott,1.0,1.0,1.0,1.0,1.0,1.0,1.0,1.0,0.5,0.5,0.5,2.0,2.0,1.0,0.5,1.0,1.0,1.0,Torrent,None,0,Field,No Eggs Discovered,0,65,115,0.565217
564,Patrat,Normal,Normal,Analytic,5,45.0,55.0,39.0,35.0,39.0,42.0,255.0,11.6,0.5,0.5,Scout Pokémon,255,15,Medium Fast,70,0,0,0,1,2,No Preevolution,1.0,2.0,1.0,1.0,1.0,1.0,1.0,0.0,1.0,1.0,1.0,1.0,1.0,1.0,1.0,1.0,1.0,1.0,Run Away,Keen Eye,0,Field,No Eggs Discovered,0,25,135,0.185185
565,Watchog,Normal,Normal,Analytic,5,60.0,85.0,69.0,60.0,69.0,77.0,420.0,27.0,1.1,0.5,Lookout Pokémon,255,20,Medium Fast,70,0,0,0,2,2,Patrat,1.0,2.0,1.0,1.0,1.0,1.0,1.0,0.0,1.0,1.0,1.0,1.0,1.0,1.0,1.0,1.0,1.0,1.0,Illuminate,Keen Eye,0,Field,No Eggs Discovered,0,69,133,0.518797
566,Lillipup,Normal,Normal,Run Away,5,45.0,60.0,45.0,25.0,45.0,55.0,275.0,4.1,0.4,0.5,Puppy Pokémon,255,15,Medium Slow,70,0,0,0,1,3,No Preevolution,1.0,2.0,1.0,1.0,1.0,1.0,1.0,0.0,1.0,1.0,1.0,1.0,1.0,1.0,1.0,1.0,1.0,1.0,Vital Spirit,Pickup,0,Field,No Eggs Discovered,0,29,100,0.29
567,Herdier,Normal,Normal,Scrappy,5,65.0,80.0,65.0,35.0,65.0,60.0,370.0,14.7,0.9,0.5,Loyal Dog Pokémon,120,15,Medium Slow,70,0,0,0,2,3,Lillipup,1.0,2.0,1.0,1.0,1.0,1.0,1.0,0.0,1.0,1.0,1.0,1.0,1.0,1.0,1.0,1.0,1.0,1.0,Intimidate,Sand Rush,0,Field,No Eggs Discovered,0,53,138,0.384058
568,Stoutland,Normal,Normal,Scrappy,5,85.0,110.0,90.0,45.0,90.0,80.0,500.0,61.0,1.2,0.5,Big-Hearted Pokémon,45,15,Medium Slow,70,0,0,0,3,3,Herdier,1.0,2.0,1.0,1.0,1.0,1.0,1.0,0.0,1.0,1.0,1.0,1.0,1.0,1.0,1.0,1.0,1.0,1.0,Intimidate,Sand Rush,0,Field,No Eggs Discovered,0,72,116,0.62069
569,Purrloin,Dark,Dark,Prankster,5,41.0,50.0,37.0,50.0,37.0,66.0,281.0,10.1,0.4,0.5,Devious Pokémon,255,20,Medium Fast,70,0,0,0,1,2,No Preevolution,1.0,2.0,1.0,1.0,1.0,1.0,2.0,0.5,1.0,1.0,1.0,1.0,1.0,0.0,1.0,1.0,0.5,2.0,Limber,Unburden,0,Field,No Eggs Discovered,0,59,114,0.517544
570,Liepard,Dark,Dark,Prankster,5,64.0,88.0,50.0,88.0,50.0,106.0,446.0,37.5,1.1,0.5,Cruel Pokémon,90,20,Medium Fast,70,0,0,0,2,2,Purrloin,1.0,2.0,1.0,1.0,1.0,1.0,2.0,0.5,1.0,1.0,1.0,1.0,1.0,0.0,1.0,1.0,0.5,2.0,Limber,Unburden,0,Field,No Eggs Discovered,0,123,135,0.911111
571,Pansage,Grass,Grass,Overgrow,5,50.0,53.0,48.0,53.0,48.0,64.0,316.0,10.5,0.6,0.875,Grass Monkey Pokémon,190,20,Medium Fast,70,0,0,0,1,2,No Preevolution,1.0,1.0,2.0,2.0,0.5,1.0,2.0,1.0,1.0,2.0,0.5,0.5,0.5,1.0,2.0,1.0,1.0,1.0,Gluttony,None,0,Field,No Eggs Discovered,0,53,130,0.407692
572,Simisage,Grass,Grass,Overgrow,5,75.0,98.0,63.0,98.0,63.0,101.0,498.0,30.5,1.1,0.875,Thorn Monkey Pokémon,75,20,Medium Fast,70,0,0,0,2,2,Pansage,1.0,1.0,2.0,2.0,0.5,1.0,2.0,1.0,1.0,2.0,0.5,0.5,0.5,1.0,2.0,1.0,1.0,1.0,Gluttony,None,0,Field,No Eggs Discovered,0,106,131,0.80916
573,Pansear,Fire,Fire,Blaze,5,50.0,53.0,48.0,53.0,48.0,64.0,316.0,11.0,0.6,0.875,High Temp Pokémon,190,20,Medium Fast,70,0,0,0,1,2,No Preevolution,1.0,1.0,1.0,1.0,2.0,2.0,0.5,1.0,0.5,0.5,2.0,0.5,1.0,1.0,0.5,1.0,1.0,0.5,Gluttony,None,0,Field,No Eggs Discovered,0,60,130,0.461538
574,Simisear,Fire,Fire,Blaze,5,75.0,98.0,63.0,98.0,63.0,101.0,498.0,28.0,1.0,0.875,Ember Pokémon,75,20,Medium Fast,70,0,0,0,2,2,Pansear,1.0,1.0,1.0,1.0,2.0,2.0,0.5,1.0,0.5,0.5,2.0,0.5,1.0,1.0,0.5,1.0,1.0,0.5,Gluttony,None,0,Field,No Eggs Discovered,0,113,127,0.889764
575,Panpour,Water,Water,Torrent,5,50.0,53.0,48.0,53.0,48.0,64.0,316.0,13.5,0.6,0.875,Spray Pokémon,190,20,Medium Fast,70,0,0,0,1,2,No Preevolution,1.0,1.0,1.0,1.0,1.0,1.0,1.0,1.0,0.5,0.5,0.5,2.0,2.0,1.0,0.5,1.0,1.0,1.0,Gluttony,None,0,Field,No Eggs Discovered,0,42,117,0.358974
576,Simipour,Water,Water,Torrent,5,75.0,98.0,63.0,98.0,63.0,101.0,498.0,29.0,1.0,0.875,Geyser Pokémon,75,20,Medium Fast,70,0,0,0,2,2,Panpour,1.0,1.0,1.0,1.0,1.0,1.0,1.0,1.0,0.5,0.5,0.5,2.0,2.0,1.0,0.5,1.0,1.0,1.0,Gluttony,None,0,Field,No Eggs Discovered,0,113,133,0.849624
577,Munna,Psychic,Psychic,Telepathy,5,76.0,25.0,45.0,67.0,55.0,24.0,292.0,23.3,0.6,0.5,Dream Eater Pokémon,190,10,Fast,70,0,0,0,1,2,No Preevolution,1.0,0.5,1.0,1.0,1.0,1.0,2.0,2.0,1.0,1.0,1.0,1.0,1.0,0.5,1.0,1.0,2.0,1.0,Forewarn,Synchronize,0,Field,No Eggs Discovered,0,5,128,0.039062
578,Musharna,Psychic,Psychic,Telepathy,5,116.0,55.0,85.0,107.0,95.0,29.0,487.0,60.5,1.1,0.5,Drowsing Pokémon,75,10,Fast,70,0,0,0,2,2,Munna,1.0,0.5,1.0,1.0,1.0,1.0,2.0,2.0,1.0,1.0,1.0,1.0,1.0,0.5,1.0,1.0,2.0,1.0,Forewarn,Synchronize,0,Field,No Eggs Discovered,0,9,132,0.068182
579,Pidove,Normal,Flying,Rivalry,5,50.0,55.0,50.0,36.0,30.0,43.0,264.0,2.1,0.3,0.5,Tiny Pigeon Pokémon,255,15,Medium Slow,70,0,0,0,1,3,No Preevolution,1.0,1.0,1.0,1.0,0.0,2.0,0.5,0.0,1.0,1.0,1.0,0.5,2.0,1.0,2.0,1.0,1.0,1.0,Big Pecks,Super Luck,0,Flying,No Eggs Discovered,0,45,154,0.292208
580,Tranquill,Normal,Flying,Rivalry,5,62.0,77.0,62.0,50.0,42.0,65.0,358.0,15.0,0.6,0.5,Wild Pigeon Pokémon,120,15,Medium Slow,70,0,0,0,2,3,Pidove,1.0,1.0,1.0,1.0,0.0,2.0,0.5,0.0,1.0,1.0,1.0,0.5,2.0,1.0,2.0,1.0,1.0,1.0,Big Pecks,Super Luck,0,Flying,No Eggs Discovered,0,60,124,0.483871
581,Unfezant,Normal,Flying,Rivalry,5,80.0,115.0,80.0,65.0,55.0,93.0,488.0,29.0,1.2,0.5,Proud Pokémon,45,15,Medium Slow,70,0,0,0,3,3,Tranquill,1.0,1.0,1.0,1.0,0.0,2.0,0.5,0.0,1.0,1.0,1.0,0.5,2.0,1.0,2.0,1.0,1.0,1.0,Big Pecks,Super Luck,0,Flying,No Eggs Discovered,0,102,130,0.784615
582,Blitzle,Electric,Electric,Sap Sipper,5,45.0,60.0,32.0,50.0,32.0,76.0,295.0,29.8,0.8,0.5,Electrified Pokémon,190,20,Medium Fast,70,0,0,0,1,2,No Preevolution,1.0,1.0,0.5,1.0,2.0,1.0,1.0,1.0,0.5,1.0,1.0,1.0,0.5,1.0,1.0,1.0,1.0,1.0,Lightning Rod,Motor Drive,0,Field,No Eggs Discovered,0,80,135,0.592593
583,Zebstrika,Electric,Electric,Sap Sipper,5,75.0,100.0,63.0,80.0,63.0,116.0,497.0,79.5,1.6,0.5,Thunderbolt Pokémon,75,20,Medium Fast,70,0,0,0,2,2,Blitzle,1.0,1.0,0.5,1.0,2.0,1.0,1.0,1.0,0.5,1.0,1.0,1.0,0.5,1.0,1.0,1.0,1.0,1.0,Lightning Rod,Motor Drive,0,Field,No Eggs Discovered,0,100,107,0.934579
584,Roggenrola,Rock,Rock,Sand Force,5,55.0,75.0,85.0,25.0,25.0,15.0,280.0,18.0,0.4,0.5,Mantle Pokémon,255,15,Medium Slow,70,0,0,0,1,3,No Preevolution,0.5,2.0,0.5,0.5,2.0,1.0,1.0,1.0,2.0,0.5,2.0,2.0,1.0,1.0,1.0,1.0,1.0,1.0,Sturdy,Weak Armor,0,Mineral,No Eggs Discovered,0,27,144,0.1875
585,Boldore,Rock,Rock,Sand Force,5,70.0,105.0,105.0,50.0,40.0,20.0,390.0,102.0,0.9,0.5,Ore Pokémon,120,15,Medium Slow,70,0,0,0,2,3,Roggenrola,0.5,2.0,0.5,0.5,2.0,1.0,1.0,1.0,2.0,0.5,2.0,2.0,1.0,1.0,1.0,1.0,1.0,1.0,Sturdy,Weak Armor,0,Mineral,No Eggs Discovered,0,44,131,0.335878
586,Gigalith,Rock,Rock,Sand Force,5,85.0,135.0,130.0,60.0,80.0,25.0,515.0,260.0,1.7,0.5,Compressed Pokémon,45,15,Medium Slow,70,0,0,0,3,3,Boldore,0.5,2.0,0.5,0.5,2.0,1.0,1.0,1.0,2.0,0.5,2.0,2.0,1.0,1.0,1.0,1.0,1.0,1.0,Sturdy,Sand Stream,0,Mineral,No Eggs Discovered,0,60,148,0.405405
587,Woobat,Psychic,Flying,Simple,5,65.0,45.0,43.0,55.0,43.0,72.0,323.0,2.1,0.4,0.5,Bat Pokémon,190,15,Medium Fast,70,0,0,0,1,2,No Preevolution,1.0,0.25,1.0,1.0,0.0,2.0,1.0,2.0,1.0,1.0,1.0,0.5,2.0,0.5,2.0,1.0,2.0,1.0,Unaware,Klutz,0,Field,Flying,0,72,123,0.585366
588,Swoobat,Psychic,Flying,Simple,5,67.0,57.0,55.0,77.0,55.0,114.0,425.0,10.5,0.9,0.5,Courting Pokémon,45,15,Medium Fast,70,0,0,0,2,2,Woobat,1.0,0.25,1.0,1.0,0.0,2.0,1.0,2.0,1.0,1.0,1.0,0.5,2.0,0.5,2.0,1.0,2.0,1.0,Unaware,Klutz,0,Field,Flying,0,103,116,0.887931
589,Drilbur,Ground,Ground,Mold Breaker,5,60.0,85.0,40.0,30.0,45.0,68.0,328.0,8.5,0.3,0.5,Mole Pokémon,120,20,Medium Fast,70,0,0,0,1,2,No Preevolution,1.0,1.0,1.0,0.5,1.0,0.5,1.0,1.0,1.0,1.0,2.0,2.0,0.0,1.0,2.0,1.0,1.0,1.0,Sand Rush,Sand Force,0,Field,No Eggs Discovered,0,70,109,0.642202
590,Excadrill,Ground,Steel,Mold Breaker,5,110.0,135.0,60.0,50.0,65.0,88.0,508.0,40.4,0.7,0.5,Subterrene Pokémon,60,20,Medium Fast,70,0,0,0,2,2,Drilbur,0.5,2.0,0.5,0.0,2.0,0.25,0.5,1.0,0.5,2.0,2.0,1.0,0.0,0.5,1.0,0.5,1.0,0.5,Sand Rush,Sand Force,0,Field,No Eggs Discovered,0,103,133,0.774436
591,Audino,Normal,Normal,Klutz,5,103.0,60.0,86.0,60.0,86.0,50.0,445.0,31.0,1.1,0.5,Hearing Pokémon,255,20,Fast,70,0,0,1,1,1,No Preevolution,1.0,2.0,1.0,1.0,1.0,1.0,1.0,0.0,1.0,1.0,1.0,1.0,1.0,1.0,1.0,1.0,1.0,1.0,Healer,Regenerator,0,Fairy,No Eggs Discovered,0,46,133,0.345865
592,Mega Audino,Normal,Fairy,None,5,103.0,60.0,126.0,80.0,126.0,50.0,545.0,32.0,1.5,0.5,Hearing Pokémon,255,20,Fast,70,0,0,1,1,1,Audino,1.0,1.0,1.0,2.0,1.0,1.0,0.5,0.0,2.0,1.0,1.0,1.0,1.0,1.0,1.0,0.0,0.5,1.0,Healer,None,0,Fairy,No Eggs Discovered,1,48,132,0.363636
593,Timburr,Fighting,Fighting,Iron Fist,5,75.0,80.0,55.0,25.0,35.0,35.0,305.0,12.5,0.6,0.75,Muscular Pokémon,180,20,Medium Slow,70,0,0,0,1,3,No Preevolution,1.0,1.0,2.0,1.0,1.0,0.5,0.5,1.0,1.0,1.0,1.0,1.0,1.0,2.0,1.0,1.0,0.5,2.0,Guts,Sheer Force,0,Human-Like,No Eggs Discovered,0,28,150,0.186667
594,Gurdurr,Fighting,Fighting,Iron Fist,5,85.0,105.0,85.0,40.0,50.0,40.0,405.0,40.0,1.2,0.75,Muscular Pokémon,90,20,Medium Slow,70,0,0,0,2,3,Timburr,1.0,1.0,2.0,1.0,1.0,0.5,0.5,1.0,1.0,1.0,1.0,1.0,1.0,2.0,1.0,1.0,0.5,2.0,Guts,Sheer Force,0,Human-Like,No Eggs Discovered,0,25,118,0.211864
595,Conkeldurr,Fighting,Fighting,Iron Fist,5,105.0,140.0,95.0,55.0,65.0,45.0,505.0,87.0,1.4,0.75,Muscular Pokémon,45,20,Medium Slow,70,0,0,0,3,3,Gurdurr,1.0,1.0,2.0,1.0,1.0,0.5,0.5,1.0,1.0,1.0,1.0,1.0,1.0,2.0,1.0,1.0,0.5,2.0,Guts,Sheer Force,0,Human-Like,No Eggs Discovered,0,39,130,0.3
596,Tympole,Water,Water,Water Absorb,5,50.0,50.0,40.0,50.0,40.0,64.0,294.0,4.5,0.5,0.5,Tadpole Pokémon,255,20,Medium Slow,70,0,0,0,1,3,No Preevolution,1.0,1.0,1.0,1.0,1.0,1.0,1.0,1.0,0.5,0.5,0.5,2.0,2.0,1.0,0.5,1.0,1.0,1.0,Swift Swim,Hydration,0,Water 1,No Eggs Discovered,0,62,136,0.455882
597,Palpitoad,Water,Ground,Water Absorb,5,75.0,65.0,55.0,65.0,55.0,69.0,384.0,17.0,0.8,0.5,Vibration Pokémon,120,20,Medium Slow,70,0,0,0,2,3,Tympole,1.0,1.0,1.0,0.5,1.0,0.5,1.0,1.0,0.5,0.5,1.0,4.0,0.0,1.0,1.0,1.0,1.0,1.0,Swift Swim,Hydration,0,Water 1,No Eggs Discovered,0,54,124,0.435484
598,Seismitoad,Water,Ground,Water Absorb,5,105.0,95.0,75.0,85.0,75.0,74.0,509.0,62.0,1.5,0.5,Vibration Pokémon,45,20,Medium Slow,70,0,0,0,3,3,Palpitoad,1.0,1.0,1.0,0.5,1.0,0.5,1.0,1.0,0.5,0.5,1.0,4.0,0.0,1.0,1.0,1.0,1.0,1.0,Swift Swim,Poison Touch,0,Water 1,No Eggs Discovered,0,68,119,0.571429
599,Throh,Fighting,Fighting,Mold Breaker,5,120.0,100.0,85.0,30.0,85.0,45.0,465.0,55.5,1.3,1.0,Judo Pokémon,45,20,Medium Fast,70,0,0,0,1,1,No Preevolution,1.0,1.0,2.0,1.0,1.0,0.5,0.5,1.0,1.0,1.0,1.0,1.0,1.0,2.0,1.0,1.0,0.5,2.0,Guts,Inner Focus,0,Human-Like,No Eggs Discovered,0,33,147,0.22449
600,Sawk,Fighting,Fighting,Mold Breaker,5,75.0,125.0,75.0,30.0,75.0,85.0,465.0,51.0,1.4,1.0,Karate Pokémon,45,20,Medium Fast,70,0,0,0,1,1,No Preevolution,1.0,1.0,2.0,1.0,1.0,0.5,0.5,1.0,1.0,1.0,1.0,1.0,1.0,2.0,1.0,1.0,0.5,2.0,Sturdy,Inner Focus,0,Human-Like,No Eggs Discovered,0,85,136,0.625
601,Sewaddle,Bug,Grass,Overcoat,5,45.0,53.0,70.0,40.0,60.0,42.0,310.0,2.5,0.3,0.5,Sewing Pokémon,255,15,Medium Slow,70,0,0,0,1,3,No Preevolution,1.0,0.5,4.0,2.0,0.25,2.0,2.0,1.0,1.0,4.0,0.5,0.25,0.5,1.0,2.0,1.0,1.0,1.0,Swarm,Chlorophyll,0,Bug,No Eggs Discovered,0,35,136,0.257353
602,Swadloon,Bug,Grass,Overcoat,5,55.0,63.0,90.0,50.0,80.0,42.0,380.0,7.3,0.5,0.5,Leaf-Wrapped Pokémon,120,15,Medium Slow,70,0,0,0,2,3,Sewaddle,1.0,0.5,4.0,2.0,0.25,2.0,2.0,1.0,1.0,4.0,0.5,0.25,0.5,1.0,2.0,1.0,1.0,1.0,Leaf Guard,Chlorophyll,0,Bug,No Eggs Discovered,0,26,123,0.211382
603,Leavanny,Bug,Grass,Overcoat,5,75.0,103.0,80.0,70.0,80.0,92.0,500.0,20.5,1.2,0.5,Nurturing Pokémon,45,15,Medium Slow,70,0,0,0,3,3,Swadloon,1.0,0.5,4.0,2.0,0.25,2.0,2.0,1.0,1.0,4.0,0.5,0.25,0.5,1.0,2.0,1.0,1.0,1.0,Swarm,Chlorophyll,0,Bug,No Eggs Discovered,0,96,121,0.793388
604,Venipede,Bug,Poison,Speed Boost,5,30.0,45.0,59.0,30.0,39.0,57.0,260.0,5.3,0.4,0.5,Centipede Pokémon,255,15,Medium Slow,70,0,0,0,1,3,No Preevolution,1.0,0.25,2.0,0.5,1.0,2.0,0.5,1.0,1.0,2.0,1.0,0.25,1.0,2.0,1.0,1.0,1.0,0.5,Poison Point,Swarm,0,Bug,No Eggs Discovered,0,37,132,0.280303
605,Whirlipede,Bug,Poison,Speed Boost,5,40.0,55.0,99.0,40.0,79.0,47.0,360.0,58.5,1.2,0.5,Curlipede Pokémon,120,15,Medium Slow,70,0,0,0,2,3,Venipede,1.0,0.25,2.0,0.5,1.0,2.0,0.5,1.0,1.0,2.0,1.0,0.25,1.0,2.0,1.0,1.0,1.0,0.5,Poison Point,Swarm,0,Bug,No Eggs Discovered,0,26,99,0.262626
606,Scolipede,Bug,Poison,Speed Boost,5,60.0,100.0,89.0,55.0,69.0,112.0,485.0,200.5,2.5,0.5,Megapede Pokémon,45,20,Medium Slow,70,0,0,0,3,3,Whirlipede,1.0,0.25,2.0,0.5,1.0,2.0,0.5,1.0,1.0,2.0,1.0,0.25,1.0,2.0,1.0,1.0,1.0,0.5,Poison Point,Swarm,0,Bug,No Eggs Discovered,0,106,114,0.929825
607,Cottonee,Grass,Fairy,Chlorophyll,5,40.0,27.0,60.0,37.0,50.0,66.0,280.0,0.6,0.3,0.5,Cotton Puff Pokémon,190,20,Medium Fast,70,0,0,0,1,2,No Preevolution,1.0,0.5,2.0,4.0,0.5,1.0,1.0,1.0,2.0,2.0,0.5,0.5,0.5,1.0,2.0,0.0,0.5,1.0,Prankster,Infiltrator,0,Grass,Fairy,0,46,127,0.362205
608,Whimsicott,Grass,Fairy,Chlorophyll,5,60.0,67.0,85.0,77.0,75.0,116.0,480.0,6.6,0.7,0.5,Windveiled Pokémon,75,20,Medium Fast,70,0,0,0,2,2,Cottonee,1.0,0.5,2.0,4.0,0.5,1.0,1.0,1.0,2.0,2.0,0.5,0.5,0.5,1.0,2.0,0.0,0.5,1.0,Prankster,Infiltrator,0,Grass,Fairy,0,104,117,0.888889
609,Petilil,Grass,Grass,Leaf Guard,5,45.0,35.0,50.0,70.0,50.0,30.0,280.0,6.6,0.5,0.0,Bulb Pokémon,190,20,Medium Fast,70,0,0,0,1,2,No Preevolution,1.0,1.0,2.0,2.0,0.5,1.0,2.0,1.0,1.0,2.0,0.5,0.5,0.5,1.0,2.0,1.0,1.0,1.0,Chlorophyll,Own Tempo,0,Grass,No Eggs Discovered,0,23,146,0.157534
610,Lilligant,Grass,Grass,Leaf Guard,5,70.0,60.0,75.0,110.0,75.0,90.0,480.0,16.3,1.1,0.0,Flowering Pokémon,75,20,Medium Fast,70,0,0,0,2,2,Petilil,1.0,1.0,2.0,2.0,0.5,1.0,2.0,1.0,1.0,2.0,0.5,0.5,0.5,1.0,2.0,1.0,1.0,1.0,Chlorophyll,Own Tempo,0,Grass,No Eggs Discovered,0,91,127,0.716535
611,Basculin,Water,Water,Mold Breaker,5,70.0,92.0,65.0,80.0,55.0,98.0,460.0,18.0,1.0,0.5,Hostile Pokémon,190,40,Medium Fast,70,0,0,0,1,1,No Preevolution,1.0,1.0,1.0,1.0,1.0,1.0,1.0,1.0,0.5,0.5,0.5,2.0,2.0,1.0,0.5,1.0,1.0,1.0,Reckless,Adaptability,0,Water 2,No Eggs Discovered,0,89,110,0.809091
612,Sandile,Ground,Dark,Anger Point,5,50.0,72.0,35.0,35.0,35.0,65.0,292.0,15.2,0.7,0.5,Desert Croc Pokémon,180,20,Medium Slow,70,0,0,0,1,3,No Preevolution,1.0,2.0,1.0,0.5,1.0,0.5,2.0,0.5,1.0,1.0,2.0,2.0,0.0,0.0,2.0,1.0,0.5,2.0,Intimidate,Moxie,0,Field,No Eggs Discovered,0,72,134,0.537313
613,Krokorok,Ground,Dark,Anger Point,5,60.0,82.0,45.0,45.0,45.0,74.0,351.0,33.4,1.0,0.5,Desert Croc Pokémon,90,20,Medium Slow,70,0,0,0,2,3,Sandile,1.0,2.0,1.0,0.5,1.0,0.5,2.0,0.5,1.0,1.0,2.0,2.0,0.0,0.0,2.0,1.0,0.5,2.0,Intimidate,Moxie,0,Field,No Eggs Discovered,0,65,113,0.575221
614,Krookodile,Ground,Dark,Anger Point,5,95.0,117.0,80.0,65.0,70.0,92.0,519.0,96.3,1.5,0.5,Intimidation Pokémon,45,20,Medium Slow,70,0,0,0,3,3,Krokorok,1.0,2.0,1.0,0.5,1.0,0.5,2.0,0.5,1.0,1.0,2.0,2.0,0.0,0.0,2.0,1.0,0.5,2.0,Intimidate,Moxie,0,Field,No Eggs Discovered,0,111,132,0.840909
615,Darumaka,Fire,Fire,Inner Focus,5,70.0,90.0,45.0,15.0,45.0,50.0,315.0,37.5,0.6,0.5,Zen Charm Pokémon,120,20,Medium Slow,70,0,0,0,1,2,No Preevolution,1.0,1.0,1.0,1.0,2.0,2.0,0.5,1.0,0.5,0.5,2.0,0.5,1.0,1.0,0.5,1.0,1.0,0.5,Hustle,None,0,Field,No Eggs Discovered,0,45,124,0.362903
616,Darmanitan Standard Mode,Fire,Fire,Zen Mode,5,105.0,140.0,55.0,30.0,55.0,95.0,480.0,92.9,1.3,0.5,Blazing Pokémon,60,20,Medium Slow,70,0,0,0,2,2,Darumaka,1.0,1.0,1.0,1.0,2.0,2.0,0.5,1.0,0.5,0.5,2.0,0.5,1.0,1.0,0.5,1.0,1.0,0.5,Sheer Force,None,0,Field,No Eggs Discovered,0,109,133,0.819549
617,Darmanitan Zen Mode,Fire,Psychic,Zen Mode,5,105.0,30.0,105.0,140.0,105.0,55.0,540.0,92.9,1.3,0.5,Blazing Pokémon,60,20,Medium Slow,70,0,0,0,2,2,Darumaka,1.0,0.5,1.0,1.0,2.0,2.0,1.0,2.0,0.5,0.5,2.0,0.5,1.0,0.5,0.5,1.0,2.0,0.5,None,None,0,Field,No Eggs Discovered,0,43,122,0.352459
618,Maractus,Grass,Grass,Storm Drain,5,75.0,86.0,67.0,106.0,67.0,60.0,461.0,28.0,1.0,0.5,Cactus Pokémon,255,20,Medium Fast,70,0,0,0,1,1,No Preevolution,1.0,1.0,2.0,2.0,0.5,1.0,2.0,1.0,1.0,2.0,0.5,0.5,0.5,1.0,2.0,1.0,1.0,1.0,Water Absorb,Chlorophyll,0,Grass,No Eggs Discovered,0,0,0,0.0
619,Dwebble,Bug,Rock,Weak Armor,5,50.0,65.0,85.0,35.0,35.0,55.0,325.0,14.5,0.3,0.5,Rock Inn Pokémon,190,20,Medium Fast,70,0,0,0,1,2,No Preevolution,0.5,1.0,1.0,0.5,1.0,2.0,1.0,1.0,2.0,1.0,2.0,1.0,1.0,1.0,1.0,1.0,1.0,1.0,Sturdy,Shell Armor,0,Bug,Mineral,0,43,132,0.325758
620,Crustle,Bug,Rock,Weak Armor,5,70.0,105.0,125.0,65.0,75.0,45.0,485.0,200.0,1.4,0.5,Stone Home Pokémon,75,20,Medium Fast,70,0,0,0,2,2,Dwebble,0.5,1.0,1.0,0.5,1.0,2.0,1.0,1.0,2.0,1.0,2.0,1.0,1.0,1.0,1.0,1.0,1.0,1.0,Sturdy,Shell Armor,0,Bug,Mineral,0,40,119,0.336134
621,Scraggy,Dark,Fighting,Intimidate,5,50.0,75.0,70.0,35.0,70.0,48.0,348.0,11.8,0.6,0.5,Shedding Pokémon,180,15,Medium Fast,35,0,0,0,1,2,No Preevolution,1.0,2.0,2.0,1.0,1.0,0.5,1.0,0.5,1.0,1.0,1.0,1.0,1.0,0.0,1.0,1.0,0.25,4.0,Shed Skin,Moxie,0,Field,Dragon,0,32,109,0.293578
622,Scrafty,Dark,Fighting,Intimidate,5,65.0,90.0,115.0,45.0,115.0,58.0,488.0,30.0,1.1,0.5,Hoodlum Pokémon,90,15,Medium Fast,70,0,0,0,2,2,Scraggy,1.0,2.0,2.0,1.0,1.0,0.5,1.0,0.5,1.0,1.0,1.0,1.0,1.0,0.0,1.0,1.0,0.25,4.0,Shed Skin,Moxie,0,Field,Dragon,0,61,121,0.504132
623,Sigilyph,Psychic,Flying,Tinted Lens,5,72.0,58.0,80.0,103.0,80.0,97.0,490.0,14.0,1.4,0.5,Avianoid Pokémon,45,20,Medium Fast,70,0,0,0,1,1,No Preevolution,1.0,0.25,1.0,1.0,0.0,2.0,1.0,2.0,1.0,1.0,1.0,0.5,2.0,0.5,2.0,1.0,2.0,1.0,Wonder Skin,Magic Guard,0,Flying,No Eggs Discovered,0,109,152,0.717105
624,Yamask,Ghost,Ghost,None,5,38.0,30.0,85.0,55.0,65.0,30.0,303.0,1.5,0.5,0.5,Spirit Pokémon,190,25,Medium Fast,70,0,0,0,1,2,No Preevolution,0.0,0.0,1.0,0.5,1.0,1.0,0.5,2.0,1.0,1.0,1.0,1.0,1.0,1.0,1.0,1.0,2.0,1.0,Mummy,None,0,Mineral,Amorphous,0,27,126,0.214286
625,Cofagrigus,Ghost,Ghost,None,5,58.0,50.0,145.0,95.0,105.0,30.0,483.0,76.5,1.7,0.5,Coffin Pokémon,90,25,Medium Fast,70,0,0,0,2,2,Yamask,0.0,0.0,1.0,0.5,1.0,1.0,0.5,2.0,1.0,1.0,1.0,1.0,1.0,1.0,1.0,1.0,2.0,1.0,Mummy,None,0,Mineral,Amorphous,0,30,122,0.245902
626,Tirtouga,Water,Rock,Swift Swim,5,54.0,78.0,103.0,53.0,45.0,22.0,355.0,16.5,0.7,0.875,Prototurtle Pokémon,45,30,Medium Fast,70,0,0,0,1,2,No Preevolution,0.5,2.0,0.5,0.5,2.0,1.0,1.0,1.0,1.0,0.25,1.0,4.0,2.0,1.0,0.5,1.0,1.0,1.0,Solid Rock,Sturdy,0,Water 1,Water 3,0,30,129,0.232558
627,Carracosta,Water,Rock,Swift Swim,5,74.0,108.0,133.0,83.0,65.0,32.0,495.0,81.0,1.2,0.875,Prototurtle Pokémon,45,30,Medium Fast,70,0,0,0,2,2,Tirtouga,0.5,2.0,0.5,0.5,2.0,1.0,1.0,1.0,1.0,0.25,1.0,4.0,2.0,1.0,0.5,1.0,1.0,1.0,Solid Rock,Sturdy,0,Water 1,Water 3,0,45,140,0.321429
628,Archen,Rock,Flying,None,5,55.0,112.0,45.0,74.0,45.0,70.0,401.0,9.5,0.5,0.875,First Bird Pokémon,45,30,Medium Fast,70,0,0,0,1,2,No Preevolution,0.5,1.0,0.5,0.5,0.0,2.0,0.5,1.0,2.0,0.5,2.0,1.0,2.0,1.0,2.0,1.0,1.0,1.0,Defeatist,None,0,Flying,Water 3,0,66,118,0.559322
629,Archeops,Rock,Flying,None,5,75.0,140.0,65.0,112.0,65.0,110.0,567.0,32.0,1.4,0.875,First Bird Pokémon,45,30,Medium Fast,70,0,0,0,2,2,Archen,0.5,1.0,0.5,0.5,0.0,2.0,0.5,1.0,2.0,0.5,2.0,1.0,2.0,1.0,2.0,1.0,1.0,1.0,Defeatist,None,0,Flying,Water 3,0,117,128,0.914062
630,Trubbish,Poison,Poison,Aftermath,5,50.0,50.0,62.0,40.0,62.0,65.0,329.0,31.0,0.6,0.5,Trash Bag Pokémon,190,20,Medium Fast,70,0,0,0,1,2,No Preevolution,1.0,0.5,1.0,0.5,2.0,1.0,0.5,1.0,1.0,1.0,1.0,0.5,1.0,2.0,1.0,1.0,1.0,0.5,Stench,Sticky Hold,0,Mineral,No Eggs Discovered,0,49,117,0.418803
631,Garbodor,Poison,Poison,Aftermath,5,80.0,95.0,82.0,60.0,82.0,75.0,474.0,107.3,1.9,0.5,Trash Heap Pokémon,60,20,Medium Fast,70,0,0,0,2,2,Trubbish,1.0,0.5,1.0,0.5,2.0,1.0,0.5,1.0,1.0,1.0,1.0,0.5,1.0,2.0,1.0,1.0,1.0,0.5,Stench,Weak Armor,0,Mineral,No Eggs Discovered,0,87,145,0.6
632,Zorua,Dark,Dark,None,5,40.0,65.0,40.0,80.0,40.0,65.0,330.0,12.5,0.7,0.875,Tricky Fox Pokémon,75,25,Medium Slow,70,0,0,0,1,2,No Preevolution,1.0,2.0,1.0,1.0,1.0,1.0,2.0,0.5,1.0,1.0,1.0,1.0,1.0,0.0,1.0,1.0,0.5,2.0,Illusion,None,0,Field,No Eggs Discovered,0,66,131,0.503817
633,Zoroark,Dark,Dark,None,5,60.0,105.0,60.0,120.0,60.0,105.0,510.0,81.1,1.6,0.875,Illusion Fox Pokémon,45,20,Medium Slow,70,0,0,0,2,2,Zorua,1.0,2.0,1.0,1.0,1.0,1.0,2.0,0.5,1.0,1.0,1.0,1.0,1.0,0.0,1.0,1.0,0.5,2.0,Illusion,None,0,Field,No Eggs Discovered,0,100,113,0.884956
634,Minccino,Normal,Normal,Skill Link,5,55.0,50.0,40.0,40.0,40.0,75.0,300.0,5.8,0.4,0.25,Chinchilla Pokémon,255,15,Fast,70,0,0,0,1,2,No Preevolution,1.0,2.0,1.0,1.0,1.0,1.0,1.0,0.0,1.0,1.0,1.0,1.0,1.0,1.0,1.0,1.0,1.0,1.0,Cute Charm,Technician,0,Field,No Eggs Discovered,0,88,148,0.594595
635,Cinccino,Normal,Normal,Skill Link,5,75.0,95.0,60.0,65.0,60.0,115.0,470.0,7.5,0.5,0.25,Scarf Pokémon,60,15,Fast,70,0,0,0,2,2,Minccino,1.0,2.0,1.0,1.0,1.0,1.0,1.0,0.0,1.0,1.0,1.0,1.0,1.0,1.0,1.0,1.0,1.0,1.0,Cute Charm,Technician,0,Field,No Eggs Discovered,0,115,131,0.877863
636,Gothita,Psychic,Psychic,Shadow Tag,5,45.0,30.0,50.0,55.0,65.0,45.0,290.0,5.8,0.4,0.25,Fixation Pokémon,200,20,Medium Slow,70,0,0,0,1,3,No Preevolution,1.0,0.5,1.0,1.0,1.0,1.0,2.0,2.0,1.0,1.0,1.0,1.0,1.0,0.5,1.0,1.0,2.0,1.0,Frisk,Competitive,0,Human-Like,No Eggs Discovered,0,26,125,0.208
637,Gothorita,Psychic,Psychic,Shadow Tag,5,60.0,45.0,70.0,75.0,85.0,55.0,390.0,18.0,0.7,0.25,Manipulate Pokémon,100,20,Medium Slow,70,0,0,0,2,3,Gothita,1.0,0.5,1.0,1.0,1.0,1.0,2.0,2.0,1.0,1.0,1.0,1.0,1.0,0.5,1.0,1.0,2.0,1.0,Frisk,Competitive,0,Human-Like,No Eggs Discovered,0,37,123,0.300813
638,Gothitelle,Psychic,Psychic,Shadow Tag,5,70.0,55.0,95.0,95.0,110.0,65.0,490.0,44.0,1.5,0.25,Astral Body Pokémon,50,20,Medium Slow,70,0,0,0,3,3,Gothorita,1.0,0.5,1.0,1.0,1.0,1.0,2.0,2.0,1.0,1.0,1.0,1.0,1.0,0.5,1.0,1.0,2.0,1.0,Frisk,Competitive,0,Human-Like,No Eggs Discovered,0,65,133,0.488722
639,Solosis,Psychic,Psychic,Regenerator,5,45.0,30.0,40.0,105.0,50.0,20.0,290.0,1.0,0.3,0.5,Cell Pokémon,200,20,Medium Slow,70,0,0,0,1,3,No Preevolution,1.0,0.5,1.0,1.0,1.0,1.0,2.0,2.0,1.0,1.0,1.0,1.0,1.0,0.5,1.0,1.0,2.0,1.0,Overcoat,Magic Guard,0,Amorphous,No Eggs Discovered,0,4,129,0.031008
640,Duosion,Psychic,Psychic,Regenerator,5,65.0,40.0,50.0,125.0,60.0,30.0,370.0,8.0,0.6,0.5,Mitosis Pokémon,100,20,Medium Slow,70,0,0,0,2,3,Solosis,1.0,0.5,1.0,1.0,1.0,1.0,2.0,2.0,1.0,1.0,1.0,1.0,1.0,0.5,1.0,1.0,2.0,1.0,Overcoat,Magic Guard,0,Amorphous,No Eggs Discovered,0,9,124,0.072581
641,Reuniclus,Psychic,Psychic,Regenerator,5,110.0,65.0,75.0,125.0,85.0,30.0,490.0,20.1,1.0,0.5,Multiplying Pokémon,50,20,Medium Slow,70,0,0,0,3,3,Duosion,1.0,0.5,1.0,1.0,1.0,1.0,2.0,2.0,1.0,1.0,1.0,1.0,1.0,0.5,1.0,1.0,2.0,1.0,Overcoat,Magic Guard,0,Amorphous,No Eggs Discovered,0,18,120,0.15
642,Ducklett,Water,Flying,Hydration,5,62.0,44.0,50.0,44.0,50.0,55.0,305.0,5.5,0.5,0.5,Water Bird Pokémon,190,20,Medium Fast,70,0,0,0,1,2,No Preevolution,1.0,0.5,1.0,1.0,0.0,2.0,0.5,1.0,0.5,0.5,0.5,1.0,4.0,1.0,1.0,1.0,1.0,1.0,Keen Eye,Big Pecks,0,Water 1,Flying,0,45,124,0.362903
643,Swanna,Water,Flying,Hydration,5,75.0,87.0,63.0,87.0,63.0,98.0,473.0,24.2,1.3,0.5,White Bird Pokémon,45,20,Medium Fast,70,0,0,0,2,2,Ducklett,1.0,0.5,1.0,1.0,0.0,2.0,0.5,1.0,0.5,0.5,0.5,1.0,4.0,1.0,1.0,1.0,1.0,1.0,Keen Eye,Big Pecks,0,Water 1,Flying,0,103,119,0.865546
644,Vanillite,Ice,Ice,Weak Armor,5,36.0,50.0,50.0,65.0,60.0,44.0,305.0,5.7,0.4,0.5,Fresh Snow Pokémon,255,20,Slow,70,0,0,0,1,3,No Preevolution,1.0,2.0,1.0,1.0,1.0,2.0,1.0,1.0,2.0,2.0,1.0,1.0,1.0,1.0,0.5,1.0,1.0,1.0,Ice Body,Snow Cloak,0,Mineral,No Eggs Discovered,0,18,110,0.163636
645,Vanillish,Ice,Ice,Weak Armor,5,51.0,65.0,65.0,80.0,75.0,59.0,395.0,41.0,1.1,0.5,Icy Snow Pokémon,120,20,Slow,70,0,0,0,2,3,Vanillite,1.0,2.0,1.0,1.0,1.0,2.0,1.0,1.0,2.0,2.0,1.0,1.0,1.0,1.0,0.5,1.0,1.0,1.0,Ice Body,Snow Cloak,0,Mineral,No Eggs Discovered,0,55,126,0.436508
646,Vanilluxe,Ice,Ice,Weak Armor,5,71.0,95.0,85.0,110.0,95.0,79.0,535.0,57.5,1.3,0.5,Snowstorm Pokémon,45,20,Slow,70,0,0,0,3,3,Vanillish,1.0,2.0,1.0,1.0,1.0,2.0,1.0,1.0,2.0,2.0,1.0,1.0,1.0,1.0,0.5,1.0,1.0,1.0,Ice Body,Snow Warning,0,Mineral,No Eggs Discovered,0,83,125,0.664
647,Deerling,Normal,Grass,Serene Grace,5,60.0,60.0,50.0,40.0,50.0,75.0,335.0,19.5,0.6,0.5,Season Pokémon,190,20,Medium Fast,70,0,0,0,1,2,No Preevolution,1.0,2.0,2.0,2.0,0.5,1.0,2.0,0.0,1.0,2.0,0.5,0.5,0.5,1.0,2.0,1.0,1.0,1.0,Chlorophyll,Sap Sipper,0,Field,No Eggs Discovered,0,70,119,0.588235
648,Sawsbuck,Normal,Grass,Serene Grace,5,80.0,100.0,70.0,60.0,70.0,95.0,475.0,92.5,1.9,0.5,Season Pokémon,75,20,Medium Fast,70,0,0,0,2,2,Deerling Spring Form,1.0,2.0,2.0,2.0,0.5,1.0,2.0,0.0,1.0,2.0,0.5,0.5,0.5,1.0,2.0,1.0,1.0,1.0,Chlorophyll,Sap Sipper,0,Field,No Eggs Discovered,0,89,120,0.741667
649,Emolga,Electric,Flying,Motor Drive,5,55.0,75.0,60.0,75.0,60.0,103.0,428.0,5.0,0.4,0.5,Sky Squirrel Pokémon,200,20,Medium Fast,70,0,0,0,1,1,No Preevolution,1.0,0.5,0.5,1.0,0.0,2.0,0.5,1.0,0.5,1.0,1.0,0.5,1.0,1.0,2.0,1.0,1.0,1.0,Static,None,0,Field,No Eggs Discovered,0,91,114,0.798246
650,Karrablast,Bug,Bug,No Guard,5,50.0,75.0,45.0,40.0,45.0,60.0,315.0,5.9,0.5,0.5,Clamping Pokémon,200,15,Medium Fast,70,0,0,0,1,2,No Preevolution,1.0,0.5,2.0,1.0,0.5,2.0,1.0,1.0,1.0,2.0,1.0,0.5,1.0,1.0,1.0,1.0,1.0,1.0,Swarm,Shed Skin,0,Bug,No Eggs Discovered,0,53,121,0.438017
651,Escavalier,Bug,Steel,Overcoat,5,70.0,135.0,105.0,60.0,105.0,20.0,495.0,33.0,1.0,0.5,Cavalry Pokémon,75,15,Medium Fast,70,0,0,0,2,2,Karrablast,0.5,1.0,1.0,0.0,1.0,1.0,0.5,1.0,0.5,4.0,1.0,0.25,1.0,0.5,0.5,0.5,1.0,0.5,Swarm,Shell Armor,0,Bug,No Eggs Discovered,0,72,124,0.580645
652,Foongus,Grass,Poison,Regenerator,5,69.0,55.0,45.0,55.0,55.0,15.0,294.0,1.0,0.2,0.5,Mushroom Pokémon,190,20,Medium Fast,70,0,0,0,1,2,No Preevolution,1.0,0.5,2.0,1.0,1.0,1.0,1.0,1.0,1.0,2.0,0.5,0.25,0.5,2.0,2.0,1.0,1.0,0.5,Effect Spore,None,0,Grass,No Eggs Discovered,0,14,120,0.116667
653,Amoonguss,Grass,Poison,Regenerator,5,114.0,85.0,70.0,85.0,80.0,30.0,464.0,10.5,0.6,0.5,Mushroom Pokémon,75,20,Medium Fast,70,0,0,0,2,2,Foongus,1.0,0.5,2.0,1.0,1.0,1.0,1.0,1.0,1.0,2.0,0.5,0.25,0.5,2.0,2.0,1.0,1.0,0.5,Effect Spore,None,0,Grass,No Eggs Discovered,0,25,121,0.206612
654,Frillish,Water,Ghost,Damp,5,55.0,40.0,50.0,65.0,85.0,40.0,335.0,33.0,1.2,0.5,Floating Pokémon,190,20,Medium Fast,70,0,0,0,1,2,No Preevolution,0.0,0.0,1.0,0.5,1.0,1.0,0.5,2.0,0.5,0.5,0.5,2.0,2.0,1.0,0.5,1.0,2.0,1.0,Water Absorb,Cursed Body,0,Amorphous,No Eggs Discovered,0,42,132,0.318182
655,Jellicent,Water,Ghost,Damp,5,100.0,60.0,70.0,85.0,105.0,60.0,480.0,135.0,2.2,0.5,Floating Pokémon,60,20,Medium Fast,70,0,0,0,2,2,Frillish,0.0,0.0,1.0,0.5,1.0,1.0,0.5,2.0,0.5,0.5,0.5,2.0,2.0,1.0,0.5,1.0,2.0,1.0,Water Absorb,Cursed Body,0,Amorphous,No Eggs Discovered,0,0,0,0.0
656,Alomomola,Water,Water,Regenerator,5,165.0,75.0,80.0,40.0,45.0,65.0,470.0,31.6,1.2,0.5,Caring Pokémon,75,40,Fast,70,0,0,0,1,1,No Preevolution,1.0,1.0,1.0,1.0,1.0,1.0,1.0,1.0,0.5,0.5,0.5,2.0,2.0,1.0,0.5,1.0,1.0,1.0,Healer,Hydration,0,Water 1,Water 2,0,68,132,0.515152
657,Joltik,Bug,Electric,Swarm,5,50.0,47.0,50.0,57.0,50.0,65.0,319.0,0.6,0.1,0.5,Attaching Pokémon,190,20,Medium Fast,70,0,0,0,1,2,No Preevolution,1.0,0.5,1.0,1.0,1.0,2.0,1.0,1.0,0.5,2.0,1.0,0.5,0.5,1.0,1.0,1.0,1.0,1.0,Compound Eyes,Unnerve,0,Bug,No Eggs Discovered,0,64,138,0.463768
658,Galvantula,Bug,Electric,Swarm,5,70.0,77.0,60.0,97.0,60.0,108.0,472.0,14.3,0.8,0.5,EleSpider Pokémon,75,20,Medium Fast,70,0,0,0,2,2,Joltik,1.0,0.5,1.0,1.0,1.0,2.0,1.0,1.0,0.5,2.0,1.0,0.5,0.5,1.0,1.0,1.0,1.0,1.0,Compound Eyes,Unnerve,0,Bug,No Eggs Discovered,0,115,137,0.839416
659,Ferroseed,Grass,Steel,None,5,44.0,50.0,91.0,24.0,86.0,10.0,305.0,18.8,0.6,0.5,Thorn Seed Pokémon,255,20,Medium Fast,70,0,0,0,1,2,No Preevolution,0.5,2.0,1.0,0.0,1.0,0.5,1.0,1.0,0.5,4.0,0.5,0.25,0.5,0.5,1.0,0.5,1.0,0.5,Iron Barbs,None,0,Grass,Mineral,0,22,111,0.198198
660,Ferrothorn,Grass,Steel,Anticipation,5,74.0,94.0,131.0,54.0,116.0,20.0,489.0,110.0,1.0,0.5,Thorn Pod Pokémon,90,20,Medium Fast,70,0,0,0,2,2,Ferroseed,0.5,2.0,1.0,0.0,1.0,0.5,1.0,1.0,0.5,4.0,0.5,0.25,0.5,0.5,1.0,0.5,1.0,0.5,Iron Barbs,None,0,Grass,Mineral,0,61,136,0.448529
661,Klink,Steel,Steel,Clear Body,5,40.0,55.0,70.0,45.0,60.0,30.0,300.0,21.0,0.3,0.5,Gear Pokémon,130,20,Medium Slow,70,0,0,0,1,3,No Preevolution,0.5,2.0,0.5,0.0,2.0,0.5,0.5,1.0,0.5,2.0,1.0,0.5,1.0,0.5,0.5,0.5,1.0,0.5,Plus,Minus,1,Mineral,No Eggs Discovered,0,12,113,0.106195
662,Klang,Steel,Steel,Clear Body,5,60.0,80.0,95.0,70.0,85.0,50.0,440.0,51.0,0.6,0.5,Gear Pokémon,60,20,Medium Slow,70,0,0,0,2,3,Klink,0.5,2.0,0.5,0.0,2.0,0.5,0.5,1.0,0.5,2.0,1.0,0.5,1.0,0.5,0.5,0.5,1.0,0.5,Plus,Minus,1,Mineral,No Eggs Discovered,0,27,121,0.22314
663,Klinklang,Steel,Steel,Clear Body,5,60.0,100.0,115.0,70.0,85.0,90.0,520.0,81.0,0.6,0.5,Gear Pokémon,30,20,Medium Slow,70,0,0,0,3,3,Klang,0.5,2.0,0.5,0.0,2.0,0.5,0.5,1.0,0.5,2.0,1.0,0.5,1.0,0.5,0.5,0.5,1.0,0.5,Plus,Minus,1,Mineral,No Eggs Discovered,0,99,131,0.755725
664,Tynamo,Electric,Electric,None,5,35.0,55.0,40.0,45.0,40.0,60.0,275.0,0.3,0.2,0.5,EleFish Pokémon,190,20,Slow,70,0,0,0,1,3,No Preevolution,1.0,1.0,0.5,1.0,2.0,1.0,1.0,1.0,0.5,1.0,1.0,1.0,0.5,1.0,1.0,1.0,1.0,1.0,Levitate,None,0,Amorphous,No Eggs Discovered,0,45,126,0.357143
665,Eelektrik,Electric,Electric,None,5,65.0,85.0,70.0,75.0,70.0,40.0,405.0,22.0,1.2,0.5,EleFish Pokémon,60,20,Slow,70,0,0,0,2,3,Tynamo,1.0,1.0,0.5,1.0,2.0,1.0,1.0,1.0,0.5,1.0,1.0,1.0,0.5,1.0,1.0,1.0,1.0,1.0,Levitate,None,0,Amorphous,No Eggs Discovered,0,26,128,0.203125
666,Eelektross,Electric,Electric,None,5,85.0,115.0,80.0,105.0,80.0,50.0,515.0,80.5,2.1,0.5,EleFish Pokémon,30,20,Slow,70,0,0,0,3,3,Eelektrik,1.0,1.0,0.5,1.0,2.0,1.0,1.0,1.0,0.5,1.0,1.0,1.0,0.5,1.0,1.0,1.0,1.0,1.0,Levitate,None,0,Amorphous,No Eggs Discovered,0,34,111,0.306306
667,Elgyem,Psychic,Psychic,Analytic,5,55.0,55.0,55.0,85.0,55.0,30.0,335.0,9.0,0.5,0.5,Cerebral Pokémon,255,20,Medium Fast,70,0,0,0,1,2,No Preevolution,1.0,0.5,1.0,1.0,1.0,1.0,2.0,2.0,1.0,1.0,1.0,1.0,1.0,0.5,1.0,1.0,2.0,1.0,Telepathy,Synchronize,0,Human-Like,No Eggs Discovered,0,21,159,0.132075
668,Beheeyem,Psychic,Psychic,Analytic,5,75.0,75.0,75.0,125.0,95.0,40.0,485.0,34.5,1.0,0.5,Cerebral Pokémon,90,20,Medium Fast,70,0,0,0,2,2,Elgyem,1.0,0.5,1.0,1.0,1.0,1.0,2.0,2.0,1.0,1.0,1.0,1.0,1.0,0.5,1.0,1.0,2.0,1.0,Telepathy,Synchronize,0,Human-Like,No Eggs Discovered,0,21,134,0.156716
669,Litwick,Ghost,Fire,Infiltrator,5,50.0,30.0,55.0,65.0,55.0,20.0,275.0,3.1,0.3,0.5,Candle Pokémon,190,20,Medium Slow,70,0,0,0,1,3,No Preevolution,0.0,0.0,1.0,0.5,2.0,2.0,0.25,2.0,0.5,0.5,2.0,0.5,1.0,1.0,0.5,1.0,2.0,0.5,Flash Fire,Flame Body,0,Amorphous,No Eggs Discovered,0,16,117,0.136752
670,Lampent,Ghost,Fire,Infiltrator,5,60.0,40.0,60.0,95.0,60.0,55.0,370.0,13.0,0.6,0.5,Lamp Pokémon,90,20,Medium Slow,70,0,0,0,2,3,Litwick,0.0,0.0,1.0,0.5,2.0,2.0,0.25,2.0,0.5,0.5,2.0,0.5,1.0,1.0,0.5,1.0,2.0,0.5,Flash Fire,Flame Body,0,Amorphous,No Eggs Discovered,0,57,135,0.422222
671,Chandelure,Ghost,Fire,Infiltrator,5,60.0,55.0,90.0,145.0,90.0,80.0,520.0,34.3,1.0,0.5,Luring Pokémon,45,20,Medium Slow,70,0,0,0,3,3,Lampent,0.0,0.0,1.0,0.5,2.0,2.0,0.25,2.0,0.5,0.5,2.0,0.5,1.0,1.0,0.5,1.0,2.0,0.5,Flash Fire,Flame Body,0,Amorphous,No Eggs Discovered,0,68,112,0.607143
672,Axew,Dragon,Dragon,Unnerve,5,46.0,87.0,60.0,30.0,40.0,57.0,320.0,18.0,0.6,0.5,Tusk Pokémon,75,40,Slow,35,0,0,0,1,3,No Preevolution,1.0,1.0,1.0,1.0,1.0,1.0,1.0,1.0,1.0,0.5,0.5,0.5,0.5,1.0,2.0,2.0,1.0,2.0,Rivalry,Mold Breaker,0,Monster,Dragon,0,51,135,0.377778
673,Fraxure,Dragon,Dragon,Unnerve,5,66.0,117.0,70.0,40.0,50.0,67.0,410.0,36.0,1.0,0.5,Axe Jaw Pokémon,60,40,Slow,35,0,0,0,2,3,Axew,1.0,1.0,1.0,1.0,1.0,1.0,1.0,1.0,1.0,0.5,0.5,0.5,0.5,1.0,2.0,2.0,1.0,2.0,Rivalry,Mold Breaker,0,Monster,Dragon,0,59,129,0.457364
674,Haxorus,Dragon,Dragon,Unnerve,5,76.0,147.0,90.0,60.0,70.0,97.0,540.0,105.5,1.8,0.5,Axe Jaw Pokémon,45,40,Slow,35,0,0,0,3,3,Fraxure,1.0,1.0,1.0,1.0,1.0,1.0,1.0,1.0,1.0,0.5,0.5,0.5,0.5,1.0,2.0,2.0,1.0,2.0,Rivalry,Mold Breaker,0,Monster,Dragon,0,105,127,0.826772
675,Cubchoo,Ice,Ice,Rattled,5,55.0,70.0,40.0,60.0,40.0,40.0,305.0,8.5,0.5,0.5,Chill Pokémon,120,20,Medium Fast,70,0,0,0,1,2,No Preevolution,1.0,2.0,1.0,1.0,1.0,2.0,1.0,1.0,2.0,2.0,1.0,1.0,1.0,1.0,0.5,1.0,1.0,1.0,Snow Cloak,Slush Rush,0,Field,No Eggs Discovered,0,31,115,0.269565
676,Beartic,Ice,Ice,Swift Swim,5,95.0,130.0,80.0,70.0,80.0,50.0,505.0,260.0,2.6,0.5,Freezing Pokémon,60,20,Medium Fast,70,0,0,0,2,2,Cubchoo,1.0,2.0,1.0,1.0,1.0,2.0,1.0,1.0,2.0,2.0,1.0,1.0,1.0,1.0,0.5,1.0,1.0,1.0,Snow Cloak,Slush Rush,0,Field,No Eggs Discovered,0,48,129,0.372093
677,Cryogonal,Ice,Ice,None,5,80.0,50.0,50.0,95.0,135.0,105.0,515.0,148.0,1.1,0.5,Crystallizing Pokémon,25,25,Medium Fast,70,0,0,0,1,1,No Preevolution,1.0,2.0,1.0,1.0,1.0,2.0,1.0,1.0,2.0,2.0,1.0,1.0,1.0,1.0,0.5,1.0,1.0,1.0,Levitate,None,1,Mineral,No Eggs Discovered,0,119,148,0.804054
678,Shelmet,Bug,Bug,Overcoat,5,50.0,40.0,85.0,40.0,65.0,25.0,305.0,7.7,0.4,0.5,Snail Pokémon,200,15,Medium Fast,70,0,0,0,1,2,No Preevolution,1.0,0.5,2.0,1.0,0.5,2.0,1.0,1.0,1.0,2.0,1.0,0.5,1.0,1.0,1.0,1.0,1.0,1.0,Hydration,Shell Armor,0,Bug,No Eggs Discovered,0,11,124,0.08871
679,Accelgor,Bug,Bug,Unburden,5,80.0,70.0,40.0,100.0,60.0,145.0,495.0,25.3,0.8,0.5,Shell Out Pokémon,75,15,Medium Fast,70,0,0,0,2,2,Shelmet,1.0,0.5,2.0,1.0,0.5,2.0,1.0,1.0,1.0,2.0,1.0,0.5,1.0,1.0,1.0,1.0,1.0,1.0,Hydration,Sticky Hold,0,Bug,No Eggs Discovered,0,118,128,0.921875
680,Stunfisk,Ground,Electric,Sand Veil,5,109.0,66.0,84.0,81.0,99.0,32.0,471.0,11.0,0.7,0.5,Trap Pokémon,75,20,Medium Fast,70,0,0,0,1,1,No Preevolution,1.0,1.0,0.5,0.5,2.0,0.5,1.0,1.0,0.5,1.0,2.0,2.0,0.0,1.0,2.0,1.0,1.0,1.0,Static,Limber,0,Water 1,Amorphous,0,29,144,0.201389
681,Mienfoo,Fighting,Fighting,Reckless,5,45.0,85.0,50.0,55.0,50.0,65.0,350.0,20.0,0.9,0.5,Martial Arts Pokémon,180,25,Medium Slow,70,0,0,0,1,2,No Preevolution,1.0,1.0,2.0,1.0,1.0,0.5,0.5,1.0,1.0,1.0,1.0,1.0,1.0,2.0,1.0,1.0,0.5,2.0,Inner Focus,Regenerator,0,Field,Human-Like,0,66,130,0.507692
682,Mienshao,Fighting,Fighting,Reckless,5,65.0,125.0,60.0,95.0,60.0,105.0,510.0,35.5,1.4,0.5,Martial Arts Pokémon,45,25,Medium Slow,70,0,0,0,2,2,Mienfoo,1.0,1.0,2.0,1.0,1.0,0.5,0.5,1.0,1.0,1.0,1.0,1.0,1.0,2.0,1.0,1.0,0.5,2.0,Inner Focus,Regenerator,0,Field,Human-Like,0,121,131,0.923664
683,Druddigon,Dragon,Dragon,Mold Breaker,5,77.0,120.0,90.0,60.0,90.0,48.0,485.0,139.0,1.6,0.5,Cave Pokémon,45,30,Medium Fast,70,0,0,0,1,1,No Preevolution,1.0,1.0,1.0,1.0,1.0,1.0,1.0,1.0,1.0,0.5,0.5,0.5,0.5,1.0,2.0,2.0,1.0,2.0,Rough Skin,Sheer Force,0,Dragon,Monster,0,39,140,0.278571
684,Golett,Ground,Ghost,No Guard,5,59.0,74.0,50.0,35.0,50.0,35.0,303.0,92.0,1.0,0.5,Automaton Pokémon,190,25,Medium Fast,70,0,0,0,1,2,No Preevolution,0.0,0.0,1.0,0.25,1.0,0.5,0.5,2.0,1.0,1.0,2.0,2.0,0.0,1.0,2.0,1.0,2.0,1.0,Iron Fist,Klutz,1,Mineral,No Eggs Discovered,0,40,128,0.3125
685,Golurk,Ground,Ghost,No Guard,5,89.0,124.0,80.0,55.0,80.0,55.0,483.0,330.0,2.8,0.5,Automaton Pokémon,90,25,Medium Fast,70,0,0,0,2,2,Golett,0.0,0.0,1.0,0.25,1.0,0.5,0.5,2.0,1.0,1.0,2.0,2.0,0.0,1.0,2.0,1.0,2.0,1.0,Iron Fist,Klutz,1,Mineral,No Eggs Discovered,0,72,126,0.571429
686,Pawniard,Dark,Steel,Pressure,5,45.0,85.0,70.0,40.0,40.0,60.0,340.0,10.2,0.5,0.5,Sharp Blade Pokémon,120,20,Medium Fast,35,0,0,0,1,3,No Preevolution,0.5,4.0,0.5,0.0,2.0,0.5,1.0,0.5,0.5,2.0,1.0,0.5,1.0,0.0,0.5,0.5,0.5,1.0,Defiant,Inner Focus,0,Human-Like,No Eggs Discovered,0,57,109,0.522936
687,Bisharp,Dark,Steel,Pressure,5,65.0,125.0,100.0,60.0,70.0,70.0,490.0,70.0,1.6,0.5,Sword Blade Pokémon,45,20,Medium Fast,35,0,0,0,2,3,Pawniard,0.5,4.0,0.5,0.0,2.0,0.5,1.0,0.5,0.5,2.0,1.0,0.5,1.0,0.0,0.5,0.5,0.5,1.0,Defiant,Inner Focus,0,Human-Like,No Eggs Discovered,0,86,141,0.609929
688,Bouffalant,Normal,Normal,Soundproof,5,95.0,110.0,95.0,40.0,95.0,55.0,490.0,94.6,1.6,0.5,Bash Buffalo Pokémon,45,20,Medium Fast,70,0,0,0,1,1,No Preevolution,1.0,2.0,1.0,1.0,1.0,1.0,1.0,0.0,1.0,1.0,1.0,1.0,1.0,1.0,1.0,1.0,1.0,1.0,Reckless,Sap Sipper,0,Field,No Eggs Discovered,0,48,119,0.403361
689,Rufflet,Normal,Flying,Hustle,5,70.0,83.0,50.0,37.0,50.0,60.0,350.0,10.5,0.5,1.0,Eaglet Pokémon,190,20,Slow,70,0,0,0,1,2,No Preevolution,1.0,1.0,1.0,1.0,0.0,2.0,0.5,0.0,1.0,1.0,1.0,0.5,2.0,1.0,2.0,1.0,1.0,1.0,Keen Eye,Sheer Force,0,Flying,No Eggs Discovered,0,41,122,0.336066
690,Braviary,Normal,Flying,Defiant,5,100.0,123.0,75.0,57.0,75.0,80.0,510.0,41.0,1.5,1.0,Valiant Pokémon,60,20,Slow,70,0,0,0,2,2,Rufflet,1.0,1.0,1.0,1.0,0.0,2.0,0.5,0.0,1.0,1.0,1.0,0.5,2.0,1.0,2.0,1.0,1.0,1.0,Keen Eye,Sheer Force,0,Flying,No Eggs Discovered,0,108,156,0.692308
691,Vullaby,Dark,Flying,Weak Armor,5,70.0,55.0,75.0,45.0,65.0,60.0,370.0,9.0,0.5,0.0,Diapered Pokémon,190,20,Slow,35,0,0,0,1,2,No Preevolution,1.0,1.0,1.0,1.0,0.0,2.0,1.0,0.5,1.0,1.0,1.0,0.5,2.0,0.0,2.0,1.0,0.5,2.0,Big Pecks,Overcoat,0,Flying,No Eggs Discovered,0,56,122,0.459016
692,Mandibuzz,Dark,Flying,Weak Armor,5,110.0,65.0,105.0,55.0,95.0,80.0,510.0,39.5,1.2,0.0,Bone Vulture Pokémon,60,20,Slow,35,0,0,0,2,2,Vullaby,1.0,1.0,1.0,1.0,0.0,2.0,1.0,0.5,1.0,1.0,1.0,0.5,2.0,0.0,2.0,1.0,0.5,2.0,Big Pecks,Overcoat,0,Flying,No Eggs Discovered,0,92,147,0.62585
693,Heatmor,Fire,Fire,White Smoke,5,85.0,97.0,66.0,105.0,66.0,65.0,484.0,58.0,1.4,0.5,Anteater Pokémon,90,20,Medium Fast,70,0,0,0,1,1,No Preevolution,1.0,1.0,1.0,1.0,2.0,2.0,0.5,1.0,0.5,0.5,2.0,0.5,1.0,1.0,0.5,1.0,1.0,0.5,Gluttony,Flash Fire,0,Field,No Eggs Discovered,0,57,121,0.471074
694,Durant,Bug,Steel,Truant,5,58.0,109.0,112.0,48.0,48.0,109.0,484.0,33.0,0.3,0.5,Iron Ant Pokémon,90,20,Medium Fast,70,0,0,0,1,1,No Preevolution,0.5,1.0,1.0,0.0,1.0,1.0,0.5,1.0,0.5,4.0,1.0,0.25,1.0,0.5,0.5,0.5,1.0,0.5,Swarm,Hustle,0,Bug,No Eggs Discovered,0,118,134,0.880597
695,Deino,Dark,Dragon,None,5,52.0,65.0,50.0,45.0,50.0,38.0,300.0,17.3,0.8,0.5,Irate Pokémon,45,40,Slow,35,0,0,0,1,3,No Preevolution,1.0,2.0,1.0,1.0,1.0,1.0,2.0,0.5,1.0,0.5,0.5,0.5,0.5,0.0,2.0,2.0,0.5,4.0,Hustle,None,0,Dragon,No Eggs Discovered,0,34,124,0.274194
696,Zweilous,Dark,Dragon,None,5,72.0,85.0,70.0,65.0,70.0,58.0,420.0,50.0,1.4,0.5,Hostile Pokémon,45,40,Slow,35,0,0,0,2,3,Deino,1.0,2.0,1.0,1.0,1.0,1.0,2.0,0.5,1.0,0.5,0.5,0.5,0.5,0.0,2.0,2.0,0.5,4.0,Hustle,None,0,Dragon,No Eggs Discovered,0,57,138,0.413043
697,Hydreigon,Dark,Dragon,None,5,92.0,105.0,90.0,125.0,90.0,98.0,600.0,160.0,1.8,0.5,Brutal Pokémon,45,40,Slow,35,0,0,0,3,3,Zweilous,1.0,2.0,1.0,1.0,1.0,1.0,2.0,0.5,1.0,0.5,0.5,0.5,0.5,0.0,2.0,2.0,0.5,4.0,Levitate,None,0,Dragon,No Eggs Discovered,0,106,129,0.821705
698,Larvesta,Bug,Fire,Swarm,5,55.0,85.0,55.0,50.0,55.0,60.0,360.0,28.8,1.1,0.5,Torch Pokémon,45,40,Slow,70,0,0,0,1,2,No Preevolution,1.0,0.5,2.0,1.0,1.0,4.0,0.5,1.0,0.5,1.0,2.0,0.25,1.0,1.0,0.5,1.0,1.0,0.5,Flame Body,None,0,Bug,No Eggs Discovered,0,58,137,0.423358
699,Volcarona,Bug,Fire,Swarm,5,85.0,60.0,65.0,135.0,105.0,100.0,550.0,46.0,1.6,0.5,Sun Pokémon,15,40,Slow,70,0,0,0,2,2,Larvesta,1.0,0.5,2.0,1.0,1.0,4.0,0.5,1.0,0.5,1.0,2.0,0.25,1.0,1.0,0.5,1.0,1.0,0.5,Flame Body,None,0,Bug,No Eggs Discovered,0,103,137,0.751825
700,Cobalion,Steel,Fighting,None,5,91.0,90.0,129.0,90.0,72.0,108.0,580.0,250.0,2.1,0.5,Iron Will Pokémon,3,80,Slow,35,1,0,0,1,1,No Preevolution,0.5,2.0,1.0,0.0,2.0,0.25,0.25,1.0,0.5,2.0,1.0,0.5,1.0,1.0,0.5,0.5,0.5,1.0,Justified,None,1,No Eggs Discovered,No Eggs Discovered,0,117,128,0.914062
701,Terrakion,Rock,Fighting,None,5,91.0,129.0,90.0,72.0,90.0,108.0,580.0,260.0,1.9,0.5,Cavern Pokémon,3,80,Slow,35,1,0,0,1,1,No Preevolution,0.5,2.0,1.0,0.5,2.0,0.5,0.5,1.0,2.0,0.5,2.0,2.0,1.0,2.0,1.0,1.0,0.5,2.0,Justified,None,1,No Eggs Discovered,No Eggs Discovered,0,105,123,0.853659
702,Virizion,Grass,Fighting,None,5,91.0,90.0,72.0,90.0,129.0,108.0,580.0,200.0,2.0,0.5,Grassland Pokémon,3,80,Slow,35,1,0,0,1,1,No Preevolution,1.0,1.0,4.0,2.0,0.5,0.5,1.0,1.0,1.0,2.0,0.5,0.5,0.5,2.0,2.0,1.0,0.5,2.0,Justified,None,1,No Eggs Discovered,No Eggs Discovered,0,112,125,0.896
703,Tornadus Incarnate Forme,Flying,Flying,Defiant,5,79.0,115.0,70.0,125.0,80.0,111.0,580.0,63.0,1.5,1.0,Cyclone Pokémon,3,120,Slow,90,1,0,0,1,1,No Preevolution,1.0,0.5,1.0,1.0,0.0,2.0,0.5,1.0,1.0,1.0,1.0,0.5,2.0,1.0,2.0,1.0,1.0,1.0,Prankster,None,0,No Eggs Discovered,No Eggs Discovered,0,94,111,0.846847
704,Tornadus Therian Forme,Flying,Flying,None,5,79.0,100.0,80.0,110.0,90.0,121.0,580.0,63.0,1.5,1.0,Cyclone Pokémon,3,120,Slow,90,1,0,0,1,1,No Preevolution,1.0,0.5,1.0,1.0,0.0,2.0,0.5,1.0,1.0,1.0,1.0,0.5,2.0,1.0,2.0,1.0,1.0,1.0,Regenerator,None,0,No Eggs Discovered,No Eggs Discovered,0,121,125,0.968
705,Thundurus Incarnate Forme,Electric,Flying,Defiant,5,79.0,115.0,70.0,125.0,80.0,111.0,580.0,61.0,1.5,1.0,Bolt Strike Pokémon,3,120,Slow,90,1,0,0,1,1,No Preevolution,1.0,0.5,0.5,1.0,0.0,2.0,0.5,1.0,0.5,1.0,1.0,0.5,1.0,1.0,2.0,1.0,1.0,1.0,Prankster,None,0,No Eggs Discovered,No Eggs Discovered,0,108,125,0.864
706,Thundurus Therian Forme,Electric,Flying,None,5,79.0,105.0,70.0,145.0,80.0,101.0,580.0,61.0,1.5,1.0,Bolt Strike Pokémon,3,120,Slow,90,1,0,0,1,1,No Preevolution,1.0,0.5,0.5,1.0,0.0,2.0,0.5,1.0,0.5,1.0,1.0,0.5,1.0,1.0,2.0,1.0,1.0,1.0,Volt Absorb,None,0,No Eggs Discovered,No Eggs Discovered,0,99,115,0.86087
707,Reshiram,Dragon,Fire,None,5,100.0,120.0,100.0,150.0,120.0,90.0,680.0,330.0,3.2,0.5,Vast White Pokémon,3,120,Slow,0,1,0,0,1,1,No Preevolution,1.0,1.0,1.0,1.0,2.0,2.0,0.5,1.0,0.5,0.25,1.0,0.25,0.5,1.0,1.0,2.0,1.0,1.0,Turboblaze,None,1,No Eggs Discovered,No Eggs Discovered,0,91,125,0.728
708,Zekrom,Dragon,Electric,None,5,100.0,150.0,120.0,120.0,100.0,90.0,680.0,345.0,2.9,0.5,Deep Black Pokémon,3,120,Slow,0,1,0,0,1,1,No Preevolution,1.0,1.0,0.5,1.0,2.0,1.0,1.0,1.0,0.5,0.5,0.5,0.5,0.25,1.0,2.0,2.0,1.0,2.0,Teravolt,None,1,No Eggs Discovered,No Eggs Discovered,0,100,154,0.649351
709,Landorus Incarnate Forme,Ground,Flying,Sheer Force,5,89.0,125.0,90.0,115.0,80.0,101.0,600.0,68.0,1.5,1.0,Abundance Pokémon,3,120,Slow,90,1,0,0,1,1,No Preevolution,1.0,0.5,1.0,0.5,0.0,1.0,0.5,1.0,1.0,1.0,2.0,1.0,0.0,1.0,4.0,1.0,1.0,1.0,Sand Force,None,0,No Eggs Discovered,No Eggs Discovered,0,89,102,0.872549
710,Landorus Therian Forme,Ground,Flying,None,5,89.0,145.0,90.0,105.0,80.0,91.0,600.0,68.0,1.5,1.0,Abundance Pokémon,3,120,Slow,90,1,0,0,1,1,No Preevolution,1.0,0.5,1.0,0.5,0.0,1.0,0.5,1.0,1.0,1.0,2.0,1.0,0.0,1.0,4.0,1.0,1.0,1.0,Intimidate,None,0,No Eggs Discovered,No Eggs Discovered,0,112,131,0.854962
711,Kyurem,Dragon,Ice,None,5,125.0,130.0,90.0,130.0,90.0,95.0,660.0,325.0,3.0,0.5,Boundary Pokémon,3,120,Slow,0,1,0,0,1,1,No Preevolution,1.0,2.0,1.0,1.0,1.0,2.0,1.0,1.0,2.0,1.0,0.5,0.5,0.5,1.0,1.0,2.0,1.0,2.0,Pressure,None,1,No Eggs Discovered,No Eggs Discovered,0,99,128,0.773438
712,Kyurem Black Kyurem,Dragon,Ice,None,5,125.0,170.0,100.0,120.0,90.0,95.0,700.0,325.0,3.0,0.5,Boundary Pokémon,3,120,Slow,0,1,0,0,1,1,No Preevolution,1.0,2.0,1.0,1.0,1.0,2.0,1.0,1.0,2.0,1.0,0.5,0.5,0.5,1.0,1.0,2.0,1.0,2.0,Teravolt,None,1,No Eggs Discovered,No Eggs Discovered,0,77,100,0.77
713,Kyurem White Kyurem,Dragon,Ice,None,5,125.0,120.0,90.0,170.0,100.0,95.0,700.0,325.0,3.0,0.5,Boundary Pokémon,3,120,Slow,0,1,0,0,1,1,No Preevolution,1.0,2.0,1.0,1.0,1.0,2.0,1.0,1.0,2.0,1.0,0.5,0.5,0.5,1.0,1.0,2.0,1.0,2.0,Turboblaze,None,1,No Eggs Discovered,No Eggs Discovered,0,100,128,0.78125
714,Keldeo Ordinary Forme,Water,Fighting,None,5,91.0,72.0,90.0,129.0,90.0,108.0,580.0,48.5,1.4,0.5,Colt Pokémon,3,80,Slow,35,0,1,0,1,1,No Preevolution,1.0,1.0,2.0,1.0,1.0,0.5,0.5,1.0,0.5,0.5,0.5,2.0,2.0,2.0,0.5,1.0,0.5,2.0,Justified,None,1,No Eggs Discovered,No Eggs Discovered,0,100,116,0.862069
715,Keldeo Resolute Forme,Water,Fighting,None,5,91.0,72.0,90.0,129.0,90.0,108.0,580.0,48.5,1.4,0.5,Colt Pokémon,3,80,Slow,35,0,1,0,1,1,No Preevolution,1.0,1.0,2.0,1.0,1.0,0.5,0.5,1.0,0.5,0.5,0.5,2.0,2.0,2.0,0.5,1.0,0.5,2.0,Justified,None,1,No Eggs Discovered,No Eggs Discovered,0,108,121,0.892562
716,Meloetta Aria Forme,Normal,Psychic,None,5,100.0,77.0,77.0,128.0,128.0,90.0,600.0,6.5,0.6,0.5,Melody Pokémon,3,120,Slow,100,0,1,0,1,1,No Preevolution,1.0,1.0,1.0,1.0,1.0,1.0,2.0,0.0,1.0,1.0,1.0,1.0,1.0,0.5,1.0,1.0,2.0,1.0,Serene Grace,None,1,No Eggs Discovered,No Eggs Discovered,0,98,142,0.690141
717,Meloetta Pirouette Forme,Normal,Fighting,None,5,100.0,128.0,90.0,77.0,77.0,128.0,600.0,6.5,0.6,0.5,Melody Pokémon,3,120,Slow,100,0,1,0,1,1,No Preevolution,1.0,2.0,2.0,1.0,1.0,0.5,0.5,0.0,1.0,1.0,1.0,1.0,1.0,2.0,1.0,1.0,0.5,2.0,Serene Grace,None,1,No Eggs Discovered,No Eggs Discovered,0,118,123,0.95935
718,Genesect,Bug,Steel,None,5,71.0,120.0,95.0,120.0,95.0,99.0,600.0,82.5,1.5,0.5,Paleozoic Pokémon,3,120,Slow,0,0,1,0,1,1,No Preevolution,0.5,1.0,1.0,0.0,1.0,1.0,0.5,1.0,0.5,4.0,1.0,0.25,1.0,0.5,0.5,0.5,1.0,0.5,Download,None,1,No Eggs Discovered,No Eggs Discovered,0,105,128,0.820312
719,Chespin,Grass,Grass,Bulletproof,6,56.0,61.0,65.0,48.0,45.0,38.0,313.0,9.0,0.4,0.875,Spiny Nut Pokémon,45,20,Medium Slow,70,0,0,0,1,3,No Preevolution,1.0,1.0,2.0,2.0,0.5,1.0,2.0,1.0,1.0,2.0,0.5,0.5,0.5,1.0,2.0,1.0,1.0,1.0,Overgrow,None,0,Field,No Eggs Discovered,0,26,148,0.175676
720,Quilladin,Grass,Grass,Bulletproof,6,61.0,78.0,95.0,56.0,58.0,57.0,405.0,29.0,0.7,0.875,Spiny Armor Pokémon,45,20,Medium Slow,70,0,0,0,2,3,Chespin,1.0,1.0,2.0,2.0,0.5,1.0,2.0,1.0,1.0,2.0,0.5,0.5,0.5,1.0,2.0,1.0,1.0,1.0,Overgrow,None,0,Field,No Eggs Discovered,0,48,119,0.403361
721,Chesnaught,Grass,Fighting,Bulletproof,6,88.0,107.0,122.0,74.0,75.0,64.0,530.0,90.0,1.6,0.875,Spiny Armor Pokémon,45,20,Medium Slow,70,0,0,0,3,3,Quilladin,1.0,1.0,4.0,2.0,0.5,0.5,1.0,1.0,1.0,2.0,0.5,0.5,0.5,2.0,2.0,1.0,0.5,2.0,Overgrow,None,0,Field,No Eggs Discovered,0,57,124,0.459677
722,Fennekin,Fire,Fire,Magician,6,40.0,45.0,40.0,62.0,60.0,60.0,307.0,9.4,0.4,0.875,Fox Pokémon,45,20,Medium Slow,70,0,0,0,1,3,No Preevolution,1.0,1.0,1.0,1.0,2.0,2.0,0.5,1.0,0.5,0.5,2.0,0.5,1.0,1.0,0.5,1.0,1.0,0.5,Blaze,None,0,Field,No Eggs Discovered,0,41,121,0.338843
723,Braixen,Fire,Fire,Magician,6,59.0,59.0,58.0,90.0,70.0,73.0,409.0,14.5,1.0,0.875,Fox Pokémon,45,20,Medium Slow,70,0,0,0,2,3,Fennekin,1.0,1.0,1.0,1.0,2.0,2.0,0.5,1.0,0.5,0.5,2.0,0.5,1.0,1.0,0.5,1.0,1.0,0.5,Blaze,None,0,Field,No Eggs Discovered,0,67,115,0.582609
724,Delphox,Fire,Psychic,Magician,6,75.0,69.0,72.0,114.0,100.0,104.0,534.0,39.0,1.5,0.875,Fox Pokémon,45,20,Medium Slow,70,0,0,0,3,3,Braixen,1.0,0.5,1.0,1.0,2.0,2.0,1.0,2.0,0.5,0.5,2.0,0.5,1.0,0.5,0.5,1.0,2.0,0.5,Blaze,None,0,Field,No Eggs Discovered,0,104,126,0.825397
725,Froakie,Water,Water,Protean,6,41.0,56.0,40.0,62.0,44.0,71.0,314.0,7.0,0.3,0.875,Bubble Frog Pokémon,45,20,Medium Slow,70,0,0,0,1,3,No Preevolution,1.0,1.0,1.0,1.0,1.0,1.0,1.0,1.0,0.5,0.5,0.5,2.0,2.0,1.0,0.5,1.0,1.0,1.0,Torrent,None,0,Water 1,No Eggs Discovered,0,71,125,0.568
726,Frogadier,Water,Water,Protean,6,54.0,63.0,52.0,83.0,56.0,97.0,405.0,10.9,0.6,0.875,Bubble Frog Pokémon,45,20,Medium Slow,70,0,0,0,2,3,Froakie,1.0,1.0,1.0,1.0,1.0,1.0,1.0,1.0,0.5,0.5,0.5,2.0,2.0,1.0,0.5,1.0,1.0,1.0,Torrent,None,0,Water 1,No Eggs Discovered,0,107,139,0.769784
727,Greninja,Water,Dark,Protean,6,72.0,95.0,67.0,103.0,71.0,122.0,530.0,40.0,1.5,0.875,Ninja Pokémon,45,20,Medium Slow,70,0,0,0,3,3,Frogadier,1.0,2.0,1.0,1.0,1.0,1.0,2.0,0.5,0.5,0.5,0.5,2.0,2.0,0.0,0.5,1.0,0.5,2.0,Torrent,None,0,Water 1,No Eggs Discovered,0,122,127,0.96063
728,Bunnelby,Normal,Normal,Huge Power,6,38.0,36.0,38.0,32.0,36.0,57.0,237.0,5.0,0.4,0.5,Digging Pokémon,255,15,Medium Fast,70,0,0,0,1,2,No Preevolution,1.0,2.0,1.0,1.0,1.0,1.0,1.0,0.0,1.0,1.0,1.0,1.0,1.0,1.0,1.0,1.0,1.0,1.0,Pickup,Cheek Pouch,0,Field,No Eggs Discovered,0,44,113,0.389381
729,Diggersby,Normal,Ground,Huge Power,6,85.0,56.0,77.0,50.0,77.0,78.0,423.0,42.4,1.0,0.5,Digging Pokémon,127,15,Medium Fast,70,0,0,0,2,2,Bunnelby,1.0,2.0,1.0,0.5,1.0,0.5,1.0,0.0,1.0,1.0,2.0,2.0,0.0,1.0,2.0,1.0,1.0,1.0,Pickup,Cheek Pouch,0,Field,No Eggs Discovered,0,68,128,0.53125
730,Fletchling,Normal,Flying,Gale Wings,6,45.0,50.0,43.0,40.0,38.0,62.0,278.0,1.7,0.3,0.5,Tiny Robin Pokémon,255,15,Medium Slow,70,0,0,0,1,3,No Preevolution,1.0,1.0,1.0,1.0,0.0,2.0,0.5,0.0,1.0,1.0,1.0,0.5,2.0,1.0,2.0,1.0,1.0,1.0,Big Pecks,None,0,Flying,No Eggs Discovered,0,55,136,0.404412
731,Fletchinder,Fire,Flying,Gale Wings,6,62.0,73.0,55.0,56.0,52.0,84.0,382.0,16.0,0.7,0.5,Ember Pokémon,120,15,Medium Slow,70,0,0,0,2,3,Fletchling,1.0,0.5,1.0,1.0,0.0,4.0,0.25,1.0,0.5,0.5,2.0,0.25,2.0,1.0,1.0,1.0,1.0,0.5,Flame Body,None,0,Flying,No Eggs Discovered,0,92,127,0.724409
732,Talonflame,Fire,Flying,Gale Wings,6,78.0,81.0,71.0,74.0,69.0,126.0,499.0,24.5,1.2,0.5,Scorching Pokémon,45,15,Medium Slow,70,0,0,0,3,3,Fletchinder,1.0,0.5,1.0,1.0,0.0,4.0,0.25,1.0,0.5,0.5,2.0,0.25,2.0,1.0,1.0,1.0,1.0,0.5,Flame Body,None,0,Flying,No Eggs Discovered,0,120,132,0.909091
733,Scatterbug,Bug,Bug,Friend Guard,6,38.0,35.0,40.0,27.0,25.0,35.0,200.0,2.5,0.3,0.5,Scatterdust Pokémon,255,15,Medium Fast,70,0,0,0,1,3,No Preevolution,1.0,0.5,2.0,1.0,0.5,2.0,1.0,1.0,1.0,2.0,1.0,0.5,1.0,1.0,1.0,1.0,1.0,1.0,Shield Dust,Compound Eyes,0,Bug,No Eggs Discovered,0,11,134,0.08209
734,Spewpa,Bug,Bug,Friend Guard,6,45.0,22.0,60.0,27.0,30.0,29.0,213.0,8.4,0.3,0.5,Scatterdust Pokémon,120,15,Medium Fast,70,0,0,0,2,3,Scatterbug,1.0,0.5,2.0,1.0,0.5,2.0,1.0,1.0,1.0,2.0,1.0,0.5,1.0,1.0,1.0,1.0,1.0,1.0,Shed Skin,None,0,Bug,No Eggs Discovered,0,10,133,0.075188
735,Vivillon,Bug,Flying,Friend Guard,6,80.0,52.0,50.0,90.0,50.0,89.0,411.0,17.0,1.2,0.5,Scale Pokémon,45,15,Medium Fast,70,0,0,0,3,3,Spewpa,1.0,0.25,2.0,1.0,0.0,4.0,0.5,1.0,1.0,2.0,1.0,0.25,2.0,1.0,2.0,1.0,1.0,1.0,Shield Dust,Compound Eyes,0,Bug,No Eggs Discovered,0,80,120,0.666667
736,Litleo,Fire,Normal,Moxie,6,62.0,50.0,58.0,73.0,54.0,72.0,369.0,13.5,0.6,0.125,Lion Cub Pokémon,220,20,Medium Slow,70,0,0,0,1,2,No Preevolution,1.0,2.0,1.0,1.0,2.0,2.0,0.5,0.0,0.5,0.5,2.0,0.5,1.0,1.0,0.5,1.0,1.0,0.5,Rivalry,Unnerve,0,Field,No Eggs Discovered,0,55,124,0.443548
737,Pyroar,Fire,Normal,Moxie,6,86.0,68.0,72.0,109.0,66.0,106.0,507.0,81.5,1.5,0.125,Royal Pokémon,65,20,Medium Slow,70,0,0,0,2,2,Litleo,1.0,2.0,1.0,1.0,2.0,2.0,0.5,0.0,0.5,0.5,2.0,0.5,1.0,1.0,0.5,1.0,1.0,0.5,Rivalry,Unnerve,0,Field,No Eggs Discovered,0,98,121,0.809917
738,Flabébé,Fairy,Fairy,Symbiosis,6,44.0,38.0,39.0,61.0,79.0,42.0,303.0,0.1,0.1,0.0,Single Bloom Pokémon,225,20,Medium Fast,70,0,0,0,1,3,No Preevolution,1.0,0.5,1.0,2.0,1.0,1.0,0.5,1.0,2.0,1.0,1.0,1.0,1.0,1.0,1.0,0.0,0.5,1.0,Flower Veil,None,0,Fairy,No Eggs Discovered,0,34,151,0.225166
739,Floette,Fairy,Fairy,Symbiosis,6,74.0,65.0,67.0,125.0,128.0,92.0,551.0,0.9,0.2,0.0,Single Bloom Pokémon,120,20,Medium Fast,70,0,0,0,2,3,Flabébé,1.0,0.5,1.0,2.0,1.0,1.0,0.5,1.0,2.0,1.0,1.0,1.0,1.0,1.0,1.0,0.0,0.5,1.0,Flower Veil,None,0,Fairy,No Eggs Discovered,0,48,121,0.396694
740,Florges,Fairy,Fairy,Symbiosis,6,78.0,65.0,68.0,112.0,154.0,75.0,552.0,10.0,1.1,0.0,Garden Pokémon,45,20,Medium Fast,70,0,0,0,3,3,Floette,1.0,0.5,1.0,2.0,1.0,1.0,0.5,1.0,2.0,1.0,1.0,1.0,1.0,1.0,1.0,0.0,0.5,1.0,Flower Veil,None,0,Fairy,No Eggs Discovered,0,76,121,0.628099
741,Skiddo,Grass,Grass,Grass Pelt,6,66.0,65.0,48.0,62.0,57.0,52.0,350.0,31.0,0.9,0.5,Mount Pokémon,200,20,Medium Fast,70,0,0,0,1,2,No Preevolution,1.0,1.0,2.0,2.0,0.5,1.0,2.0,1.0,1.0,2.0,0.5,0.5,0.5,1.0,2.0,1.0,1.0,1.0,Sap Sipper,None,0,Field,No Eggs Discovered,0,46,127,0.362205
742,Gogoat,Grass,Grass,Grass Pelt,6,123.0,100.0,62.0,97.0,81.0,68.0,531.0,91.0,1.7,0.5,Mount Pokémon,45,20,Medium Fast,70,0,0,0,2,2,Skiddo,1.0,1.0,2.0,2.0,0.5,1.0,2.0,1.0,1.0,2.0,0.5,0.5,0.5,1.0,2.0,1.0,1.0,1.0,Sap Sipper,None,0,Field,No Eggs Discovered,0,62,129,0.48062
743,Pancham,Fighting,Fighting,Scrappy,6,67.0,82.0,62.0,46.0,48.0,43.0,348.0,8.0,0.6,0.5,Playful Pokémon,220,25,Medium Fast,70,0,0,0,1,2,No Preevolution,1.0,1.0,2.0,1.0,1.0,0.5,0.5,1.0,1.0,1.0,1.0,1.0,1.0,2.0,1.0,1.0,0.5,2.0,Iron Fist,Mold Breaker,0,Field,Human-Like,0,26,118,0.220339
744,Pangoro,Fighting,Dark,Scrappy,6,95.0,124.0,78.0,69.0,71.0,58.0,495.0,136.0,2.1,0.5,Daunting Pokémon,65,25,Medium Fast,70,0,0,0,2,2,Pancham,1.0,2.0,2.0,1.0,1.0,0.5,1.0,0.5,1.0,1.0,1.0,1.0,1.0,0.0,1.0,1.0,0.25,4.0,Iron Fist,Mold Breaker,0,Field,Human-Like,0,46,123,0.373984
745,Furfrou,Normal,Normal,None,6,75.0,80.0,60.0,65.0,90.0,102.0,472.0,28.0,1.2,0.5,Poodle Pokémon,160,20,Medium Fast,70,0,0,0,1,1,No Preevolution,1.0,2.0,1.0,1.0,1.0,1.0,1.0,0.0,1.0,1.0,1.0,1.0,1.0,1.0,1.0,1.0,1.0,1.0,Fur Coat,None,0,Field,No Eggs Discovered,0,113,131,0.862595
746,Espurr,Psychic,Psychic,Own Tempo,6,62.0,48.0,54.0,63.0,60.0,68.0,355.0,3.5,0.3,0.5,Restraint Pokémon,190,20,Medium Fast,70,0,0,0,1,2,No Preevolution,1.0,0.5,1.0,1.0,1.0,1.0,2.0,2.0,1.0,1.0,1.0,1.0,1.0,0.5,1.0,1.0,2.0,1.0,Keen Eye,Infiltrator,0,Field,No Eggs Discovered,0,58,112,0.517857
747,Meowstic Male,Psychic,Psychic,None,6,74.0,48.0,76.0,83.0,81.0,104.0,466.0,8.5,0.6,0.5,Constraint Pokémon,75,20,Medium Fast,70,0,0,0,2,2,Espurr,1.0,0.5,1.0,1.0,1.0,1.0,2.0,2.0,1.0,1.0,1.0,1.0,1.0,0.5,1.0,1.0,2.0,1.0,Keen Eye,Infiltrator,0,Field,No Eggs Discovered,0,91,115,0.791304
748,Meowstic Female,Psychic,Psychic,None,6,74.0,48.0,76.0,83.0,81.0,104.0,466.0,8.5,0.6,0.5,Constraint Pokémon,75,20,Medium Fast,70,0,0,0,2,2,Espurr,1.0,0.5,1.0,1.0,1.0,1.0,2.0,2.0,1.0,1.0,1.0,1.0,1.0,0.5,1.0,1.0,2.0,1.0,Keen Eye,Infiltrator,0,Field,No Eggs Discovered,0,93,127,0.732283
749,Honedge,Steel,Ghost,None,6,45.0,80.0,100.0,35.0,37.0,28.0,325.0,2.0,0.8,0.5,Sword Pokémon,180,20,Medium Fast,70,0,0,0,1,3,No Preevolution,0.0,0.0,0.5,0.0,2.0,0.5,0.25,2.0,0.5,2.0,1.0,0.5,1.0,0.5,0.5,0.5,2.0,0.5,No Guard,None,0,Mineral,No Eggs Discovered,0,35,112,0.3125
750,Doublade,Steel,Ghost,None,6,59.0,110.0,150.0,45.0,49.0,35.0,448.0,4.5,0.8,0.5,Sword Pokémon,90,20,Medium Fast,70,0,0,0,2,3,Honedge,0.0,0.0,0.5,0.0,2.0,0.5,0.25,2.0,0.5,2.0,1.0,0.5,1.0,0.5,0.5,0.5,2.0,0.5,No Guard,None,0,Mineral,No Eggs Discovered,0,44,132,0.333333
751,Aegislash Blade Forme,Steel,Ghost,None,6,60.0,140.0,50.0,140.0,50.0,60.0,500.0,53.0,1.7,0.5,Royal Sword Pokémon,45,20,Medium Fast,70,0,0,0,3,3,Doublade,0.0,0.0,0.5,0.0,2.0,0.5,0.25,2.0,0.5,2.0,1.0,0.5,1.0,0.5,0.5,0.5,2.0,0.5,Stance Change,None,0,Mineral,No Eggs Discovered,0,64,128,0.5
752,Aegislash Shield Forme,Steel,Ghost,None,6,60.0,50.0,140.0,50.0,140.0,60.0,500.0,53.0,1.7,0.5,Royal Sword Pokémon,45,20,Medium Fast,70,0,0,0,3,3,Doublade,0.0,0.0,0.5,0.0,2.0,0.5,0.25,2.0,0.5,2.0,1.0,0.5,1.0,0.5,0.5,0.5,2.0,0.5,Stance Change,None,0,Mineral,No Eggs Discovered,0,63,121,0.520661
753,Spritzee,Fairy,Fairy,Aroma Veil,6,78.0,52.0,60.0,63.0,65.0,23.0,341.0,0.5,0.2,0.5,Perfume Pokémon,200,20,Medium Fast,70,0,0,0,1,2,No Preevolution,1.0,0.5,1.0,2.0,1.0,1.0,0.5,1.0,2.0,1.0,1.0,1.0,1.0,1.0,1.0,0.0,0.5,1.0,Healer,None,0,Fairy,No Eggs Discovered,0,8,133,0.06015
754,Aromatisse,Fairy,Fairy,Aroma Veil,6,101.0,72.0,72.0,99.0,89.0,29.0,462.0,15.5,0.8,0.5,Fragrance Pokémon,140,20,Medium Fast,70,0,0,0,2,2,Spritzee,1.0,0.5,1.0,2.0,1.0,1.0,0.5,1.0,2.0,1.0,1.0,1.0,1.0,1.0,1.0,0.0,0.5,1.0,Healer,None,0,Fairy,No Eggs Discovered,0,25,129,0.193798
755,Swirlix,Fairy,Fairy,Unburden,6,62.0,48.0,66.0,59.0,57.0,49.0,341.0,3.5,0.4,0.5,Cotton Candy Pokémon,200,20,Medium Fast,70,0,0,0,1,2,No Preevolution,1.0,0.5,1.0,2.0,1.0,1.0,0.5,1.0,2.0,1.0,1.0,1.0,1.0,1.0,1.0,0.0,0.5,1.0,Sweet Veil,None,0,Fairy,No Eggs Discovered,0,41,121,0.338843
756,Slurpuff,Fairy,Fairy,Unburden,6,82.0,80.0,86.0,85.0,75.0,72.0,480.0,5.0,0.8,0.5,Meringue Pokémon,140,20,Medium Fast,70,0,0,0,2,2,Swirlix,1.0,0.5,1.0,2.0,1.0,1.0,0.5,1.0,2.0,1.0,1.0,1.0,1.0,1.0,1.0,0.0,0.5,1.0,Sweet Veil,None,0,Fairy,No Eggs Discovered,0,81,131,0.618321
757,Inkay,Dark,Psychic,Infiltrator,6,53.0,54.0,53.0,37.0,46.0,45.0,288.0,3.5,0.4,0.5,Revolving Pokémon,190,20,Medium Fast,70,0,0,0,1,2,No Preevolution,1.0,1.0,1.0,1.0,1.0,1.0,4.0,1.0,1.0,1.0,1.0,1.0,1.0,0.0,1.0,1.0,1.0,2.0,Contrary,Suction Cups,0,Water 1,Water 2,0,34,110,0.309091
758,Malamar,Dark,Psychic,Infiltrator,6,86.0,92.0,88.0,68.0,75.0,73.0,482.0,47.0,1.5,0.5,Overturning Pokémon,80,20,Medium Fast,70,0,0,0,2,2,Inkay,1.0,1.0,1.0,1.0,1.0,1.0,4.0,1.0,1.0,1.0,1.0,1.0,1.0,0.0,1.0,1.0,1.0,2.0,Contrary,Suction Cups,0,Water 1,Water 2,0,108,158,0.683544
759,Binacle,Rock,Water,Pickpocket,6,42.0,52.0,67.0,39.0,56.0,50.0,306.0,31.0,0.5,0.5,Two-Handed Pokémon,120,20,Medium Fast,70,0,0,0,1,2,No Preevolution,0.5,2.0,0.5,0.5,2.0,1.0,1.0,1.0,1.0,0.25,1.0,4.0,2.0,1.0,0.5,1.0,1.0,1.0,Tough Claws,Sniper,0,Water 3,No Eggs Discovered,0,37,129,0.286822
760,Barbaracle,Rock,Water,Pickpocket,6,72.0,105.0,115.0,54.0,86.0,68.0,500.0,96.0,1.3,0.5,Collective Pokémon,45,20,Medium Fast,70,0,0,0,2,2,Binacle,0.5,2.0,0.5,0.5,2.0,1.0,1.0,1.0,1.0,0.25,1.0,4.0,2.0,1.0,0.5,1.0,1.0,1.0,Tough Claws,Sniper,0,Water 3,No Eggs Discovered,0,69,134,0.514925
761,Skrelp,Poison,Water,Adaptability,6,50.0,60.0,60.0,60.0,60.0,30.0,320.0,7.3,0.5,0.5,Mock Kelp Pokémon,225,20,Medium Fast,70,0,0,0,1,2,No Preevolution,1.0,0.5,1.0,0.5,2.0,1.0,0.5,1.0,0.5,0.5,0.5,1.0,2.0,2.0,0.5,1.0,1.0,0.5,Poison Point,Poison Touch,0,Water 1,Dragon,0,14,124,0.112903
762,Dragalge,Poison,Dragon,Adaptability,6,65.0,75.0,90.0,97.0,123.0,44.0,494.0,81.5,1.8,0.5,Mock Kelp Pokémon,55,20,Medium Fast,70,0,0,0,2,2,Skrelp,1.0,0.5,1.0,0.5,2.0,1.0,0.5,1.0,1.0,0.5,0.5,0.25,0.5,2.0,2.0,2.0,1.0,1.0,Poison Point,Poison Touch,0,Water 1,Dragon,0,31,156,0.198718
763,Clauncher,Water,Water,None,6,50.0,53.0,62.0,58.0,63.0,44.0,330.0,8.3,0.5,0.5,Water Gun Pokémon,225,15,Slow,70,0,0,0,1,2,No Preevolution,1.0,1.0,1.0,1.0,1.0,1.0,1.0,1.0,0.5,0.5,0.5,2.0,2.0,1.0,0.5,1.0,1.0,1.0,Mega Launcher,None,0,Water 1,Water 3,0,17,124,0.137097
764,Clawitzer,Water,Water,None,6,71.0,73.0,88.0,120.0,89.0,59.0,500.0,35.3,1.3,0.5,Howitzer Pokémon,55,15,Slow,70,0,0,0,2,2,Clauncher,1.0,1.0,1.0,1.0,1.0,1.0,1.0,1.0,0.5,0.5,0.5,2.0,2.0,1.0,0.5,1.0,1.0,1.0,Mega Launcher,None,0,Water 1,Water 3,0,64,147,0.435374
765,Helioptile,Electric,Normal,Solar Power,6,44.0,38.0,33.0,61.0,43.0,70.0,289.0,6.0,0.5,0.5,Generator Pokémon,190,20,Medium Fast,70,0,0,0,1,2,No Preevolution,1.0,2.0,0.5,1.0,2.0,1.0,1.0,0.0,0.5,1.0,1.0,1.0,0.5,1.0,1.0,1.0,1.0,1.0,Dry Skin,Sand Veil,0,Monster,Dragon,0,59,112,0.526786
766,Heliolisk,Electric,Normal,Solar Power,6,62.0,55.0,52.0,109.0,94.0,109.0,481.0,21.0,1.0,0.5,Generator Pokémon,75,20,Medium Fast,70,0,0,0,2,2,Helioptile,1.0,2.0,0.5,1.0,2.0,1.0,1.0,0.0,0.5,1.0,1.0,1.0,0.5,1.0,1.0,1.0,1.0,1.0,Dry Skin,Sand Veil,0,Monster,Dragon,0,94,120,0.783333
767,Tyrunt,Rock,Dragon,Sturdy,6,58.0,89.0,77.0,45.0,45.0,48.0,362.0,26.0,0.8,0.875,Royal Heir Pokémon,45,30,Medium Fast,70,0,0,0,1,2,No Preevolution,0.5,2.0,0.5,0.5,2.0,1.0,1.0,1.0,2.0,0.25,1.0,1.0,0.5,1.0,2.0,2.0,1.0,2.0,Strong Jaw,None,0,Monster,Dragon,0,34,107,0.317757
768,Tyrantrum,Rock,Dragon,Rock Head,6,82.0,121.0,119.0,69.0,59.0,71.0,521.0,270.0,2.5,0.875,Despot Pokémon,45,30,Medium Fast,70,0,0,0,2,2,Tyrunt,0.5,2.0,0.5,0.5,2.0,1.0,1.0,1.0,2.0,0.25,1.0,1.0,0.5,1.0,2.0,2.0,1.0,2.0,Strong Jaw,None,0,Monster,Dragon,0,82,152,0.539474
769,Amaura,Rock,Ice,Snow Warning,6,77.0,59.0,50.0,67.0,63.0,46.0,362.0,25.2,1.3,0.875,Tundra Pokémon,45,30,Medium Fast,70,0,0,0,1,2,No Preevolution,0.5,4.0,0.5,0.5,2.0,2.0,1.0,1.0,4.0,1.0,2.0,2.0,1.0,1.0,0.5,1.0,1.0,1.0,Refrigerate,None,0,Monster,No Eggs Discovered,0,28,121,0.231405
770,Aurorus,Rock,Ice,Snow Warning,6,123.0,77.0,72.0,99.0,92.0,58.0,521.0,225.0,2.7,0.875,Tundra Pokémon,45,30,Medium Fast,70,0,0,0,2,2,Amaura,0.5,4.0,0.5,0.5,2.0,2.0,1.0,1.0,4.0,1.0,2.0,2.0,1.0,1.0,0.5,1.0,1.0,1.0,Refrigerate,None,0,Monster,No Eggs Discovered,0,61,132,0.462121
771,Sylveon,Fairy,Fairy,Pixilate,6,95.0,65.0,65.0,110.0,130.0,60.0,525.0,23.5,1.0,0.875,Intertwining Pokémon,45,35,Medium Fast,70,0,0,0,2,2,Eevee,1.0,0.5,1.0,2.0,1.0,1.0,0.5,1.0,2.0,1.0,1.0,1.0,1.0,1.0,1.0,0.0,0.5,1.0,Cute Charm,None,0,Field,No Eggs Discovered,0,49,122,0.401639
772,Hawlucha,Fighting,Flying,Mold Breaker,6,78.0,92.0,75.0,74.0,63.0,118.0,500.0,21.5,0.8,0.5,Wrestling Pokémon,100,20,Medium Fast,70,0,0,0,1,1,No Preevolution,1.0,0.5,2.0,1.0,0.0,1.0,0.25,1.0,1.0,1.0,1.0,0.5,2.0,2.0,2.0,1.0,0.5,2.0,Limber,Unburden,0,Flying,Human-Like,0,107,121,0.884298
773,Dedenne,Electric,Fairy,Plus,6,67.0,58.0,57.0,81.0,67.0,101.0,431.0,2.2,0.2,0.5,Antenna Pokémon,180,20,Medium Fast,70,0,0,0,1,1,No Preevolution,1.0,0.5,0.5,2.0,2.0,1.0,0.5,1.0,1.0,1.0,1.0,1.0,0.5,1.0,1.0,0.0,0.5,1.0,Cheek Pouch,Pickup,0,Field,Fairy,0,109,124,0.879032
774,Carbink,Rock,Fairy,Sturdy,6,50.0,50.0,150.0,50.0,150.0,50.0,500.0,5.7,0.3,0.5,Jewel Pokémon,60,25,Slow,70,0,0,0,1,1,No Preevolution,0.5,1.0,0.5,1.0,2.0,1.0,0.5,1.0,4.0,0.5,2.0,2.0,1.0,1.0,1.0,0.0,0.5,1.0,Clear Body,None,1,Fairy,Mineral,0,36,140,0.257143
775,Goomy,Dragon,Dragon,Gooey,6,45.0,50.0,35.0,55.0,75.0,40.0,300.0,2.8,0.3,0.5,Soft Tissue Pokémon,45,40,Slow,35,0,0,0,1,3,No Preevolution,1.0,1.0,1.0,1.0,1.0,1.0,1.0,1.0,1.0,0.5,0.5,0.5,0.5,1.0,2.0,2.0,1.0,2.0,Sap Sipper,Hydration,0,Dragon,No Eggs Discovered,0,25,117,0.213675
776,Sliggoo,Dragon,Dragon,Gooey,6,68.0,75.0,53.0,83.0,113.0,60.0,452.0,17.5,0.8,0.5,Soft Tissue Pokémon,45,40,Slow,35,0,0,0,2,3,Goomy,1.0,1.0,1.0,1.0,1.0,1.0,1.0,1.0,1.0,0.5,0.5,0.5,0.5,1.0,2.0,2.0,1.0,2.0,Sap Sipper,Hydration,0,Dragon,No Eggs Discovered,0,59,130,0.453846
777,Goodra,Dragon,Dragon,Gooey,6,90.0,100.0,70.0,110.0,150.0,80.0,600.0,150.5,2.0,0.5,Dragon Pokémon,45,40,Slow,35,0,0,0,3,3,Sliggoo,1.0,1.0,1.0,1.0,1.0,1.0,1.0,1.0,1.0,0.5,0.5,0.5,0.5,1.0,2.0,2.0,1.0,2.0,Sap Sipper,Hydration,0,Dragon,No Eggs Discovered,0,64,106,0.603774
778,Klefki,Steel,Fairy,Magician,6,57.0,80.0,91.0,80.0,87.0,75.0,470.0,3.0,0.2,0.5,Key Ring Pokémon,75,20,Fast,70,0,0,0,1,1,No Preevolution,0.5,1.0,0.5,0.0,2.0,0.5,0.25,1.0,1.0,2.0,1.0,0.5,1.0,0.5,0.5,0.0,0.5,0.5,Prankster,None,0,Mineral,No Eggs Discovered,0,70,122,0.57377
779,Phantump,Ghost,Grass,Harvest,6,43.0,70.0,48.0,50.0,60.0,38.0,309.0,7.0,0.4,0.5,Stump Pokémon,120,20,Medium Fast,70,0,0,0,1,2,No Preevolution,0.0,0.0,2.0,1.0,0.5,1.0,1.0,2.0,1.0,2.0,0.5,0.5,0.5,1.0,2.0,1.0,2.0,1.0,Natural Cure,Frisk,0,Grass,Amorphous,0,33,138,0.23913
780,Trevenant,Ghost,Grass,Harvest,6,85.0,110.0,76.0,65.0,82.0,56.0,474.0,71.0,1.5,0.5,Elder Tree Pokémon,60,20,Medium Fast,70,0,0,0,2,2,Phantump,0.0,0.0,2.0,1.0,0.5,1.0,1.0,2.0,1.0,2.0,0.5,0.5,0.5,1.0,2.0,1.0,2.0,1.0,Natural Cure,Frisk,0,Grass,Amorphous,0,59,150,0.393333
781,Pumpkaboo Average Size,Ghost,Grass,Insomnia,6,49.0,66.0,70.0,44.0,55.0,51.0,335.0,5.0,0.4,0.5,Pumpkin Pokémon,120,20,Medium Fast,70,0,0,1,1,2,No Preevolution,0.0,0.0,2.0,1.0,0.5,1.0,1.0,2.0,1.0,2.0,0.5,0.5,0.5,1.0,2.0,1.0,2.0,1.0,Frisk,None,0,Amorphous,No Eggs Discovered,0,49,115,0.426087
782,Pumpkaboo Small Size,Ghost,Grass,Insomnia,6,44.0,66.0,70.0,44.0,55.0,56.0,335.0,3.5,0.3,0.5,Pumpkin Pokémon,120,20,Medium Fast,70,0,0,1,1,2,No Preevolution,0.0,0.0,2.0,1.0,0.5,1.0,1.0,2.0,1.0,2.0,0.5,0.5,0.5,1.0,2.0,1.0,2.0,1.0,Frisk,None,0,Amorphous,No Eggs Discovered,0,0,0,0.0
783,Pumpkaboo Large Size,Ghost,Grass,Insomnia,6,54.0,66.0,70.0,44.0,55.0,46.0,335.0,7.5,0.5,0.5,Pumpkin Pokémon,120,20,Medium Fast,70,0,0,1,1,2,No Preevolution,0.0,0.0,2.0,1.0,0.5,1.0,1.0,2.0,1.0,2.0,0.5,0.5,0.5,1.0,2.0,1.0,2.0,1.0,Frisk,None,0,Amorphous,No Eggs Discovered,0,51,121,0.421488
784,Pumpkaboo Super Size,Ghost,Grass,Insomnia,6,59.0,66.0,70.0,44.0,55.0,41.0,335.0,15.0,0.8,0.5,Pumpkin Pokémon,120,20,Medium Fast,70,0,0,1,1,2,No Preevolution,0.0,0.0,2.0,1.0,0.5,1.0,1.0,2.0,1.0,2.0,0.5,0.5,0.5,1.0,2.0,1.0,2.0,1.0,Frisk,None,0,Amorphous,No Eggs Discovered,0,33,131,0.251908
785,Gourgeist Average Size,Ghost,Grass,Insomnia,6,65.0,90.0,122.0,58.0,75.0,84.0,494.0,12.5,0.9,0.5,Pumpkin Pokémon,60,20,Medium Fast,70,0,0,1,2,2,Pumpkaboo Average Size,0.0,0.0,2.0,1.0,0.5,1.0,1.0,2.0,1.0,2.0,0.5,0.5,0.5,1.0,2.0,1.0,2.0,1.0,Frisk,None,0,Amorphous,No Eggs Discovered,0,92,128,0.71875
786,Gourgeist Small Size,Ghost,Grass,Insomnia,6,55.0,85.0,122.0,58.0,75.0,99.0,494.0,9.5,0.7,0.5,Pumpkin Pokémon,60,20,Medium Fast,70,0,0,1,2,2,Pumpkaboo Small Size,0.0,0.0,2.0,1.0,0.5,1.0,1.0,2.0,1.0,2.0,0.5,0.5,0.5,1.0,2.0,1.0,2.0,1.0,Frisk,None,0,Amorphous,No Eggs Discovered,0,98,121,0.809917
787,Gourgeist Large Size,Ghost,Grass,Insomnia,6,75.0,95.0,122.0,58.0,75.0,69.0,494.0,14.0,1.1,0.5,Pumpkin Pokémon,60,20,Medium Fast,70,0,0,1,2,2,Pumpkaboo Large Size,0.0,0.0,2.0,1.0,0.5,1.0,1.0,2.0,1.0,2.0,0.5,0.5,0.5,1.0,2.0,1.0,2.0,1.0,Frisk,None,0,Amorphous,No Eggs Discovered,0,71,124,0.572581
788,Gourgeist Super Size,Ghost,Grass,Insomnia,6,85.0,100.0,122.0,58.0,75.0,54.0,494.0,39.0,1.7,0.5,Pumpkin Pokémon,60,20,Medium Fast,70,0,0,1,2,2,Pumpkaboo Super Size,0.0,0.0,2.0,1.0,0.5,1.0,1.0,2.0,1.0,2.0,0.5,0.5,0.5,1.0,2.0,1.0,2.0,1.0,Frisk,None,0,Amorphous,No Eggs Discovered,0,52,132,0.393939
789,Bergmite,Ice,Ice,Sturdy,6,55.0,69.0,85.0,32.0,35.0,28.0,304.0,99.5,1.0,0.5,Ice Chunk Pokémon,190,20,Medium Fast,70,0,0,0,1,2,No Preevolution,1.0,2.0,1.0,1.0,1.0,2.0,1.0,1.0,2.0,2.0,1.0,1.0,1.0,1.0,0.5,1.0,1.0,1.0,Own Tempo,Ice Body,0,Monster,Mineral,0,12,129,0.093023
790,Avalugg,Ice,Ice,Sturdy,6,95.0,117.0,184.0,44.0,46.0,28.0,514.0,505.0,2.0,0.5,Iceberg Pokémon,55,20,Medium Fast,70,0,0,0,2,2,Bergmite,1.0,2.0,1.0,1.0,1.0,2.0,1.0,1.0,2.0,2.0,1.0,1.0,1.0,1.0,0.5,1.0,1.0,1.0,Own Tempo,Ice Body,0,Monster,Mineral,0,36,121,0.297521
791,Noibat,Flying,Dragon,Telepathy,6,40.0,30.0,35.0,45.0,40.0,55.0,245.0,8.0,0.5,0.5,Sound Wave Pokémon,190,20,Medium Fast,70,0,0,0,1,2,No Preevolution,1.0,0.5,1.0,1.0,0.0,2.0,0.5,1.0,1.0,0.5,0.5,0.25,1.0,1.0,4.0,2.0,1.0,2.0,Frisk,Infiltrator,0,Flying,Dragon,0,40,127,0.314961
792,Noivern,Flying,Dragon,Telepathy,6,85.0,70.0,80.0,97.0,80.0,123.0,535.0,85.0,1.5,0.5,Sound Wave Pokémon,45,20,Medium Fast,70,0,0,0,2,2,Noibat,1.0,0.5,1.0,1.0,0.0,2.0,0.5,1.0,1.0,0.5,0.5,0.25,1.0,1.0,4.0,2.0,1.0,2.0,Frisk,Infiltrator,0,Flying,Dragon,0,107,115,0.930435
793,Xerneas,Fairy,Fairy,None,6,126.0,131.0,95.0,131.0,98.0,99.0,680.0,215.0,3.0,0.5,Life Pokémon,45,120,Slow,0,1,0,0,1,1,No Preevolution,1.0,0.5,1.0,2.0,1.0,1.0,0.5,1.0,2.0,1.0,1.0,1.0,1.0,1.0,1.0,0.0,0.5,1.0,Fairy Aura,None,1,No Eggs Discovered,No Eggs Discovered,0,107,129,0.829457
794,Yveltal,Dark,Flying,None,6,126.0,131.0,95.0,131.0,98.0,99.0,680.0,203.0,5.8,0.5,Destruction Pokémon,45,120,Slow,0,1,0,0,1,1,No Preevolution,1.0,1.0,1.0,1.0,0.0,2.0,1.0,0.5,1.0,1.0,1.0,0.5,2.0,0.0,2.0,1.0,0.5,2.0,Dark Aura,None,1,No Eggs Discovered,No Eggs Discovered,0,111,137,0.810219
795,Zygarde Half Forme,Dragon,Ground,None,6,108.0,100.0,121.0,81.0,95.0,95.0,600.0,305.0,5.0,0.5,Order Pokémon,3,120,Slow,0,1,0,0,1,1,No Preevolution,1.0,1.0,1.0,0.5,1.0,0.5,1.0,1.0,1.0,0.5,1.0,1.0,0.0,1.0,4.0,2.0,1.0,2.0,Aura Break,Power Construct,1,No Eggs Discovered,No Eggs Discovered,0,80,107,0.747664
796,Diancie,Rock,Fairy,None,6,50.0,100.0,150.0,100.0,150.0,50.0,600.0,8.8,0.7,0.5,Jewel Pokémon,3,25,Slow,70,0,1,1,1,1,No Preevolution,0.5,1.0,0.5,1.0,2.0,1.0,0.5,1.0,4.0,0.5,2.0,2.0,1.0,1.0,1.0,0.0,0.5,1.0,Clear Body,None,1,No Eggs Discovered,No Eggs Discovered,0,39,105,0.371429
797,Mega Diancie,Rock,Fairy,None,6,50.0,160.0,110.0,160.0,110.0,110.0,700.0,27.8,1.1,0.5,Jewel Pokémon,3,25,Slow,0,0,1,1,1,1,Diancie,0.5,1.0,0.5,1.0,2.0,1.0,0.5,1.0,4.0,0.5,2.0,2.0,1.0,1.0,1.0,0.0,0.5,1.0,Magic Bounce,None,1,No Eggs Discovered,No Eggs Discovered,1,116,131,0.885496
798,Hoopa Confined,Psychic,Ghost,None,6,80.0,110.0,60.0,150.0,130.0,70.0,600.0,9.0,0.5,0.5,Mischief Pokémon,3,120,Slow,100,0,1,0,1,1,No Preevolution,0.0,0.0,1.0,0.5,1.0,1.0,1.0,4.0,1.0,1.0,1.0,1.0,1.0,0.5,1.0,1.0,4.0,1.0,Magician,None,1,No Eggs Discovered,No Eggs Discovered,0,60,119,0.504202
799,Hoopa Unbound,Psychic,Dark,None,6,80.0,160.0,60.0,170.0,130.0,80.0,680.0,9.0,0.5,0.5,Mischief Pokémon,3,120,Slow,100,0,1,0,1,1,No Preevolution,1.0,1.0,1.0,1.0,1.0,1.0,4.0,1.0,1.0,1.0,1.0,1.0,1.0,0.0,1.0,1.0,1.0,2.0,Magician,None,1,No Eggs Discovered,No Eggs Discovered,0,89,144,0.618056
800,Volcanion,Fire,Water,None,6,80.0,110.0,120.0,130.0,90.0,70.0,600.0,195.0,1.7,0.5,Steam Pokémon,3,120,Slow,100,0,1,0,1,1,No Preevolution,1.0,1.0,1.0,1.0,2.0,2.0,0.5,1.0,0.25,0.25,1.0,1.0,2.0,1.0,0.25,1.0,1.0,0.5,Water Absorb,None,1,No Eggs Discovered,No Eggs Discovered,0,75,121,0.619835
